ISO-10303-21;
HEADER;
FILE_DESCRIPTION(('KiCad electronic assembly'),'2;1');
FILE_NAME('TinkerNav.step','2026-01-09T18:55:52',('Pcbnew'),('Kicad'),
  'Open CASCADE STEP processor 7.8','KiCad to STEP converter','Unknown'
  );
FILE_SCHEMA(('AUTOMOTIVE_DESIGN { 1 0 10303 214 1 1 1 1 }'));
ENDSEC;
DATA;
#1 = APPLICATION_PROTOCOL_DEFINITION('international standard',
  'automotive_design',2000,#2);
#2 = APPLICATION_CONTEXT(
  'core data for automotive mechanical design processes');
#3 = SHAPE_DEFINITION_REPRESENTATION(#4,#10);
#4 = PRODUCT_DEFINITION_SHAPE('','',#5);
#5 = PRODUCT_DEFINITION('design','',#6,#9);
#6 = PRODUCT_DEFINITION_FORMATION('','',#7);
#7 = PRODUCT('TinkerNav 1','TinkerNav 1','',(#8));
#8 = PRODUCT_CONTEXT('',#2,'mechanical');
#9 = PRODUCT_DEFINITION_CONTEXT('part definition',#2,'design');
#10 = SHAPE_REPRESENTATION('',(#11,#15,#19,#23,#27,#31,#35,#39),#43);
#11 = AXIS2_PLACEMENT_3D('',#12,#13,#14);
#12 = CARTESIAN_POINT('',(0.,0.,0.));
#13 = DIRECTION('',(0.,0.,1.));
#14 = DIRECTION('',(1.,0.,-0.));
#15 = AXIS2_PLACEMENT_3D('',#16,#17,#18);
#16 = CARTESIAN_POINT('',(7.91,14.4,1.7));
#17 = DIRECTION('',(-0.,0.,1.));
#18 = DIRECTION('',(1.110223024625E-16,-1.,0.));
#19 = AXIS2_PLACEMENT_3D('',#20,#21,#22);
#20 = CARTESIAN_POINT('',(13.12,26.43,1.7));
#21 = DIRECTION('',(0.,0.,1.));
#22 = DIRECTION('',(-1.,1.224646799147E-16,0.));
#23 = AXIS2_PLACEMENT_3D('',#24,#25,#26);
#24 = CARTESIAN_POINT('',(9.8575,26.47,1.7));
#25 = DIRECTION('',(0.,0.,1.));
#26 = DIRECTION('',(-1.,1.224646799147E-16,0.));
#27 = AXIS2_PLACEMENT_3D('',#28,#29,#30);
#28 = CARTESIAN_POINT('',(7.4,11.73,1.7));
#29 = DIRECTION('',(0.,-0.,1.));
#30 = DIRECTION('',(1.110223024625E-16,1.,0.));
#31 = AXIS2_PLACEMENT_3D('',#32,#33,#34);
#32 = CARTESIAN_POINT('',(2.74,25.37875,-8.5E-02));
#33 = DIRECTION('',(1.499759782662E-32,1.224646799147E-16,-1.));
#34 = DIRECTION('',(-1.,1.224646799147E-16,0.));
#35 = AXIS2_PLACEMENT_3D('',#36,#37,#38);
#36 = CARTESIAN_POINT('',(22.52,25.54875,-8.5E-02));
#37 = DIRECTION('',(1.499759782662E-32,1.224646799147E-16,-1.));
#38 = DIRECTION('',(-1.,1.224646799147E-16,0.));
#39 = AXIS2_PLACEMENT_3D('',#40,#41,#42);
#40 = CARTESIAN_POINT('',(0.,0.,0.));
#41 = DIRECTION('',(0.,0.,1.));
#42 = DIRECTION('',(1.,0.,-0.));
#43 = ( GEOMETRIC_REPRESENTATION_CONTEXT(3) 
GLOBAL_UNCERTAINTY_ASSIGNED_CONTEXT((#47)) GLOBAL_UNIT_ASSIGNED_CONTEXT(
(#44,#45,#46)) REPRESENTATION_CONTEXT('Context #1',
  '3D Context with UNIT and UNCERTAINTY') );
#44 = ( LENGTH_UNIT() NAMED_UNIT(*) SI_UNIT(.MILLI.,.METRE.) );
#45 = ( NAMED_UNIT(*) PLANE_ANGLE_UNIT() SI_UNIT($,.RADIAN.) );
#46 = ( NAMED_UNIT(*) SI_UNIT($,.STERADIAN.) SOLID_ANGLE_UNIT() );
#47 = UNCERTAINTY_MEASURE_WITH_UNIT(LENGTH_MEASURE(1.E-07),#44,
  'distance_accuracy_value','confusion accuracy');
#48 = PRODUCT_RELATED_PRODUCT_CATEGORY('part',$,(#7));
#49 = SHAPE_DEFINITION_REPRESENTATION(#50,#56);
#50 = PRODUCT_DEFINITION_SHAPE('','',#51);
#51 = PRODUCT_DEFINITION('design','',#52,#55);
#52 = PRODUCT_DEFINITION_FORMATION('','',#53);
#53 = PRODUCT('C_0402_1005Metric','C_0402_1005Metric','',(#54));
#54 = PRODUCT_CONTEXT('',#2,'mechanical');
#55 = PRODUCT_DEFINITION_CONTEXT('part definition',#2,'design');
#56 = ADVANCED_BREP_SHAPE_REPRESENTATION('',(#11,#57),#911);
#57 = MANIFOLD_SOLID_BREP('',#58);
#58 = CLOSED_SHELL('',(#59,#135,#166,#191,#216,#240,#264,#289,#314,#331,
    #417,#449,#473,#498,#522,#547,#571,#596,#613,#699,#730,#755,#780,
    #804,#828,#853,#878,#895));
#59 = ADVANCED_FACE('',(#60),#130,.F.);
#60 = FACE_BOUND('',#61,.F.);
#61 = EDGE_LOOP('',(#62,#72,#81,#89,#98,#106,#115,#123));
#62 = ORIENTED_EDGE('',*,*,#63,.F.);
#63 = EDGE_CURVE('',#64,#66,#68,.T.);
#64 = VERTEX_POINT('',#65);
#65 = CARTESIAN_POINT('',(-0.5,-0.25,2.E-02));
#66 = VERTEX_POINT('',#67);
#67 = CARTESIAN_POINT('',(-0.5,-0.25,0.48));
#68 = LINE('',#69,#70);
#69 = CARTESIAN_POINT('',(-0.5,-0.25,0.));
#70 = VECTOR('',#71,1.);
#71 = DIRECTION('',(0.,0.,1.));
#72 = ORIENTED_EDGE('',*,*,#73,.T.);
#73 = EDGE_CURVE('',#64,#74,#76,.T.);
#74 = VERTEX_POINT('',#75);
#75 = CARTESIAN_POINT('',(-0.5,-0.23,0.));
#76 = CIRCLE('',#77,2.E-02);
#77 = AXIS2_PLACEMENT_3D('',#78,#79,#80);
#78 = CARTESIAN_POINT('',(-0.5,-0.23,2.E-02));
#79 = DIRECTION('',(1.,0.,-0.));
#80 = DIRECTION('',(0.,0.,1.));
#81 = ORIENTED_EDGE('',*,*,#82,.T.);
#82 = EDGE_CURVE('',#74,#83,#85,.T.);
#83 = VERTEX_POINT('',#84);
#84 = CARTESIAN_POINT('',(-0.5,0.23,0.));
#85 = LINE('',#86,#87);
#86 = CARTESIAN_POINT('',(-0.5,-0.25,0.));
#87 = VECTOR('',#88,1.);
#88 = DIRECTION('',(0.,1.,0.));
#89 = ORIENTED_EDGE('',*,*,#90,.F.);
#90 = EDGE_CURVE('',#91,#83,#93,.T.);
#91 = VERTEX_POINT('',#92);
#92 = CARTESIAN_POINT('',(-0.5,0.25,2.E-02));
#93 = CIRCLE('',#94,2.E-02);
#94 = AXIS2_PLACEMENT_3D('',#95,#96,#97);
#95 = CARTESIAN_POINT('',(-0.5,0.23,2.E-02));
#96 = DIRECTION('',(-1.,0.,0.));
#97 = DIRECTION('',(0.,0.,1.));
#98 = ORIENTED_EDGE('',*,*,#99,.T.);
#99 = EDGE_CURVE('',#91,#100,#102,.T.);
#100 = VERTEX_POINT('',#101);
#101 = CARTESIAN_POINT('',(-0.5,0.25,0.48));
#102 = LINE('',#103,#104);
#103 = CARTESIAN_POINT('',(-0.5,0.25,0.));
#104 = VECTOR('',#105,1.);
#105 = DIRECTION('',(0.,0.,1.));
#106 = ORIENTED_EDGE('',*,*,#107,.T.);
#107 = EDGE_CURVE('',#100,#108,#110,.T.);
#108 = VERTEX_POINT('',#109);
#109 = CARTESIAN_POINT('',(-0.5,0.23,0.5));
#110 = CIRCLE('',#111,2.E-02);
#111 = AXIS2_PLACEMENT_3D('',#112,#113,#114);
#112 = CARTESIAN_POINT('',(-0.5,0.23,0.48));
#113 = DIRECTION('',(1.,0.,-0.));
#114 = DIRECTION('',(0.,0.,1.));
#115 = ORIENTED_EDGE('',*,*,#116,.F.);
#116 = EDGE_CURVE('',#117,#108,#119,.T.);
#117 = VERTEX_POINT('',#118);
#118 = CARTESIAN_POINT('',(-0.5,-0.23,0.5));
#119 = LINE('',#120,#121);
#120 = CARTESIAN_POINT('',(-0.5,-0.25,0.5));
#121 = VECTOR('',#122,1.);
#122 = DIRECTION('',(0.,1.,0.));
#123 = ORIENTED_EDGE('',*,*,#124,.F.);
#124 = EDGE_CURVE('',#66,#117,#125,.T.);
#125 = CIRCLE('',#126,2.E-02);
#126 = AXIS2_PLACEMENT_3D('',#127,#128,#129);
#127 = CARTESIAN_POINT('',(-0.5,-0.23,0.48));
#128 = DIRECTION('',(-1.,0.,0.));
#129 = DIRECTION('',(0.,0.,1.));
#130 = PLANE('',#131);
#131 = AXIS2_PLACEMENT_3D('',#132,#133,#134);
#132 = CARTESIAN_POINT('',(-0.5,-0.25,0.));
#133 = DIRECTION('',(1.,0.,0.));
#134 = DIRECTION('',(0.,0.,1.));
#135 = ADVANCED_FACE('',(#136),#161,.F.);
#136 = FACE_BOUND('',#137,.F.);
#137 = EDGE_LOOP('',(#138,#148,#154,#155));
#138 = ORIENTED_EDGE('',*,*,#139,.F.);
#139 = EDGE_CURVE('',#140,#142,#144,.T.);
#140 = VERTEX_POINT('',#141);
#141 = CARTESIAN_POINT('',(-0.3,-0.25,2.E-02));
#142 = VERTEX_POINT('',#143);
#143 = CARTESIAN_POINT('',(-0.3,-0.25,0.48));
#144 = LINE('',#145,#146);
#145 = CARTESIAN_POINT('',(-0.3,-0.25,0.));
#146 = VECTOR('',#147,1.);
#147 = DIRECTION('',(0.,0.,1.));
#148 = ORIENTED_EDGE('',*,*,#149,.F.);
#149 = EDGE_CURVE('',#64,#140,#150,.T.);
#150 = LINE('',#151,#152);
#151 = CARTESIAN_POINT('',(-0.5,-0.25,2.E-02));
#152 = VECTOR('',#153,1.);
#153 = DIRECTION('',(1.,0.,0.));
#154 = ORIENTED_EDGE('',*,*,#63,.T.);
#155 = ORIENTED_EDGE('',*,*,#156,.T.);
#156 = EDGE_CURVE('',#66,#142,#157,.T.);
#157 = LINE('',#158,#159);
#158 = CARTESIAN_POINT('',(-0.5,-0.25,0.48));
#159 = VECTOR('',#160,1.);
#160 = DIRECTION('',(1.,0.,0.));
#161 = PLANE('',#162);
#162 = AXIS2_PLACEMENT_3D('',#163,#164,#165);
#163 = CARTESIAN_POINT('',(-0.5,-0.25,0.));
#164 = DIRECTION('',(0.,1.,0.));
#165 = DIRECTION('',(0.,-0.,1.));
#166 = ADVANCED_FACE('',(#167),#186,.T.);
#167 = FACE_BOUND('',#168,.T.);
#168 = EDGE_LOOP('',(#169,#170,#178,#185));
#169 = ORIENTED_EDGE('',*,*,#73,.T.);
#170 = ORIENTED_EDGE('',*,*,#171,.T.);
#171 = EDGE_CURVE('',#74,#172,#174,.T.);
#172 = VERTEX_POINT('',#173);
#173 = CARTESIAN_POINT('',(-0.3,-0.23,0.));
#174 = LINE('',#175,#176);
#175 = CARTESIAN_POINT('',(-0.5,-0.23,0.));
#176 = VECTOR('',#177,1.);
#177 = DIRECTION('',(1.,0.,0.));
#178 = ORIENTED_EDGE('',*,*,#179,.F.);
#179 = EDGE_CURVE('',#140,#172,#180,.T.);
#180 = CIRCLE('',#181,2.E-02);
#181 = AXIS2_PLACEMENT_3D('',#182,#183,#184);
#182 = CARTESIAN_POINT('',(-0.3,-0.23,2.E-02));
#183 = DIRECTION('',(1.,0.,-0.));
#184 = DIRECTION('',(0.,0.,1.));
#185 = ORIENTED_EDGE('',*,*,#149,.F.);
#186 = CYLINDRICAL_SURFACE('',#187,2.E-02);
#187 = AXIS2_PLACEMENT_3D('',#188,#189,#190);
#188 = CARTESIAN_POINT('',(-0.5,-0.23,2.E-02));
#189 = DIRECTION('',(1.,0.,0.));
#190 = DIRECTION('',(0.,-1.,0.));
#191 = ADVANCED_FACE('',(#192),#211,.T.);
#192 = FACE_BOUND('',#193,.T.);
#193 = EDGE_LOOP('',(#194,#195,#204,#210));
#194 = ORIENTED_EDGE('',*,*,#156,.T.);
#195 = ORIENTED_EDGE('',*,*,#196,.T.);
#196 = EDGE_CURVE('',#142,#197,#199,.T.);
#197 = VERTEX_POINT('',#198);
#198 = CARTESIAN_POINT('',(-0.3,-0.23,0.5));
#199 = CIRCLE('',#200,2.E-02);
#200 = AXIS2_PLACEMENT_3D('',#201,#202,#203);
#201 = CARTESIAN_POINT('',(-0.3,-0.23,0.48));
#202 = DIRECTION('',(-1.,0.,0.));
#203 = DIRECTION('',(0.,0.,1.));
#204 = ORIENTED_EDGE('',*,*,#205,.F.);
#205 = EDGE_CURVE('',#117,#197,#206,.T.);
#206 = LINE('',#207,#208);
#207 = CARTESIAN_POINT('',(-0.5,-0.23,0.5));
#208 = VECTOR('',#209,1.);
#209 = DIRECTION('',(1.,0.,0.));
#210 = ORIENTED_EDGE('',*,*,#124,.F.);
#211 = CYLINDRICAL_SURFACE('',#212,2.E-02);
#212 = AXIS2_PLACEMENT_3D('',#213,#214,#215);
#213 = CARTESIAN_POINT('',(-0.5,-0.23,0.48));
#214 = DIRECTION('',(1.,0.,0.));
#215 = DIRECTION('',(0.,-1.,0.));
#216 = ADVANCED_FACE('',(#217),#235,.F.);
#217 = FACE_BOUND('',#218,.F.);
#218 = EDGE_LOOP('',(#219,#220,#221,#229));
#219 = ORIENTED_EDGE('',*,*,#82,.F.);
#220 = ORIENTED_EDGE('',*,*,#171,.T.);
#221 = ORIENTED_EDGE('',*,*,#222,.T.);
#222 = EDGE_CURVE('',#172,#223,#225,.T.);
#223 = VERTEX_POINT('',#224);
#224 = CARTESIAN_POINT('',(-0.3,0.23,0.));
#225 = LINE('',#226,#227);
#226 = CARTESIAN_POINT('',(-0.3,-0.25,0.));
#227 = VECTOR('',#228,1.);
#228 = DIRECTION('',(0.,1.,0.));
#229 = ORIENTED_EDGE('',*,*,#230,.F.);
#230 = EDGE_CURVE('',#83,#223,#231,.T.);
#231 = LINE('',#232,#233);
#232 = CARTESIAN_POINT('',(-0.5,0.23,0.));
#233 = VECTOR('',#234,1.);
#234 = DIRECTION('',(1.,0.,0.));
#235 = PLANE('',#236);
#236 = AXIS2_PLACEMENT_3D('',#237,#238,#239);
#237 = CARTESIAN_POINT('',(-0.5,-0.25,0.));
#238 = DIRECTION('',(0.,0.,1.));
#239 = DIRECTION('',(1.,0.,-0.));
#240 = ADVANCED_FACE('',(#241),#259,.T.);
#241 = FACE_BOUND('',#242,.T.);
#242 = EDGE_LOOP('',(#243,#244,#245,#253));
#243 = ORIENTED_EDGE('',*,*,#116,.F.);
#244 = ORIENTED_EDGE('',*,*,#205,.T.);
#245 = ORIENTED_EDGE('',*,*,#246,.T.);
#246 = EDGE_CURVE('',#197,#247,#249,.T.);
#247 = VERTEX_POINT('',#248);
#248 = CARTESIAN_POINT('',(-0.3,0.23,0.5));
#249 = LINE('',#250,#251);
#250 = CARTESIAN_POINT('',(-0.3,-0.25,0.5));
#251 = VECTOR('',#252,1.);
#252 = DIRECTION('',(0.,1.,0.));
#253 = ORIENTED_EDGE('',*,*,#254,.F.);
#254 = EDGE_CURVE('',#108,#247,#255,.T.);
#255 = LINE('',#256,#257);
#256 = CARTESIAN_POINT('',(-0.5,0.23,0.5));
#257 = VECTOR('',#258,1.);
#258 = DIRECTION('',(1.,0.,0.));
#259 = PLANE('',#260);
#260 = AXIS2_PLACEMENT_3D('',#261,#262,#263);
#261 = CARTESIAN_POINT('',(-0.5,-0.25,0.5));
#262 = DIRECTION('',(0.,0.,1.));
#263 = DIRECTION('',(1.,0.,-0.));
#264 = ADVANCED_FACE('',(#265),#284,.T.);
#265 = FACE_BOUND('',#266,.T.);
#266 = EDGE_LOOP('',(#267,#275,#282,#283));
#267 = ORIENTED_EDGE('',*,*,#268,.T.);
#268 = EDGE_CURVE('',#91,#269,#271,.T.);
#269 = VERTEX_POINT('',#270);
#270 = CARTESIAN_POINT('',(-0.3,0.25,2.E-02));
#271 = LINE('',#272,#273);
#272 = CARTESIAN_POINT('',(-0.5,0.25,2.E-02));
#273 = VECTOR('',#274,1.);
#274 = DIRECTION('',(1.,0.,0.));
#275 = ORIENTED_EDGE('',*,*,#276,.T.);
#276 = EDGE_CURVE('',#269,#223,#277,.T.);
#277 = CIRCLE('',#278,2.E-02);
#278 = AXIS2_PLACEMENT_3D('',#279,#280,#281);
#279 = CARTESIAN_POINT('',(-0.3,0.23,2.E-02));
#280 = DIRECTION('',(-1.,0.,0.));
#281 = DIRECTION('',(0.,0.,1.));
#282 = ORIENTED_EDGE('',*,*,#230,.F.);
#283 = ORIENTED_EDGE('',*,*,#90,.F.);
#284 = CYLINDRICAL_SURFACE('',#285,2.E-02);
#285 = AXIS2_PLACEMENT_3D('',#286,#287,#288);
#286 = CARTESIAN_POINT('',(-0.5,0.23,2.E-02));
#287 = DIRECTION('',(1.,0.,0.));
#288 = DIRECTION('',(-0.,1.,0.));
#289 = ADVANCED_FACE('',(#290),#309,.T.);
#290 = FACE_BOUND('',#291,.T.);
#291 = EDGE_LOOP('',(#292,#293,#294,#303));
#292 = ORIENTED_EDGE('',*,*,#107,.T.);
#293 = ORIENTED_EDGE('',*,*,#254,.T.);
#294 = ORIENTED_EDGE('',*,*,#295,.F.);
#295 = EDGE_CURVE('',#296,#247,#298,.T.);
#296 = VERTEX_POINT('',#297);
#297 = CARTESIAN_POINT('',(-0.3,0.25,0.48));
#298 = CIRCLE('',#299,2.E-02);
#299 = AXIS2_PLACEMENT_3D('',#300,#301,#302);
#300 = CARTESIAN_POINT('',(-0.3,0.23,0.48));
#301 = DIRECTION('',(1.,0.,-0.));
#302 = DIRECTION('',(0.,0.,1.));
#303 = ORIENTED_EDGE('',*,*,#304,.F.);
#304 = EDGE_CURVE('',#100,#296,#305,.T.);
#305 = LINE('',#306,#307);
#306 = CARTESIAN_POINT('',(-0.5,0.25,0.48));
#307 = VECTOR('',#308,1.);
#308 = DIRECTION('',(1.,0.,0.));
#309 = CYLINDRICAL_SURFACE('',#310,2.E-02);
#310 = AXIS2_PLACEMENT_3D('',#311,#312,#313);
#311 = CARTESIAN_POINT('',(-0.5,0.23,0.48));
#312 = DIRECTION('',(1.,0.,0.));
#313 = DIRECTION('',(-0.,1.,0.));
#314 = ADVANCED_FACE('',(#315),#326,.T.);
#315 = FACE_BOUND('',#316,.T.);
#316 = EDGE_LOOP('',(#317,#323,#324,#325));
#317 = ORIENTED_EDGE('',*,*,#318,.F.);
#318 = EDGE_CURVE('',#269,#296,#319,.T.);
#319 = LINE('',#320,#321);
#320 = CARTESIAN_POINT('',(-0.3,0.25,0.));
#321 = VECTOR('',#322,1.);
#322 = DIRECTION('',(0.,0.,1.));
#323 = ORIENTED_EDGE('',*,*,#268,.F.);
#324 = ORIENTED_EDGE('',*,*,#99,.T.);
#325 = ORIENTED_EDGE('',*,*,#304,.T.);
#326 = PLANE('',#327);
#327 = AXIS2_PLACEMENT_3D('',#328,#329,#330);
#328 = CARTESIAN_POINT('',(-0.5,0.25,0.));
#329 = DIRECTION('',(0.,1.,0.));
#330 = DIRECTION('',(0.,-0.,1.));
#331 = ADVANCED_FACE('',(#332,#342),#412,.T.);
#332 = FACE_BOUND('',#333,.T.);
#333 = EDGE_LOOP('',(#334,#335,#336,#337,#338,#339,#340,#341));
#334 = ORIENTED_EDGE('',*,*,#139,.F.);
#335 = ORIENTED_EDGE('',*,*,#179,.T.);
#336 = ORIENTED_EDGE('',*,*,#222,.T.);
#337 = ORIENTED_EDGE('',*,*,#276,.F.);
#338 = ORIENTED_EDGE('',*,*,#318,.T.);
#339 = ORIENTED_EDGE('',*,*,#295,.T.);
#340 = ORIENTED_EDGE('',*,*,#246,.F.);
#341 = ORIENTED_EDGE('',*,*,#196,.F.);
#342 = FACE_BOUND('',#343,.T.);
#343 = EDGE_LOOP('',(#344,#355,#363,#372,#380,#389,#397,#406));
#344 = ORIENTED_EDGE('',*,*,#345,.F.);
#345 = EDGE_CURVE('',#346,#348,#350,.T.);
#346 = VERTEX_POINT('',#347);
#347 = CARTESIAN_POINT('',(-0.3,-0.23,4.E-02));
#348 = VERTEX_POINT('',#349);
#349 = CARTESIAN_POINT('',(-0.3,-0.21,2.E-02));
#350 = CIRCLE('',#351,2.E-02);
#351 = AXIS2_PLACEMENT_3D('',#352,#353,#354);
#352 = CARTESIAN_POINT('',(-0.3,-0.21,4.E-02));
#353 = DIRECTION('',(1.,0.,-0.));
#354 = DIRECTION('',(0.,0.,1.));
#355 = ORIENTED_EDGE('',*,*,#356,.T.);
#356 = EDGE_CURVE('',#346,#357,#359,.T.);
#357 = VERTEX_POINT('',#358);
#358 = CARTESIAN_POINT('',(-0.3,-0.23,0.46));
#359 = LINE('',#360,#361);
#360 = CARTESIAN_POINT('',(-0.3,-0.23,2.E-02));
#361 = VECTOR('',#362,1.);
#362 = DIRECTION('',(0.,0.,1.));
#363 = ORIENTED_EDGE('',*,*,#364,.T.);
#364 = EDGE_CURVE('',#357,#365,#367,.T.);
#365 = VERTEX_POINT('',#366);
#366 = CARTESIAN_POINT('',(-0.3,-0.21,0.48));
#367 = CIRCLE('',#368,2.E-02);
#368 = AXIS2_PLACEMENT_3D('',#369,#370,#371);
#369 = CARTESIAN_POINT('',(-0.3,-0.21,0.46));
#370 = DIRECTION('',(-1.,0.,0.));
#371 = DIRECTION('',(0.,0.,1.));
#372 = ORIENTED_EDGE('',*,*,#373,.T.);
#373 = EDGE_CURVE('',#365,#374,#376,.T.);
#374 = VERTEX_POINT('',#375);
#375 = CARTESIAN_POINT('',(-0.3,0.21,0.48));
#376 = LINE('',#377,#378);
#377 = CARTESIAN_POINT('',(-0.3,-0.23,0.48));
#378 = VECTOR('',#379,1.);
#379 = DIRECTION('',(0.,1.,0.));
#380 = ORIENTED_EDGE('',*,*,#381,.F.);
#381 = EDGE_CURVE('',#382,#374,#384,.T.);
#382 = VERTEX_POINT('',#383);
#383 = CARTESIAN_POINT('',(-0.3,0.23,0.46));
#384 = CIRCLE('',#385,2.E-02);
#385 = AXIS2_PLACEMENT_3D('',#386,#387,#388);
#386 = CARTESIAN_POINT('',(-0.3,0.21,0.46));
#387 = DIRECTION('',(1.,0.,-0.));
#388 = DIRECTION('',(0.,0.,1.));
#389 = ORIENTED_EDGE('',*,*,#390,.F.);
#390 = EDGE_CURVE('',#391,#382,#393,.T.);
#391 = VERTEX_POINT('',#392);
#392 = CARTESIAN_POINT('',(-0.3,0.23,4.E-02));
#393 = LINE('',#394,#395);
#394 = CARTESIAN_POINT('',(-0.3,0.23,2.E-02));
#395 = VECTOR('',#396,1.);
#396 = DIRECTION('',(0.,0.,1.));
#397 = ORIENTED_EDGE('',*,*,#398,.T.);
#398 = EDGE_CURVE('',#391,#399,#401,.T.);
#399 = VERTEX_POINT('',#400);
#400 = CARTESIAN_POINT('',(-0.3,0.21,2.E-02));
#401 = CIRCLE('',#402,2.E-02);
#402 = AXIS2_PLACEMENT_3D('',#403,#404,#405);
#403 = CARTESIAN_POINT('',(-0.3,0.21,4.E-02));
#404 = DIRECTION('',(-1.,0.,0.));
#405 = DIRECTION('',(0.,0.,1.));
#406 = ORIENTED_EDGE('',*,*,#407,.F.);
#407 = EDGE_CURVE('',#348,#399,#408,.T.);
#408 = LINE('',#409,#410);
#409 = CARTESIAN_POINT('',(-0.3,-0.23,2.E-02));
#410 = VECTOR('',#411,1.);
#411 = DIRECTION('',(0.,1.,0.));
#412 = PLANE('',#413);
#413 = AXIS2_PLACEMENT_3D('',#414,#415,#416);
#414 = CARTESIAN_POINT('',(-0.3,-0.25,0.));
#415 = DIRECTION('',(1.,0.,0.));
#416 = DIRECTION('',(0.,0.,1.));
#417 = ADVANCED_FACE('',(#418),#444,.T.);
#418 = FACE_BOUND('',#419,.T.);
#419 = EDGE_LOOP('',(#420,#421,#429,#438));
#420 = ORIENTED_EDGE('',*,*,#345,.T.);
#421 = ORIENTED_EDGE('',*,*,#422,.T.);
#422 = EDGE_CURVE('',#348,#423,#425,.T.);
#423 = VERTEX_POINT('',#424);
#424 = CARTESIAN_POINT('',(0.3,-0.21,2.E-02));
#425 = LINE('',#426,#427);
#426 = CARTESIAN_POINT('',(-0.3,-0.21,2.E-02));
#427 = VECTOR('',#428,1.);
#428 = DIRECTION('',(1.,0.,0.));
#429 = ORIENTED_EDGE('',*,*,#430,.F.);
#430 = EDGE_CURVE('',#431,#423,#433,.T.);
#431 = VERTEX_POINT('',#432);
#432 = CARTESIAN_POINT('',(0.3,-0.23,4.E-02));
#433 = CIRCLE('',#434,2.E-02);
#434 = AXIS2_PLACEMENT_3D('',#435,#436,#437);
#435 = CARTESIAN_POINT('',(0.3,-0.21,4.E-02));
#436 = DIRECTION('',(1.,0.,-0.));
#437 = DIRECTION('',(0.,0.,1.));
#438 = ORIENTED_EDGE('',*,*,#439,.F.);
#439 = EDGE_CURVE('',#346,#431,#440,.T.);
#440 = LINE('',#441,#442);
#441 = CARTESIAN_POINT('',(-0.3,-0.23,4.E-02));
#442 = VECTOR('',#443,1.);
#443 = DIRECTION('',(1.,0.,0.));
#444 = CYLINDRICAL_SURFACE('',#445,2.E-02);
#445 = AXIS2_PLACEMENT_3D('',#446,#447,#448);
#446 = CARTESIAN_POINT('',(-0.3,-0.21,4.E-02));
#447 = DIRECTION('',(1.,0.,0.));
#448 = DIRECTION('',(0.,-1.,0.));
#449 = ADVANCED_FACE('',(#450),#468,.F.);
#450 = FACE_BOUND('',#451,.F.);
#451 = EDGE_LOOP('',(#452,#453,#454,#462));
#452 = ORIENTED_EDGE('',*,*,#407,.F.);
#453 = ORIENTED_EDGE('',*,*,#422,.T.);
#454 = ORIENTED_EDGE('',*,*,#455,.T.);
#455 = EDGE_CURVE('',#423,#456,#458,.T.);
#456 = VERTEX_POINT('',#457);
#457 = CARTESIAN_POINT('',(0.3,0.21,2.E-02));
#458 = LINE('',#459,#460);
#459 = CARTESIAN_POINT('',(0.3,-0.23,2.E-02));
#460 = VECTOR('',#461,1.);
#461 = DIRECTION('',(0.,1.,0.));
#462 = ORIENTED_EDGE('',*,*,#463,.F.);
#463 = EDGE_CURVE('',#399,#456,#464,.T.);
#464 = LINE('',#465,#466);
#465 = CARTESIAN_POINT('',(-0.3,0.21,2.E-02));
#466 = VECTOR('',#467,1.);
#467 = DIRECTION('',(1.,0.,0.));
#468 = PLANE('',#469);
#469 = AXIS2_PLACEMENT_3D('',#470,#471,#472);
#470 = CARTESIAN_POINT('',(-0.3,-0.23,2.E-02));
#471 = DIRECTION('',(0.,0.,1.));
#472 = DIRECTION('',(1.,0.,-0.));
#473 = ADVANCED_FACE('',(#474),#493,.T.);
#474 = FACE_BOUND('',#475,.T.);
#475 = EDGE_LOOP('',(#476,#484,#491,#492));
#476 = ORIENTED_EDGE('',*,*,#477,.T.);
#477 = EDGE_CURVE('',#391,#478,#480,.T.);
#478 = VERTEX_POINT('',#479);
#479 = CARTESIAN_POINT('',(0.3,0.23,4.E-02));
#480 = LINE('',#481,#482);
#481 = CARTESIAN_POINT('',(-0.3,0.23,4.E-02));
#482 = VECTOR('',#483,1.);
#483 = DIRECTION('',(1.,0.,0.));
#484 = ORIENTED_EDGE('',*,*,#485,.T.);
#485 = EDGE_CURVE('',#478,#456,#486,.T.);
#486 = CIRCLE('',#487,2.E-02);
#487 = AXIS2_PLACEMENT_3D('',#488,#489,#490);
#488 = CARTESIAN_POINT('',(0.3,0.21,4.E-02));
#489 = DIRECTION('',(-1.,0.,0.));
#490 = DIRECTION('',(0.,0.,1.));
#491 = ORIENTED_EDGE('',*,*,#463,.F.);
#492 = ORIENTED_EDGE('',*,*,#398,.F.);
#493 = CYLINDRICAL_SURFACE('',#494,2.E-02);
#494 = AXIS2_PLACEMENT_3D('',#495,#496,#497);
#495 = CARTESIAN_POINT('',(-0.3,0.21,4.E-02));
#496 = DIRECTION('',(1.,0.,0.));
#497 = DIRECTION('',(-0.,1.,0.));
#498 = ADVANCED_FACE('',(#499),#517,.T.);
#499 = FACE_BOUND('',#500,.T.);
#500 = EDGE_LOOP('',(#501,#509,#510,#511));
#501 = ORIENTED_EDGE('',*,*,#502,.F.);
#502 = EDGE_CURVE('',#478,#503,#505,.T.);
#503 = VERTEX_POINT('',#504);
#504 = CARTESIAN_POINT('',(0.3,0.23,0.46));
#505 = LINE('',#506,#507);
#506 = CARTESIAN_POINT('',(0.3,0.23,2.E-02));
#507 = VECTOR('',#508,1.);
#508 = DIRECTION('',(0.,0.,1.));
#509 = ORIENTED_EDGE('',*,*,#477,.F.);
#510 = ORIENTED_EDGE('',*,*,#390,.T.);
#511 = ORIENTED_EDGE('',*,*,#512,.T.);
#512 = EDGE_CURVE('',#382,#503,#513,.T.);
#513 = LINE('',#514,#515);
#514 = CARTESIAN_POINT('',(-0.3,0.23,0.46));
#515 = VECTOR('',#516,1.);
#516 = DIRECTION('',(1.,0.,0.));
#517 = PLANE('',#518);
#518 = AXIS2_PLACEMENT_3D('',#519,#520,#521);
#519 = CARTESIAN_POINT('',(-0.3,0.23,2.E-02));
#520 = DIRECTION('',(0.,1.,0.));
#521 = DIRECTION('',(0.,-0.,1.));
#522 = ADVANCED_FACE('',(#523),#542,.T.);
#523 = FACE_BOUND('',#524,.T.);
#524 = EDGE_LOOP('',(#525,#526,#534,#541));
#525 = ORIENTED_EDGE('',*,*,#381,.T.);
#526 = ORIENTED_EDGE('',*,*,#527,.T.);
#527 = EDGE_CURVE('',#374,#528,#530,.T.);
#528 = VERTEX_POINT('',#529);
#529 = CARTESIAN_POINT('',(0.3,0.21,0.48));
#530 = LINE('',#531,#532);
#531 = CARTESIAN_POINT('',(-0.3,0.21,0.48));
#532 = VECTOR('',#533,1.);
#533 = DIRECTION('',(1.,0.,0.));
#534 = ORIENTED_EDGE('',*,*,#535,.F.);
#535 = EDGE_CURVE('',#503,#528,#536,.T.);
#536 = CIRCLE('',#537,2.E-02);
#537 = AXIS2_PLACEMENT_3D('',#538,#539,#540);
#538 = CARTESIAN_POINT('',(0.3,0.21,0.46));
#539 = DIRECTION('',(1.,0.,-0.));
#540 = DIRECTION('',(0.,0.,1.));
#541 = ORIENTED_EDGE('',*,*,#512,.F.);
#542 = CYLINDRICAL_SURFACE('',#543,2.E-02);
#543 = AXIS2_PLACEMENT_3D('',#544,#545,#546);
#544 = CARTESIAN_POINT('',(-0.3,0.21,0.46));
#545 = DIRECTION('',(1.,0.,0.));
#546 = DIRECTION('',(-0.,1.,0.));
#547 = ADVANCED_FACE('',(#548),#566,.T.);
#548 = FACE_BOUND('',#549,.T.);
#549 = EDGE_LOOP('',(#550,#551,#559,#565));
#550 = ORIENTED_EDGE('',*,*,#373,.F.);
#551 = ORIENTED_EDGE('',*,*,#552,.T.);
#552 = EDGE_CURVE('',#365,#553,#555,.T.);
#553 = VERTEX_POINT('',#554);
#554 = CARTESIAN_POINT('',(0.3,-0.21,0.48));
#555 = LINE('',#556,#557);
#556 = CARTESIAN_POINT('',(-0.3,-0.21,0.48));
#557 = VECTOR('',#558,1.);
#558 = DIRECTION('',(1.,0.,0.));
#559 = ORIENTED_EDGE('',*,*,#560,.T.);
#560 = EDGE_CURVE('',#553,#528,#561,.T.);
#561 = LINE('',#562,#563);
#562 = CARTESIAN_POINT('',(0.3,-0.23,0.48));
#563 = VECTOR('',#564,1.);
#564 = DIRECTION('',(0.,1.,0.));
#565 = ORIENTED_EDGE('',*,*,#527,.F.);
#566 = PLANE('',#567);
#567 = AXIS2_PLACEMENT_3D('',#568,#569,#570);
#568 = CARTESIAN_POINT('',(-0.3,-0.23,0.48));
#569 = DIRECTION('',(0.,0.,1.));
#570 = DIRECTION('',(1.,0.,-0.));
#571 = ADVANCED_FACE('',(#572),#591,.T.);
#572 = FACE_BOUND('',#573,.T.);
#573 = EDGE_LOOP('',(#574,#582,#589,#590));
#574 = ORIENTED_EDGE('',*,*,#575,.T.);
#575 = EDGE_CURVE('',#357,#576,#578,.T.);
#576 = VERTEX_POINT('',#577);
#577 = CARTESIAN_POINT('',(0.3,-0.23,0.46));
#578 = LINE('',#579,#580);
#579 = CARTESIAN_POINT('',(-0.3,-0.23,0.46));
#580 = VECTOR('',#581,1.);
#581 = DIRECTION('',(1.,0.,0.));
#582 = ORIENTED_EDGE('',*,*,#583,.T.);
#583 = EDGE_CURVE('',#576,#553,#584,.T.);
#584 = CIRCLE('',#585,2.E-02);
#585 = AXIS2_PLACEMENT_3D('',#586,#587,#588);
#586 = CARTESIAN_POINT('',(0.3,-0.21,0.46));
#587 = DIRECTION('',(-1.,0.,0.));
#588 = DIRECTION('',(0.,0.,1.));
#589 = ORIENTED_EDGE('',*,*,#552,.F.);
#590 = ORIENTED_EDGE('',*,*,#364,.F.);
#591 = CYLINDRICAL_SURFACE('',#592,2.E-02);
#592 = AXIS2_PLACEMENT_3D('',#593,#594,#595);
#593 = CARTESIAN_POINT('',(-0.3,-0.21,0.46));
#594 = DIRECTION('',(1.,0.,0.));
#595 = DIRECTION('',(0.,-1.,0.));
#596 = ADVANCED_FACE('',(#597),#608,.F.);
#597 = FACE_BOUND('',#598,.F.);
#598 = EDGE_LOOP('',(#599,#605,#606,#607));
#599 = ORIENTED_EDGE('',*,*,#600,.F.);
#600 = EDGE_CURVE('',#431,#576,#601,.T.);
#601 = LINE('',#602,#603);
#602 = CARTESIAN_POINT('',(0.3,-0.23,2.E-02));
#603 = VECTOR('',#604,1.);
#604 = DIRECTION('',(0.,0.,1.));
#605 = ORIENTED_EDGE('',*,*,#439,.F.);
#606 = ORIENTED_EDGE('',*,*,#356,.T.);
#607 = ORIENTED_EDGE('',*,*,#575,.T.);
#608 = PLANE('',#609);
#609 = AXIS2_PLACEMENT_3D('',#610,#611,#612);
#610 = CARTESIAN_POINT('',(-0.3,-0.23,2.E-02));
#611 = DIRECTION('',(0.,1.,0.));
#612 = DIRECTION('',(0.,-0.,1.));
#613 = ADVANCED_FACE('',(#614,#684),#694,.F.);
#614 = FACE_BOUND('',#615,.F.);
#615 = EDGE_LOOP('',(#616,#626,#635,#643,#652,#660,#669,#677));
#616 = ORIENTED_EDGE('',*,*,#617,.F.);
#617 = EDGE_CURVE('',#618,#620,#622,.T.);
#618 = VERTEX_POINT('',#619);
#619 = CARTESIAN_POINT('',(0.3,-0.25,2.E-02));
#620 = VERTEX_POINT('',#621);
#621 = CARTESIAN_POINT('',(0.3,-0.25,0.48));
#622 = LINE('',#623,#624);
#623 = CARTESIAN_POINT('',(0.3,-0.25,0.));
#624 = VECTOR('',#625,1.);
#625 = DIRECTION('',(0.,0.,1.));
#626 = ORIENTED_EDGE('',*,*,#627,.T.);
#627 = EDGE_CURVE('',#618,#628,#630,.T.);
#628 = VERTEX_POINT('',#629);
#629 = CARTESIAN_POINT('',(0.3,-0.23,0.));
#630 = CIRCLE('',#631,2.E-02);
#631 = AXIS2_PLACEMENT_3D('',#632,#633,#634);
#632 = CARTESIAN_POINT('',(0.3,-0.23,2.E-02));
#633 = DIRECTION('',(1.,0.,-0.));
#634 = DIRECTION('',(0.,0.,1.));
#635 = ORIENTED_EDGE('',*,*,#636,.T.);
#636 = EDGE_CURVE('',#628,#637,#639,.T.);
#637 = VERTEX_POINT('',#638);
#638 = CARTESIAN_POINT('',(0.3,0.23,0.));
#639 = LINE('',#640,#641);
#640 = CARTESIAN_POINT('',(0.3,-0.25,0.));
#641 = VECTOR('',#642,1.);
#642 = DIRECTION('',(0.,1.,0.));
#643 = ORIENTED_EDGE('',*,*,#644,.F.);
#644 = EDGE_CURVE('',#645,#637,#647,.T.);
#645 = VERTEX_POINT('',#646);
#646 = CARTESIAN_POINT('',(0.3,0.25,2.E-02));
#647 = CIRCLE('',#648,2.E-02);
#648 = AXIS2_PLACEMENT_3D('',#649,#650,#651);
#649 = CARTESIAN_POINT('',(0.3,0.23,2.E-02));
#650 = DIRECTION('',(-1.,0.,0.));
#651 = DIRECTION('',(0.,0.,1.));
#652 = ORIENTED_EDGE('',*,*,#653,.T.);
#653 = EDGE_CURVE('',#645,#654,#656,.T.);
#654 = VERTEX_POINT('',#655);
#655 = CARTESIAN_POINT('',(0.3,0.25,0.48));
#656 = LINE('',#657,#658);
#657 = CARTESIAN_POINT('',(0.3,0.25,0.));
#658 = VECTOR('',#659,1.);
#659 = DIRECTION('',(0.,0.,1.));
#660 = ORIENTED_EDGE('',*,*,#661,.T.);
#661 = EDGE_CURVE('',#654,#662,#664,.T.);
#662 = VERTEX_POINT('',#663);
#663 = CARTESIAN_POINT('',(0.3,0.23,0.5));
#664 = CIRCLE('',#665,2.E-02);
#665 = AXIS2_PLACEMENT_3D('',#666,#667,#668);
#666 = CARTESIAN_POINT('',(0.3,0.23,0.48));
#667 = DIRECTION('',(1.,0.,-0.));
#668 = DIRECTION('',(0.,0.,1.));
#669 = ORIENTED_EDGE('',*,*,#670,.F.);
#670 = EDGE_CURVE('',#671,#662,#673,.T.);
#671 = VERTEX_POINT('',#672);
#672 = CARTESIAN_POINT('',(0.3,-0.23,0.5));
#673 = LINE('',#674,#675);
#674 = CARTESIAN_POINT('',(0.3,-0.25,0.5));
#675 = VECTOR('',#676,1.);
#676 = DIRECTION('',(0.,1.,0.));
#677 = ORIENTED_EDGE('',*,*,#678,.F.);
#678 = EDGE_CURVE('',#620,#671,#679,.T.);
#679 = CIRCLE('',#680,2.E-02);
#680 = AXIS2_PLACEMENT_3D('',#681,#682,#683);
#681 = CARTESIAN_POINT('',(0.3,-0.23,0.48));
#682 = DIRECTION('',(-1.,0.,0.));
#683 = DIRECTION('',(0.,0.,1.));
#684 = FACE_BOUND('',#685,.F.);
#685 = EDGE_LOOP('',(#686,#687,#688,#689,#690,#691,#692,#693));
#686 = ORIENTED_EDGE('',*,*,#430,.F.);
#687 = ORIENTED_EDGE('',*,*,#600,.T.);
#688 = ORIENTED_EDGE('',*,*,#583,.T.);
#689 = ORIENTED_EDGE('',*,*,#560,.T.);
#690 = ORIENTED_EDGE('',*,*,#535,.F.);
#691 = ORIENTED_EDGE('',*,*,#502,.F.);
#692 = ORIENTED_EDGE('',*,*,#485,.T.);
#693 = ORIENTED_EDGE('',*,*,#455,.F.);
#694 = PLANE('',#695);
#695 = AXIS2_PLACEMENT_3D('',#696,#697,#698);
#696 = CARTESIAN_POINT('',(0.3,-0.25,0.));
#697 = DIRECTION('',(1.,0.,0.));
#698 = DIRECTION('',(0.,0.,1.));
#699 = ADVANCED_FACE('',(#700),#725,.F.);
#700 = FACE_BOUND('',#701,.F.);
#701 = EDGE_LOOP('',(#702,#712,#718,#719));
#702 = ORIENTED_EDGE('',*,*,#703,.F.);
#703 = EDGE_CURVE('',#704,#706,#708,.T.);
#704 = VERTEX_POINT('',#705);
#705 = CARTESIAN_POINT('',(0.5,-0.25,2.E-02));
#706 = VERTEX_POINT('',#707);
#707 = CARTESIAN_POINT('',(0.5,-0.25,0.48));
#708 = LINE('',#709,#710);
#709 = CARTESIAN_POINT('',(0.5,-0.25,0.));
#710 = VECTOR('',#711,1.);
#711 = DIRECTION('',(0.,0.,1.));
#712 = ORIENTED_EDGE('',*,*,#713,.F.);
#713 = EDGE_CURVE('',#618,#704,#714,.T.);
#714 = LINE('',#715,#716);
#715 = CARTESIAN_POINT('',(0.3,-0.25,2.E-02));
#716 = VECTOR('',#717,1.);
#717 = DIRECTION('',(1.,0.,0.));
#718 = ORIENTED_EDGE('',*,*,#617,.T.);
#719 = ORIENTED_EDGE('',*,*,#720,.T.);
#720 = EDGE_CURVE('',#620,#706,#721,.T.);
#721 = LINE('',#722,#723);
#722 = CARTESIAN_POINT('',(0.3,-0.25,0.48));
#723 = VECTOR('',#724,1.);
#724 = DIRECTION('',(1.,0.,0.));
#725 = PLANE('',#726);
#726 = AXIS2_PLACEMENT_3D('',#727,#728,#729);
#727 = CARTESIAN_POINT('',(0.3,-0.25,0.));
#728 = DIRECTION('',(0.,1.,0.));
#729 = DIRECTION('',(0.,-0.,1.));
#730 = ADVANCED_FACE('',(#731),#750,.T.);
#731 = FACE_BOUND('',#732,.T.);
#732 = EDGE_LOOP('',(#733,#734,#742,#749));
#733 = ORIENTED_EDGE('',*,*,#627,.T.);
#734 = ORIENTED_EDGE('',*,*,#735,.T.);
#735 = EDGE_CURVE('',#628,#736,#738,.T.);
#736 = VERTEX_POINT('',#737);
#737 = CARTESIAN_POINT('',(0.5,-0.23,0.));
#738 = LINE('',#739,#740);
#739 = CARTESIAN_POINT('',(0.3,-0.23,0.));
#740 = VECTOR('',#741,1.);
#741 = DIRECTION('',(1.,0.,0.));
#742 = ORIENTED_EDGE('',*,*,#743,.F.);
#743 = EDGE_CURVE('',#704,#736,#744,.T.);
#744 = CIRCLE('',#745,2.E-02);
#745 = AXIS2_PLACEMENT_3D('',#746,#747,#748);
#746 = CARTESIAN_POINT('',(0.5,-0.23,2.E-02));
#747 = DIRECTION('',(1.,0.,-0.));
#748 = DIRECTION('',(0.,0.,1.));
#749 = ORIENTED_EDGE('',*,*,#713,.F.);
#750 = CYLINDRICAL_SURFACE('',#751,2.E-02);
#751 = AXIS2_PLACEMENT_3D('',#752,#753,#754);
#752 = CARTESIAN_POINT('',(0.3,-0.23,2.E-02));
#753 = DIRECTION('',(1.,0.,0.));
#754 = DIRECTION('',(0.,-1.,0.));
#755 = ADVANCED_FACE('',(#756),#775,.T.);
#756 = FACE_BOUND('',#757,.T.);
#757 = EDGE_LOOP('',(#758,#759,#768,#774));
#758 = ORIENTED_EDGE('',*,*,#720,.T.);
#759 = ORIENTED_EDGE('',*,*,#760,.T.);
#760 = EDGE_CURVE('',#706,#761,#763,.T.);
#761 = VERTEX_POINT('',#762);
#762 = CARTESIAN_POINT('',(0.5,-0.23,0.5));
#763 = CIRCLE('',#764,2.E-02);
#764 = AXIS2_PLACEMENT_3D('',#765,#766,#767);
#765 = CARTESIAN_POINT('',(0.5,-0.23,0.48));
#766 = DIRECTION('',(-1.,0.,0.));
#767 = DIRECTION('',(0.,0.,1.));
#768 = ORIENTED_EDGE('',*,*,#769,.F.);
#769 = EDGE_CURVE('',#671,#761,#770,.T.);
#770 = LINE('',#771,#772);
#771 = CARTESIAN_POINT('',(0.3,-0.23,0.5));
#772 = VECTOR('',#773,1.);
#773 = DIRECTION('',(1.,0.,0.));
#774 = ORIENTED_EDGE('',*,*,#678,.F.);
#775 = CYLINDRICAL_SURFACE('',#776,2.E-02);
#776 = AXIS2_PLACEMENT_3D('',#777,#778,#779);
#777 = CARTESIAN_POINT('',(0.3,-0.23,0.48));
#778 = DIRECTION('',(1.,0.,0.));
#779 = DIRECTION('',(0.,-1.,0.));
#780 = ADVANCED_FACE('',(#781),#799,.F.);
#781 = FACE_BOUND('',#782,.F.);
#782 = EDGE_LOOP('',(#783,#784,#785,#793));
#783 = ORIENTED_EDGE('',*,*,#636,.F.);
#784 = ORIENTED_EDGE('',*,*,#735,.T.);
#785 = ORIENTED_EDGE('',*,*,#786,.T.);
#786 = EDGE_CURVE('',#736,#787,#789,.T.);
#787 = VERTEX_POINT('',#788);
#788 = CARTESIAN_POINT('',(0.5,0.23,0.));
#789 = LINE('',#790,#791);
#790 = CARTESIAN_POINT('',(0.5,-0.25,0.));
#791 = VECTOR('',#792,1.);
#792 = DIRECTION('',(0.,1.,0.));
#793 = ORIENTED_EDGE('',*,*,#794,.F.);
#794 = EDGE_CURVE('',#637,#787,#795,.T.);
#795 = LINE('',#796,#797);
#796 = CARTESIAN_POINT('',(0.3,0.23,0.));
#797 = VECTOR('',#798,1.);
#798 = DIRECTION('',(1.,0.,0.));
#799 = PLANE('',#800);
#800 = AXIS2_PLACEMENT_3D('',#801,#802,#803);
#801 = CARTESIAN_POINT('',(0.3,-0.25,0.));
#802 = DIRECTION('',(0.,0.,1.));
#803 = DIRECTION('',(1.,0.,-0.));
#804 = ADVANCED_FACE('',(#805),#823,.T.);
#805 = FACE_BOUND('',#806,.T.);
#806 = EDGE_LOOP('',(#807,#808,#809,#817));
#807 = ORIENTED_EDGE('',*,*,#670,.F.);
#808 = ORIENTED_EDGE('',*,*,#769,.T.);
#809 = ORIENTED_EDGE('',*,*,#810,.T.);
#810 = EDGE_CURVE('',#761,#811,#813,.T.);
#811 = VERTEX_POINT('',#812);
#812 = CARTESIAN_POINT('',(0.5,0.23,0.5));
#813 = LINE('',#814,#815);
#814 = CARTESIAN_POINT('',(0.5,-0.25,0.5));
#815 = VECTOR('',#816,1.);
#816 = DIRECTION('',(0.,1.,0.));
#817 = ORIENTED_EDGE('',*,*,#818,.F.);
#818 = EDGE_CURVE('',#662,#811,#819,.T.);
#819 = LINE('',#820,#821);
#820 = CARTESIAN_POINT('',(0.3,0.23,0.5));
#821 = VECTOR('',#822,1.);
#822 = DIRECTION('',(1.,0.,0.));
#823 = PLANE('',#824);
#824 = AXIS2_PLACEMENT_3D('',#825,#826,#827);
#825 = CARTESIAN_POINT('',(0.3,-0.25,0.5));
#826 = DIRECTION('',(0.,0.,1.));
#827 = DIRECTION('',(1.,0.,-0.));
#828 = ADVANCED_FACE('',(#829),#848,.T.);
#829 = FACE_BOUND('',#830,.T.);
#830 = EDGE_LOOP('',(#831,#839,#846,#847));
#831 = ORIENTED_EDGE('',*,*,#832,.T.);
#832 = EDGE_CURVE('',#645,#833,#835,.T.);
#833 = VERTEX_POINT('',#834);
#834 = CARTESIAN_POINT('',(0.5,0.25,2.E-02));
#835 = LINE('',#836,#837);
#836 = CARTESIAN_POINT('',(0.3,0.25,2.E-02));
#837 = VECTOR('',#838,1.);
#838 = DIRECTION('',(1.,0.,0.));
#839 = ORIENTED_EDGE('',*,*,#840,.T.);
#840 = EDGE_CURVE('',#833,#787,#841,.T.);
#841 = CIRCLE('',#842,2.E-02);
#842 = AXIS2_PLACEMENT_3D('',#843,#844,#845);
#843 = CARTESIAN_POINT('',(0.5,0.23,2.E-02));
#844 = DIRECTION('',(-1.,0.,0.));
#845 = DIRECTION('',(0.,0.,1.));
#846 = ORIENTED_EDGE('',*,*,#794,.F.);
#847 = ORIENTED_EDGE('',*,*,#644,.F.);
#848 = CYLINDRICAL_SURFACE('',#849,2.E-02);
#849 = AXIS2_PLACEMENT_3D('',#850,#851,#852);
#850 = CARTESIAN_POINT('',(0.3,0.23,2.E-02));
#851 = DIRECTION('',(1.,0.,0.));
#852 = DIRECTION('',(-0.,1.,0.));
#853 = ADVANCED_FACE('',(#854),#873,.T.);
#854 = FACE_BOUND('',#855,.T.);
#855 = EDGE_LOOP('',(#856,#857,#858,#867));
#856 = ORIENTED_EDGE('',*,*,#661,.T.);
#857 = ORIENTED_EDGE('',*,*,#818,.T.);
#858 = ORIENTED_EDGE('',*,*,#859,.F.);
#859 = EDGE_CURVE('',#860,#811,#862,.T.);
#860 = VERTEX_POINT('',#861);
#861 = CARTESIAN_POINT('',(0.5,0.25,0.48));
#862 = CIRCLE('',#863,2.E-02);
#863 = AXIS2_PLACEMENT_3D('',#864,#865,#866);
#864 = CARTESIAN_POINT('',(0.5,0.23,0.48));
#865 = DIRECTION('',(1.,0.,-0.));
#866 = DIRECTION('',(0.,0.,1.));
#867 = ORIENTED_EDGE('',*,*,#868,.F.);
#868 = EDGE_CURVE('',#654,#860,#869,.T.);
#869 = LINE('',#870,#871);
#870 = CARTESIAN_POINT('',(0.3,0.25,0.48));
#871 = VECTOR('',#872,1.);
#872 = DIRECTION('',(1.,0.,0.));
#873 = CYLINDRICAL_SURFACE('',#874,2.E-02);
#874 = AXIS2_PLACEMENT_3D('',#875,#876,#877);
#875 = CARTESIAN_POINT('',(0.3,0.23,0.48));
#876 = DIRECTION('',(1.,0.,0.));
#877 = DIRECTION('',(-0.,1.,0.));
#878 = ADVANCED_FACE('',(#879),#890,.T.);
#879 = FACE_BOUND('',#880,.T.);
#880 = EDGE_LOOP('',(#881,#887,#888,#889));
#881 = ORIENTED_EDGE('',*,*,#882,.F.);
#882 = EDGE_CURVE('',#833,#860,#883,.T.);
#883 = LINE('',#884,#885);
#884 = CARTESIAN_POINT('',(0.5,0.25,0.));
#885 = VECTOR('',#886,1.);
#886 = DIRECTION('',(0.,0.,1.));
#887 = ORIENTED_EDGE('',*,*,#832,.F.);
#888 = ORIENTED_EDGE('',*,*,#653,.T.);
#889 = ORIENTED_EDGE('',*,*,#868,.T.);
#890 = PLANE('',#891);
#891 = AXIS2_PLACEMENT_3D('',#892,#893,#894);
#892 = CARTESIAN_POINT('',(0.3,0.25,0.));
#893 = DIRECTION('',(0.,1.,0.));
#894 = DIRECTION('',(0.,-0.,1.));
#895 = ADVANCED_FACE('',(#896),#906,.T.);
#896 = FACE_BOUND('',#897,.T.);
#897 = EDGE_LOOP('',(#898,#899,#900,#901,#902,#903,#904,#905));
#898 = ORIENTED_EDGE('',*,*,#703,.F.);
#899 = ORIENTED_EDGE('',*,*,#743,.T.);
#900 = ORIENTED_EDGE('',*,*,#786,.T.);
#901 = ORIENTED_EDGE('',*,*,#840,.F.);
#902 = ORIENTED_EDGE('',*,*,#882,.T.);
#903 = ORIENTED_EDGE('',*,*,#859,.T.);
#904 = ORIENTED_EDGE('',*,*,#810,.F.);
#905 = ORIENTED_EDGE('',*,*,#760,.F.);
#906 = PLANE('',#907);
#907 = AXIS2_PLACEMENT_3D('',#908,#909,#910);
#908 = CARTESIAN_POINT('',(0.5,-0.25,0.));
#909 = DIRECTION('',(1.,0.,0.));
#910 = DIRECTION('',(0.,0.,1.));
#911 = ( GEOMETRIC_REPRESENTATION_CONTEXT(3) 
GLOBAL_UNCERTAINTY_ASSIGNED_CONTEXT((#915)) GLOBAL_UNIT_ASSIGNED_CONTEXT
((#912,#913,#914)) REPRESENTATION_CONTEXT('Context #1',
  '3D Context with UNIT and UNCERTAINTY') );
#912 = ( LENGTH_UNIT() NAMED_UNIT(*) SI_UNIT(.MILLI.,.METRE.) );
#913 = ( NAMED_UNIT(*) PLANE_ANGLE_UNIT() SI_UNIT($,.RADIAN.) );
#914 = ( NAMED_UNIT(*) SI_UNIT($,.STERADIAN.) SOLID_ANGLE_UNIT() );
#915 = UNCERTAINTY_MEASURE_WITH_UNIT(LENGTH_MEASURE(1.E-07),#912,
  'distance_accuracy_value','confusion accuracy');
#916 = CONTEXT_DEPENDENT_SHAPE_REPRESENTATION(#917,#919);
#917 = ( REPRESENTATION_RELATIONSHIP('','',#56,#10) 
REPRESENTATION_RELATIONSHIP_WITH_TRANSFORMATION(#918) 
SHAPE_REPRESENTATION_RELATIONSHIP() );
#918 = ITEM_DEFINED_TRANSFORMATION('','',#11,#15);
#919 = PRODUCT_DEFINITION_SHAPE('Placement','Placement of an item',#920
  );
#920 = NEXT_ASSEMBLY_USAGE_OCCURRENCE('1','C2','',#5,#51,$);
#921 = PRODUCT_RELATED_PRODUCT_CATEGORY('part',$,(#53));
#922 = SHAPE_DEFINITION_REPRESENTATION(#923,#929);
#923 = PRODUCT_DEFINITION_SHAPE('','',#924);
#924 = PRODUCT_DEFINITION('design','',#925,#928);
#925 = PRODUCT_DEFINITION_FORMATION('','',#926);
#926 = PRODUCT('LED_0603_1608Metric','LED_0603_1608Metric','',(#927));
#927 = PRODUCT_CONTEXT('',#2,'mechanical');
#928 = PRODUCT_DEFINITION_CONTEXT('part definition',#2,'design');
#929 = ADVANCED_BREP_SHAPE_REPRESENTATION('',(#11,#930),#2453);
#930 = MANIFOLD_SOLID_BREP('',#931);
#931 = CLOSED_SHELL('',(#932,#972,#1019,#1098,#1122,#1162,#1193,#1210,
    #1243,#1267,#1334,#1455,#1522,#1546,#1577,#1610,#1666,#1690,#1714,
    #1738,#1771,#1783,#1846,#1871,#1888,#1912,#1930,#1948,#1966,#1983,
    #2000,#2031,#2056,#2081,#2105,#2122,#2153,#2177,#2194,#2222,#2247,
    #2271,#2296,#2343,#2360,#2372,#2394,#2406,#2424,#2442));
#932 = ADVANCED_FACE('',(#933),#967,.F.);
#933 = FACE_BOUND('',#934,.F.);
#934 = EDGE_LOOP('',(#935,#945,#953,#961));
#935 = ORIENTED_EDGE('',*,*,#936,.T.);
#936 = EDGE_CURVE('',#937,#939,#941,.T.);
#937 = VERTEX_POINT('',#938);
#938 = CARTESIAN_POINT('',(-0.5,-0.4,0.47));
#939 = VERTEX_POINT('',#940);
#940 = CARTESIAN_POINT('',(-0.45,-0.4,1.1));
#941 = LINE('',#942,#943);
#942 = CARTESIAN_POINT('',(-0.5,-0.4,0.47));
#943 = VECTOR('',#944,1.);
#944 = DIRECTION('',(7.911630099815E-02,0.,0.996865392576));
#945 = ORIENTED_EDGE('',*,*,#946,.T.);
#946 = EDGE_CURVE('',#939,#947,#949,.T.);
#947 = VERTEX_POINT('',#948);
#948 = CARTESIAN_POINT('',(0.45,-0.4,1.1));
#949 = LINE('',#950,#951);
#950 = CARTESIAN_POINT('',(-0.45,-0.4,1.1));
#951 = VECTOR('',#952,1.);
#952 = DIRECTION('',(1.,0.,0.));
#953 = ORIENTED_EDGE('',*,*,#954,.T.);
#954 = EDGE_CURVE('',#947,#955,#957,.T.);
#955 = VERTEX_POINT('',#956);
#956 = CARTESIAN_POINT('',(0.5,-0.4,0.47));
#957 = LINE('',#958,#959);
#958 = CARTESIAN_POINT('',(0.45,-0.4,1.1));
#959 = VECTOR('',#960,1.);
#960 = DIRECTION('',(7.911630099815E-02,0.,-0.996865392576));
#961 = ORIENTED_EDGE('',*,*,#962,.T.);
#962 = EDGE_CURVE('',#955,#937,#963,.T.);
#963 = LINE('',#964,#965);
#964 = CARTESIAN_POINT('',(0.5,-0.4,0.47));
#965 = VECTOR('',#966,1.);
#966 = DIRECTION('',(-1.,0.,0.));
#967 = PLANE('',#968);
#968 = AXIS2_PLACEMENT_3D('',#969,#970,#971);
#969 = CARTESIAN_POINT('',(-8.772411109409E-18,-0.4,0.775044128294));
#970 = DIRECTION('',(0.,1.,0.));
#971 = DIRECTION('',(0.,-0.,1.));
#972 = ADVANCED_FACE('',(#973),#1014,.T.);
#973 = FACE_BOUND('',#974,.T.);
#974 = EDGE_LOOP('',(#975,#985,#993,#999,#1000,#1008));
#975 = ORIENTED_EDGE('',*,*,#976,.T.);
#976 = EDGE_CURVE('',#977,#979,#981,.T.);
#977 = VERTEX_POINT('',#978);
#978 = CARTESIAN_POINT('',(-0.5,0.4,0.47));
#979 = VERTEX_POINT('',#980);
#980 = CARTESIAN_POINT('',(-0.5,0.3,0.47));
#981 = LINE('',#982,#983);
#982 = CARTESIAN_POINT('',(-0.5,0.4,0.47));
#983 = VECTOR('',#984,1.);
#984 = DIRECTION('',(0.,-1.,0.));
#985 = ORIENTED_EDGE('',*,*,#986,.F.);
#986 = EDGE_CURVE('',#987,#979,#989,.T.);
#987 = VERTEX_POINT('',#988);
#988 = CARTESIAN_POINT('',(-0.5,-0.3,0.47));
#989 = LINE('',#990,#991);
#990 = CARTESIAN_POINT('',(-0.5,-0.4,0.47));
#991 = VECTOR('',#992,1.);
#992 = DIRECTION('',(0.,1.,0.));
#993 = ORIENTED_EDGE('',*,*,#994,.T.);
#994 = EDGE_CURVE('',#987,#937,#995,.T.);
#995 = LINE('',#996,#997);
#996 = CARTESIAN_POINT('',(-0.5,0.4,0.47));
#997 = VECTOR('',#998,1.);
#998 = DIRECTION('',(0.,-1.,0.));
#999 = ORIENTED_EDGE('',*,*,#936,.T.);
#1000 = ORIENTED_EDGE('',*,*,#1001,.F.);
#1001 = EDGE_CURVE('',#1002,#939,#1004,.T.);
#1002 = VERTEX_POINT('',#1003);
#1003 = CARTESIAN_POINT('',(-0.45,0.4,1.1));
#1004 = LINE('',#1005,#1006);
#1005 = CARTESIAN_POINT('',(-0.45,0.4,1.1));
#1006 = VECTOR('',#1007,1.);
#1007 = DIRECTION('',(0.,-1.,0.));
#1008 = ORIENTED_EDGE('',*,*,#1009,.F.);
#1009 = EDGE_CURVE('',#977,#1002,#1010,.T.);
#1010 = LINE('',#1011,#1012);
#1011 = CARTESIAN_POINT('',(-0.5,0.4,0.47));
#1012 = VECTOR('',#1013,1.);
#1013 = DIRECTION('',(7.911630099815E-02,0.,0.996865392576));
#1014 = PLANE('',#1015);
#1015 = AXIS2_PLACEMENT_3D('',#1016,#1017,#1018);
#1016 = CARTESIAN_POINT('',(-0.5,0.4,0.47));
#1017 = DIRECTION('',(-0.996865392576,0.,7.911630099815E-02));
#1018 = DIRECTION('',(7.911630099815E-02,0.,0.996865392576));
#1019 = ADVANCED_FACE('',(#1020),#1093,.F.);
#1020 = FACE_BOUND('',#1021,.F.);
#1021 = EDGE_LOOP('',(#1022,#1032,#1040,#1048,#1054,#1055,#1063,#1071,
    #1079,#1087));
#1022 = ORIENTED_EDGE('',*,*,#1023,.F.);
#1023 = EDGE_CURVE('',#1024,#1026,#1028,.T.);
#1024 = VERTEX_POINT('',#1025);
#1025 = CARTESIAN_POINT('',(-0.77,-0.4,3.E-02));
#1026 = VERTEX_POINT('',#1027);
#1027 = CARTESIAN_POINT('',(-0.725,-0.4,3.E-02));
#1028 = LINE('',#1029,#1030);
#1029 = CARTESIAN_POINT('',(-0.77,-0.4,3.E-02));
#1030 = VECTOR('',#1031,1.);
#1031 = DIRECTION('',(1.,0.,0.));
#1032 = ORIENTED_EDGE('',*,*,#1033,.T.);
#1033 = EDGE_CURVE('',#1024,#1034,#1036,.T.);
#1034 = VERTEX_POINT('',#1035);
#1035 = CARTESIAN_POINT('',(-0.77,-0.4,0.47));
#1036 = LINE('',#1037,#1038);
#1037 = CARTESIAN_POINT('',(-0.77,-0.4,3.E-02));
#1038 = VECTOR('',#1039,1.);
#1039 = DIRECTION('',(0.,0.,1.));
#1040 = ORIENTED_EDGE('',*,*,#1041,.T.);
#1041 = EDGE_CURVE('',#1034,#1042,#1044,.T.);
#1042 = VERTEX_POINT('',#1043);
#1043 = CARTESIAN_POINT('',(-0.725,-0.4,0.47));
#1044 = LINE('',#1045,#1046);
#1045 = CARTESIAN_POINT('',(-0.77,-0.4,0.47));
#1046 = VECTOR('',#1047,1.);
#1047 = DIRECTION('',(1.,0.,0.));
#1048 = ORIENTED_EDGE('',*,*,#1049,.T.);
#1049 = EDGE_CURVE('',#1042,#937,#1050,.T.);
#1050 = LINE('',#1051,#1052);
#1051 = CARTESIAN_POINT('',(-0.77,-0.4,0.47));
#1052 = VECTOR('',#1053,1.);
#1053 = DIRECTION('',(1.,0.,0.));
#1054 = ORIENTED_EDGE('',*,*,#962,.F.);
#1055 = ORIENTED_EDGE('',*,*,#1056,.T.);
#1056 = EDGE_CURVE('',#955,#1057,#1059,.T.);
#1057 = VERTEX_POINT('',#1058);
#1058 = CARTESIAN_POINT('',(0.725,-0.4,0.47));
#1059 = LINE('',#1060,#1061);
#1060 = CARTESIAN_POINT('',(-0.77,-0.4,0.47));
#1061 = VECTOR('',#1062,1.);
#1062 = DIRECTION('',(1.,0.,0.));
#1063 = ORIENTED_EDGE('',*,*,#1064,.T.);
#1064 = EDGE_CURVE('',#1057,#1065,#1067,.T.);
#1065 = VERTEX_POINT('',#1066);
#1066 = CARTESIAN_POINT('',(0.77,-0.4,0.47));
#1067 = LINE('',#1068,#1069);
#1068 = CARTESIAN_POINT('',(-0.77,-0.4,0.47));
#1069 = VECTOR('',#1070,1.);
#1070 = DIRECTION('',(1.,0.,0.));
#1071 = ORIENTED_EDGE('',*,*,#1072,.F.);
#1072 = EDGE_CURVE('',#1073,#1065,#1075,.T.);
#1073 = VERTEX_POINT('',#1074);
#1074 = CARTESIAN_POINT('',(0.77,-0.4,3.E-02));
#1075 = LINE('',#1076,#1077);
#1076 = CARTESIAN_POINT('',(0.77,-0.4,3.E-02));
#1077 = VECTOR('',#1078,1.);
#1078 = DIRECTION('',(0.,0.,1.));
#1079 = ORIENTED_EDGE('',*,*,#1080,.F.);
#1080 = EDGE_CURVE('',#1081,#1073,#1083,.T.);
#1081 = VERTEX_POINT('',#1082);
#1082 = CARTESIAN_POINT('',(0.725,-0.4,3.E-02));
#1083 = LINE('',#1084,#1085);
#1084 = CARTESIAN_POINT('',(-0.77,-0.4,3.E-02));
#1085 = VECTOR('',#1086,1.);
#1086 = DIRECTION('',(1.,0.,0.));
#1087 = ORIENTED_EDGE('',*,*,#1088,.F.);
#1088 = EDGE_CURVE('',#1026,#1081,#1089,.T.);
#1089 = LINE('',#1090,#1091);
#1090 = CARTESIAN_POINT('',(-0.77,-0.4,3.E-02));
#1091 = VECTOR('',#1092,1.);
#1092 = DIRECTION('',(1.,0.,0.));
#1093 = PLANE('',#1094);
#1094 = AXIS2_PLACEMENT_3D('',#1095,#1096,#1097);
#1095 = CARTESIAN_POINT('',(-0.77,-0.4,3.E-02));
#1096 = DIRECTION('',(0.,1.,0.));
#1097 = DIRECTION('',(0.,-0.,1.));
#1098 = ADVANCED_FACE('',(#1099),#1117,.T.);
#1099 = FACE_BOUND('',#1100,.T.);
#1100 = EDGE_LOOP('',(#1101,#1102,#1103,#1111));
#1101 = ORIENTED_EDGE('',*,*,#1001,.T.);
#1102 = ORIENTED_EDGE('',*,*,#946,.T.);
#1103 = ORIENTED_EDGE('',*,*,#1104,.F.);
#1104 = EDGE_CURVE('',#1105,#947,#1107,.T.);
#1105 = VERTEX_POINT('',#1106);
#1106 = CARTESIAN_POINT('',(0.45,0.4,1.1));
#1107 = LINE('',#1108,#1109);
#1108 = CARTESIAN_POINT('',(0.45,0.4,1.1));
#1109 = VECTOR('',#1110,1.);
#1110 = DIRECTION('',(0.,-1.,0.));
#1111 = ORIENTED_EDGE('',*,*,#1112,.F.);
#1112 = EDGE_CURVE('',#1002,#1105,#1113,.T.);
#1113 = LINE('',#1114,#1115);
#1114 = CARTESIAN_POINT('',(-0.45,0.4,1.1));
#1115 = VECTOR('',#1116,1.);
#1116 = DIRECTION('',(1.,0.,0.));
#1117 = PLANE('',#1118);
#1118 = AXIS2_PLACEMENT_3D('',#1119,#1120,#1121);
#1119 = CARTESIAN_POINT('',(-0.45,0.4,1.1));
#1120 = DIRECTION('',(0.,0.,1.));
#1121 = DIRECTION('',(1.,0.,-0.));
#1122 = ADVANCED_FACE('',(#1123),#1157,.T.);
#1123 = FACE_BOUND('',#1124,.T.);
#1124 = EDGE_LOOP('',(#1125,#1126,#1127,#1135,#1143,#1151));
#1125 = ORIENTED_EDGE('',*,*,#1104,.T.);
#1126 = ORIENTED_EDGE('',*,*,#954,.T.);
#1127 = ORIENTED_EDGE('',*,*,#1128,.F.);
#1128 = EDGE_CURVE('',#1129,#955,#1131,.T.);
#1129 = VERTEX_POINT('',#1130);
#1130 = CARTESIAN_POINT('',(0.5,-0.3,0.47));
#1131 = LINE('',#1132,#1133);
#1132 = CARTESIAN_POINT('',(0.5,0.4,0.47));
#1133 = VECTOR('',#1134,1.);
#1134 = DIRECTION('',(0.,-1.,0.));
#1135 = ORIENTED_EDGE('',*,*,#1136,.T.);
#1136 = EDGE_CURVE('',#1129,#1137,#1139,.T.);
#1137 = VERTEX_POINT('',#1138);
#1138 = CARTESIAN_POINT('',(0.5,0.3,0.47));
#1139 = LINE('',#1140,#1141);
#1140 = CARTESIAN_POINT('',(0.5,-0.4,0.47));
#1141 = VECTOR('',#1142,1.);
#1142 = DIRECTION('',(0.,1.,0.));
#1143 = ORIENTED_EDGE('',*,*,#1144,.F.);
#1144 = EDGE_CURVE('',#1145,#1137,#1147,.T.);
#1145 = VERTEX_POINT('',#1146);
#1146 = CARTESIAN_POINT('',(0.5,0.4,0.47));
#1147 = LINE('',#1148,#1149);
#1148 = CARTESIAN_POINT('',(0.5,0.4,0.47));
#1149 = VECTOR('',#1150,1.);
#1150 = DIRECTION('',(0.,-1.,0.));
#1151 = ORIENTED_EDGE('',*,*,#1152,.F.);
#1152 = EDGE_CURVE('',#1105,#1145,#1153,.T.);
#1153 = LINE('',#1154,#1155);
#1154 = CARTESIAN_POINT('',(0.45,0.4,1.1));
#1155 = VECTOR('',#1156,1.);
#1156 = DIRECTION('',(7.911630099815E-02,0.,-0.996865392576));
#1157 = PLANE('',#1158);
#1158 = AXIS2_PLACEMENT_3D('',#1159,#1160,#1161);
#1159 = CARTESIAN_POINT('',(0.45,0.4,1.1));
#1160 = DIRECTION('',(0.996865392576,0.,7.911630099815E-02));
#1161 = DIRECTION('',(7.911630099815E-02,0.,-0.996865392576));
#1162 = ADVANCED_FACE('',(#1163),#1188,.T.);
#1163 = FACE_BOUND('',#1164,.T.);
#1164 = EDGE_LOOP('',(#1165,#1173,#1181,#1187));
#1165 = ORIENTED_EDGE('',*,*,#1166,.F.);
#1166 = EDGE_CURVE('',#1167,#977,#1169,.T.);
#1167 = VERTEX_POINT('',#1168);
#1168 = CARTESIAN_POINT('',(-0.725,0.4,0.47));
#1169 = LINE('',#1170,#1171);
#1170 = CARTESIAN_POINT('',(-0.77,0.4,0.47));
#1171 = VECTOR('',#1172,1.);
#1172 = DIRECTION('',(1.,0.,0.));
#1173 = ORIENTED_EDGE('',*,*,#1174,.F.);
#1174 = EDGE_CURVE('',#1175,#1167,#1177,.T.);
#1175 = VERTEX_POINT('',#1176);
#1176 = CARTESIAN_POINT('',(-0.725,0.3,0.47));
#1177 = LINE('',#1178,#1179);
#1178 = CARTESIAN_POINT('',(-0.725,5.E-02,0.47));
#1179 = VECTOR('',#1180,1.);
#1180 = DIRECTION('',(0.,1.,0.));
#1181 = ORIENTED_EDGE('',*,*,#1182,.F.);
#1182 = EDGE_CURVE('',#979,#1175,#1183,.T.);
#1183 = LINE('',#1184,#1185);
#1184 = CARTESIAN_POINT('',(-0.7475,0.3,0.47));
#1185 = VECTOR('',#1186,1.);
#1186 = DIRECTION('',(-1.,0.,0.));
#1187 = ORIENTED_EDGE('',*,*,#976,.F.);
#1188 = PLANE('',#1189);
#1189 = AXIS2_PLACEMENT_3D('',#1190,#1191,#1192);
#1190 = CARTESIAN_POINT('',(-0.77,-0.4,0.47));
#1191 = DIRECTION('',(0.,0.,1.));
#1192 = DIRECTION('',(1.,0.,-0.));
#1193 = ADVANCED_FACE('',(#1194),#1205,.T.);
#1194 = FACE_BOUND('',#1195,.T.);
#1195 = EDGE_LOOP('',(#1196,#1197,#1198,#1199));
#1196 = ORIENTED_EDGE('',*,*,#1009,.T.);
#1197 = ORIENTED_EDGE('',*,*,#1112,.T.);
#1198 = ORIENTED_EDGE('',*,*,#1152,.T.);
#1199 = ORIENTED_EDGE('',*,*,#1200,.T.);
#1200 = EDGE_CURVE('',#1145,#977,#1201,.T.);
#1201 = LINE('',#1202,#1203);
#1202 = CARTESIAN_POINT('',(0.5,0.4,0.47));
#1203 = VECTOR('',#1204,1.);
#1204 = DIRECTION('',(-1.,0.,0.));
#1205 = PLANE('',#1206);
#1206 = AXIS2_PLACEMENT_3D('',#1207,#1208,#1209);
#1207 = CARTESIAN_POINT('',(-8.772411109409E-18,0.4,0.775044128294));
#1208 = DIRECTION('',(0.,1.,0.));
#1209 = DIRECTION('',(0.,-0.,1.));
#1210 = ADVANCED_FACE('',(#1211),#1238,.T.);
#1211 = FACE_BOUND('',#1212,.T.);
#1212 = EDGE_LOOP('',(#1213,#1222,#1230,#1237));
#1213 = ORIENTED_EDGE('',*,*,#1214,.F.);
#1214 = EDGE_CURVE('',#1215,#979,#1217,.T.);
#1215 = VERTEX_POINT('',#1216);
#1216 = CARTESIAN_POINT('',(-0.53,0.3,0.5));
#1217 = CIRCLE('',#1218,3.E-02);
#1218 = AXIS2_PLACEMENT_3D('',#1219,#1220,#1221);
#1219 = CARTESIAN_POINT('',(-0.53,0.3,0.47));
#1220 = DIRECTION('',(-0.,1.,0.));
#1221 = DIRECTION('',(1.,0.,0.));
#1222 = ORIENTED_EDGE('',*,*,#1223,.F.);
#1223 = EDGE_CURVE('',#1224,#1215,#1226,.T.);
#1224 = VERTEX_POINT('',#1225);
#1225 = CARTESIAN_POINT('',(-0.53,-0.3,0.5));
#1226 = LINE('',#1227,#1228);
#1227 = CARTESIAN_POINT('',(-0.53,-0.4,0.5));
#1228 = VECTOR('',#1229,1.);
#1229 = DIRECTION('',(0.,1.,0.));
#1230 = ORIENTED_EDGE('',*,*,#1231,.T.);
#1231 = EDGE_CURVE('',#1224,#987,#1232,.T.);
#1232 = CIRCLE('',#1233,3.E-02);
#1233 = AXIS2_PLACEMENT_3D('',#1234,#1235,#1236);
#1234 = CARTESIAN_POINT('',(-0.53,-0.3,0.47));
#1235 = DIRECTION('',(-0.,1.,0.));
#1236 = DIRECTION('',(1.,0.,0.));
#1237 = ORIENTED_EDGE('',*,*,#986,.T.);
#1238 = CYLINDRICAL_SURFACE('',#1239,3.E-02);
#1239 = AXIS2_PLACEMENT_3D('',#1240,#1241,#1242);
#1240 = CARTESIAN_POINT('',(-0.53,-0.4,0.47));
#1241 = DIRECTION('',(0.,1.,0.));
#1242 = DIRECTION('',(1.,0.,0.));
#1243 = ADVANCED_FACE('',(#1244),#1262,.T.);
#1244 = FACE_BOUND('',#1245,.T.);
#1245 = EDGE_LOOP('',(#1246,#1254,#1255,#1256));
#1246 = ORIENTED_EDGE('',*,*,#1247,.F.);
#1247 = EDGE_CURVE('',#1042,#1248,#1250,.T.);
#1248 = VERTEX_POINT('',#1249);
#1249 = CARTESIAN_POINT('',(-0.725,-0.3,0.47));
#1250 = LINE('',#1251,#1252);
#1251 = CARTESIAN_POINT('',(-0.725,-0.35,0.47));
#1252 = VECTOR('',#1253,1.);
#1253 = DIRECTION('',(0.,1.,0.));
#1254 = ORIENTED_EDGE('',*,*,#1049,.T.);
#1255 = ORIENTED_EDGE('',*,*,#994,.F.);
#1256 = ORIENTED_EDGE('',*,*,#1257,.F.);
#1257 = EDGE_CURVE('',#1248,#987,#1258,.T.);
#1258 = LINE('',#1259,#1260);
#1259 = CARTESIAN_POINT('',(-2.25E-02,-0.3,0.47));
#1260 = VECTOR('',#1261,1.);
#1261 = DIRECTION('',(1.,0.,0.));
#1262 = PLANE('',#1263);
#1263 = AXIS2_PLACEMENT_3D('',#1264,#1265,#1266);
#1264 = CARTESIAN_POINT('',(-0.77,-0.4,0.47));
#1265 = DIRECTION('',(0.,0.,1.));
#1266 = DIRECTION('',(1.,0.,-0.));
#1267 = ADVANCED_FACE('',(#1268),#1329,.F.);
#1268 = FACE_BOUND('',#1269,.F.);
#1269 = EDGE_LOOP('',(#1270,#1280,#1289,#1297,#1306,#1314,#1320,#1321,
    #1322,#1323));
#1270 = ORIENTED_EDGE('',*,*,#1271,.F.);
#1271 = EDGE_CURVE('',#1272,#1274,#1276,.T.);
#1272 = VERTEX_POINT('',#1273);
#1273 = CARTESIAN_POINT('',(-0.77,-0.4,-3.469446951954E-18));
#1274 = VERTEX_POINT('',#1275);
#1275 = CARTESIAN_POINT('',(-0.725,-0.4,0.));
#1276 = LINE('',#1277,#1278);
#1277 = CARTESIAN_POINT('',(-0.8,-0.4,0.));
#1278 = VECTOR('',#1279,1.);
#1279 = DIRECTION('',(1.,0.,0.));
#1280 = ORIENTED_EDGE('',*,*,#1281,.F.);
#1281 = EDGE_CURVE('',#1282,#1272,#1284,.T.);
#1282 = VERTEX_POINT('',#1283);
#1283 = CARTESIAN_POINT('',(-0.8,-0.4,3.E-02));
#1284 = CIRCLE('',#1285,3.E-02);
#1285 = AXIS2_PLACEMENT_3D('',#1286,#1287,#1288);
#1286 = CARTESIAN_POINT('',(-0.77,-0.4,3.E-02));
#1287 = DIRECTION('',(0.,-1.,0.));
#1288 = DIRECTION('',(0.,0.,1.));
#1289 = ORIENTED_EDGE('',*,*,#1290,.T.);
#1290 = EDGE_CURVE('',#1282,#1291,#1293,.T.);
#1291 = VERTEX_POINT('',#1292);
#1292 = CARTESIAN_POINT('',(-0.8,-0.4,0.47));
#1293 = LINE('',#1294,#1295);
#1294 = CARTESIAN_POINT('',(-0.8,-0.4,0.));
#1295 = VECTOR('',#1296,1.);
#1296 = DIRECTION('',(0.,0.,1.));
#1297 = ORIENTED_EDGE('',*,*,#1298,.T.);
#1298 = EDGE_CURVE('',#1291,#1299,#1301,.T.);
#1299 = VERTEX_POINT('',#1300);
#1300 = CARTESIAN_POINT('',(-0.77,-0.4,0.5));
#1301 = CIRCLE('',#1302,3.E-02);
#1302 = AXIS2_PLACEMENT_3D('',#1303,#1304,#1305);
#1303 = CARTESIAN_POINT('',(-0.77,-0.4,0.47));
#1304 = DIRECTION('',(0.,1.,0.));
#1305 = DIRECTION('',(0.,-0.,1.));
#1306 = ORIENTED_EDGE('',*,*,#1307,.T.);
#1307 = EDGE_CURVE('',#1299,#1308,#1310,.T.);
#1308 = VERTEX_POINT('',#1309);
#1309 = CARTESIAN_POINT('',(-0.725,-0.4,0.5));
#1310 = LINE('',#1311,#1312);
#1311 = CARTESIAN_POINT('',(-0.8,-0.4,0.5));
#1312 = VECTOR('',#1313,1.);
#1313 = DIRECTION('',(1.,0.,0.));
#1314 = ORIENTED_EDGE('',*,*,#1315,.F.);
#1315 = EDGE_CURVE('',#1042,#1308,#1316,.T.);
#1316 = LINE('',#1317,#1318);
#1317 = CARTESIAN_POINT('',(-0.725,-0.4,0.375));
#1318 = VECTOR('',#1319,1.);
#1319 = DIRECTION('',(0.,0.,1.));
#1320 = ORIENTED_EDGE('',*,*,#1041,.F.);
#1321 = ORIENTED_EDGE('',*,*,#1033,.F.);
#1322 = ORIENTED_EDGE('',*,*,#1023,.T.);
#1323 = ORIENTED_EDGE('',*,*,#1324,.F.);
#1324 = EDGE_CURVE('',#1274,#1026,#1325,.T.);
#1325 = LINE('',#1326,#1327);
#1326 = CARTESIAN_POINT('',(-0.725,-0.4,0.375));
#1327 = VECTOR('',#1328,1.);
#1328 = DIRECTION('',(0.,0.,1.));
#1329 = PLANE('',#1330);
#1330 = AXIS2_PLACEMENT_3D('',#1331,#1332,#1333);
#1331 = CARTESIAN_POINT('',(-0.8,-0.4,0.));
#1332 = DIRECTION('',(0.,1.,0.));
#1333 = DIRECTION('',(0.,-0.,1.));
#1334 = ADVANCED_FACE('',(#1335,#1424),#1450,.F.);
#1335 = FACE_BOUND('',#1336,.F.);
#1336 = EDGE_LOOP('',(#1337,#1345,#1346,#1354,#1362,#1370,#1378,#1386,
    #1394,#1402,#1410,#1418));
#1337 = ORIENTED_EDGE('',*,*,#1338,.F.);
#1338 = EDGE_CURVE('',#1026,#1339,#1341,.T.);
#1339 = VERTEX_POINT('',#1340);
#1340 = CARTESIAN_POINT('',(-0.725,-0.3,3.E-02));
#1341 = LINE('',#1342,#1343);
#1342 = CARTESIAN_POINT('',(-0.725,-0.35,3.E-02));
#1343 = VECTOR('',#1344,1.);
#1344 = DIRECTION('',(0.,1.,0.));
#1345 = ORIENTED_EDGE('',*,*,#1088,.T.);
#1346 = ORIENTED_EDGE('',*,*,#1347,.F.);
#1347 = EDGE_CURVE('',#1348,#1081,#1350,.T.);
#1348 = VERTEX_POINT('',#1349);
#1349 = CARTESIAN_POINT('',(0.725,-0.3,3.E-02));
#1350 = LINE('',#1351,#1352);
#1351 = CARTESIAN_POINT('',(0.725,-0.45,3.E-02));
#1352 = VECTOR('',#1353,1.);
#1353 = DIRECTION('',(0.,-1.,0.));
#1354 = ORIENTED_EDGE('',*,*,#1355,.F.);
#1355 = EDGE_CURVE('',#1356,#1348,#1358,.T.);
#1356 = VERTEX_POINT('',#1357);
#1357 = CARTESIAN_POINT('',(0.5,-0.3,3.E-02));
#1358 = LINE('',#1359,#1360);
#1359 = CARTESIAN_POINT('',(-2.25E-02,-0.3,3.E-02));
#1360 = VECTOR('',#1361,1.);
#1361 = DIRECTION('',(1.,0.,0.));
#1362 = ORIENTED_EDGE('',*,*,#1363,.T.);
#1363 = EDGE_CURVE('',#1356,#1364,#1366,.T.);
#1364 = VERTEX_POINT('',#1365);
#1365 = CARTESIAN_POINT('',(0.5,0.3,3.E-02));
#1366 = LINE('',#1367,#1368);
#1367 = CARTESIAN_POINT('',(0.5,-0.4,3.E-02));
#1368 = VECTOR('',#1369,1.);
#1369 = DIRECTION('',(0.,1.,0.));
#1370 = ORIENTED_EDGE('',*,*,#1371,.F.);
#1371 = EDGE_CURVE('',#1372,#1364,#1374,.T.);
#1372 = VERTEX_POINT('',#1373);
#1373 = CARTESIAN_POINT('',(0.725,0.3,3.E-02));
#1374 = LINE('',#1375,#1376);
#1375 = CARTESIAN_POINT('',(-0.7475,0.3,3.E-02));
#1376 = VECTOR('',#1377,1.);
#1377 = DIRECTION('',(-1.,0.,0.));
#1378 = ORIENTED_EDGE('',*,*,#1379,.F.);
#1379 = EDGE_CURVE('',#1380,#1372,#1382,.T.);
#1380 = VERTEX_POINT('',#1381);
#1381 = CARTESIAN_POINT('',(0.725,0.4,3.E-02));
#1382 = LINE('',#1383,#1384);
#1383 = CARTESIAN_POINT('',(0.725,-5.E-02,3.E-02));
#1384 = VECTOR('',#1385,1.);
#1385 = DIRECTION('',(0.,-1.,0.));
#1386 = ORIENTED_EDGE('',*,*,#1387,.F.);
#1387 = EDGE_CURVE('',#1388,#1380,#1390,.T.);
#1388 = VERTEX_POINT('',#1389);
#1389 = CARTESIAN_POINT('',(-0.725,0.4,3.E-02));
#1390 = LINE('',#1391,#1392);
#1391 = CARTESIAN_POINT('',(-0.77,0.4,3.E-02));
#1392 = VECTOR('',#1393,1.);
#1393 = DIRECTION('',(1.,0.,0.));
#1394 = ORIENTED_EDGE('',*,*,#1395,.F.);
#1395 = EDGE_CURVE('',#1396,#1388,#1398,.T.);
#1396 = VERTEX_POINT('',#1397);
#1397 = CARTESIAN_POINT('',(-0.725,0.3,3.E-02));
#1398 = LINE('',#1399,#1400);
#1399 = CARTESIAN_POINT('',(-0.725,5.E-02,3.E-02));
#1400 = VECTOR('',#1401,1.);
#1401 = DIRECTION('',(0.,1.,0.));
#1402 = ORIENTED_EDGE('',*,*,#1403,.F.);
#1403 = EDGE_CURVE('',#1404,#1396,#1406,.T.);
#1404 = VERTEX_POINT('',#1405);
#1405 = CARTESIAN_POINT('',(-0.5,0.3,3.E-02));
#1406 = LINE('',#1407,#1408);
#1407 = CARTESIAN_POINT('',(-0.7475,0.3,3.E-02));
#1408 = VECTOR('',#1409,1.);
#1409 = DIRECTION('',(-1.,0.,0.));
#1410 = ORIENTED_EDGE('',*,*,#1411,.F.);
#1411 = EDGE_CURVE('',#1412,#1404,#1414,.T.);
#1412 = VERTEX_POINT('',#1413);
#1413 = CARTESIAN_POINT('',(-0.5,-0.3,3.E-02));
#1414 = LINE('',#1415,#1416);
#1415 = CARTESIAN_POINT('',(-0.5,-0.4,3.E-02));
#1416 = VECTOR('',#1417,1.);
#1417 = DIRECTION('',(0.,1.,0.));
#1418 = ORIENTED_EDGE('',*,*,#1419,.F.);
#1419 = EDGE_CURVE('',#1339,#1412,#1420,.T.);
#1420 = LINE('',#1421,#1422);
#1421 = CARTESIAN_POINT('',(-2.25E-02,-0.3,3.E-02));
#1422 = VECTOR('',#1423,1.);
#1423 = DIRECTION('',(1.,0.,0.));
#1424 = FACE_BOUND('',#1425,.F.);
#1425 = EDGE_LOOP('',(#1426,#1436,#1444));
#1426 = ORIENTED_EDGE('',*,*,#1427,.T.);
#1427 = EDGE_CURVE('',#1428,#1430,#1432,.T.);
#1428 = VERTEX_POINT('',#1429);
#1429 = CARTESIAN_POINT('',(0.277128129211,0.32,3.E-02));
#1430 = VERTEX_POINT('',#1431);
#1431 = CARTESIAN_POINT('',(0.277128129211,-0.32,3.E-02));
#1432 = LINE('',#1433,#1434);
#1433 = CARTESIAN_POINT('',(0.277128129211,0.32,3.E-02));
#1434 = VECTOR('',#1435,1.);
#1435 = DIRECTION('',(0.,-1.,0.));
#1436 = ORIENTED_EDGE('',*,*,#1437,.T.);
#1437 = EDGE_CURVE('',#1430,#1438,#1440,.T.);
#1438 = VERTEX_POINT('',#1439);
#1439 = CARTESIAN_POINT('',(-0.277128129211,0.,3.E-02));
#1440 = LINE('',#1441,#1442);
#1441 = CARTESIAN_POINT('',(0.277128129211,-0.32,3.E-02));
#1442 = VECTOR('',#1443,1.);
#1443 = DIRECTION('',(-0.866025403784,0.5,0.));
#1444 = ORIENTED_EDGE('',*,*,#1445,.T.);
#1445 = EDGE_CURVE('',#1438,#1428,#1446,.T.);
#1446 = LINE('',#1447,#1448);
#1447 = CARTESIAN_POINT('',(-0.277128129211,0.,3.E-02));
#1448 = VECTOR('',#1449,1.);
#1449 = DIRECTION('',(0.866025403784,0.5,0.));
#1450 = PLANE('',#1451);
#1451 = AXIS2_PLACEMENT_3D('',#1452,#1453,#1454);
#1452 = CARTESIAN_POINT('',(-0.77,-0.4,3.E-02));
#1453 = DIRECTION('',(0.,0.,1.));
#1454 = DIRECTION('',(1.,0.,-0.));
#1455 = ADVANCED_FACE('',(#1456),#1517,.F.);
#1456 = FACE_BOUND('',#1457,.F.);
#1457 = EDGE_LOOP('',(#1458,#1468,#1474,#1475,#1476,#1477,#1485,#1493,
    #1502,#1510));
#1458 = ORIENTED_EDGE('',*,*,#1459,.F.);
#1459 = EDGE_CURVE('',#1460,#1462,#1464,.T.);
#1460 = VERTEX_POINT('',#1461);
#1461 = CARTESIAN_POINT('',(0.725,-0.4,0.));
#1462 = VERTEX_POINT('',#1463);
#1463 = CARTESIAN_POINT('',(0.77,-0.4,-3.469446951954E-18));
#1464 = LINE('',#1465,#1466);
#1465 = CARTESIAN_POINT('',(0.5,-0.4,0.));
#1466 = VECTOR('',#1467,1.);
#1467 = DIRECTION('',(1.,0.,0.));
#1468 = ORIENTED_EDGE('',*,*,#1469,.F.);
#1469 = EDGE_CURVE('',#1081,#1460,#1470,.T.);
#1470 = LINE('',#1471,#1472);
#1471 = CARTESIAN_POINT('',(0.725,-0.4,0.375));
#1472 = VECTOR('',#1473,1.);
#1473 = DIRECTION('',(0.,0.,-1.));
#1474 = ORIENTED_EDGE('',*,*,#1080,.T.);
#1475 = ORIENTED_EDGE('',*,*,#1072,.T.);
#1476 = ORIENTED_EDGE('',*,*,#1064,.F.);
#1477 = ORIENTED_EDGE('',*,*,#1478,.F.);
#1478 = EDGE_CURVE('',#1479,#1057,#1481,.T.);
#1479 = VERTEX_POINT('',#1480);
#1480 = CARTESIAN_POINT('',(0.725,-0.4,0.5));
#1481 = LINE('',#1482,#1483);
#1482 = CARTESIAN_POINT('',(0.725,-0.4,0.375));
#1483 = VECTOR('',#1484,1.);
#1484 = DIRECTION('',(0.,0.,-1.));
#1485 = ORIENTED_EDGE('',*,*,#1486,.T.);
#1486 = EDGE_CURVE('',#1479,#1487,#1489,.T.);
#1487 = VERTEX_POINT('',#1488);
#1488 = CARTESIAN_POINT('',(0.77,-0.4,0.5));
#1489 = LINE('',#1490,#1491);
#1490 = CARTESIAN_POINT('',(0.5,-0.4,0.5));
#1491 = VECTOR('',#1492,1.);
#1492 = DIRECTION('',(1.,0.,0.));
#1493 = ORIENTED_EDGE('',*,*,#1494,.F.);
#1494 = EDGE_CURVE('',#1495,#1487,#1497,.T.);
#1495 = VERTEX_POINT('',#1496);
#1496 = CARTESIAN_POINT('',(0.8,-0.4,0.47));
#1497 = CIRCLE('',#1498,3.E-02);
#1498 = AXIS2_PLACEMENT_3D('',#1499,#1500,#1501);
#1499 = CARTESIAN_POINT('',(0.77,-0.4,0.47));
#1500 = DIRECTION('',(0.,-1.,0.));
#1501 = DIRECTION('',(0.,0.,1.));
#1502 = ORIENTED_EDGE('',*,*,#1503,.F.);
#1503 = EDGE_CURVE('',#1504,#1495,#1506,.T.);
#1504 = VERTEX_POINT('',#1505);
#1505 = CARTESIAN_POINT('',(0.8,-0.4,3.E-02));
#1506 = LINE('',#1507,#1508);
#1507 = CARTESIAN_POINT('',(0.8,-0.4,0.));
#1508 = VECTOR('',#1509,1.);
#1509 = DIRECTION('',(0.,0.,1.));
#1510 = ORIENTED_EDGE('',*,*,#1511,.T.);
#1511 = EDGE_CURVE('',#1504,#1462,#1512,.T.);
#1512 = CIRCLE('',#1513,3.E-02);
#1513 = AXIS2_PLACEMENT_3D('',#1514,#1515,#1516);
#1514 = CARTESIAN_POINT('',(0.77,-0.4,3.E-02));
#1515 = DIRECTION('',(0.,1.,0.));
#1516 = DIRECTION('',(0.,-0.,1.));
#1517 = PLANE('',#1518);
#1518 = AXIS2_PLACEMENT_3D('',#1519,#1520,#1521);
#1519 = CARTESIAN_POINT('',(0.5,-0.4,0.));
#1520 = DIRECTION('',(0.,1.,0.));
#1521 = DIRECTION('',(0.,-0.,1.));
#1522 = ADVANCED_FACE('',(#1523),#1541,.T.);
#1523 = FACE_BOUND('',#1524,.T.);
#1524 = EDGE_LOOP('',(#1525,#1533,#1534,#1535));
#1525 = ORIENTED_EDGE('',*,*,#1526,.F.);
#1526 = EDGE_CURVE('',#1129,#1527,#1529,.T.);
#1527 = VERTEX_POINT('',#1528);
#1528 = CARTESIAN_POINT('',(0.725,-0.3,0.47));
#1529 = LINE('',#1530,#1531);
#1530 = CARTESIAN_POINT('',(-2.25E-02,-0.3,0.47));
#1531 = VECTOR('',#1532,1.);
#1532 = DIRECTION('',(1.,0.,0.));
#1533 = ORIENTED_EDGE('',*,*,#1128,.T.);
#1534 = ORIENTED_EDGE('',*,*,#1056,.T.);
#1535 = ORIENTED_EDGE('',*,*,#1536,.F.);
#1536 = EDGE_CURVE('',#1527,#1057,#1537,.T.);
#1537 = LINE('',#1538,#1539);
#1538 = CARTESIAN_POINT('',(0.725,-0.45,0.47));
#1539 = VECTOR('',#1540,1.);
#1540 = DIRECTION('',(0.,-1.,0.));
#1541 = PLANE('',#1542);
#1542 = AXIS2_PLACEMENT_3D('',#1543,#1544,#1545);
#1543 = CARTESIAN_POINT('',(-0.77,-0.4,0.47));
#1544 = DIRECTION('',(0.,0.,1.));
#1545 = DIRECTION('',(1.,0.,-0.));
#1546 = ADVANCED_FACE('',(#1547),#1572,.T.);
#1547 = FACE_BOUND('',#1548,.T.);
#1548 = EDGE_LOOP('',(#1549,#1557,#1558,#1566));
#1549 = ORIENTED_EDGE('',*,*,#1550,.F.);
#1550 = EDGE_CURVE('',#1145,#1551,#1553,.T.);
#1551 = VERTEX_POINT('',#1552);
#1552 = CARTESIAN_POINT('',(0.725,0.4,0.47));
#1553 = LINE('',#1554,#1555);
#1554 = CARTESIAN_POINT('',(-0.77,0.4,0.47));
#1555 = VECTOR('',#1556,1.);
#1556 = DIRECTION('',(1.,0.,0.));
#1557 = ORIENTED_EDGE('',*,*,#1144,.T.);
#1558 = ORIENTED_EDGE('',*,*,#1559,.F.);
#1559 = EDGE_CURVE('',#1560,#1137,#1562,.T.);
#1560 = VERTEX_POINT('',#1561);
#1561 = CARTESIAN_POINT('',(0.725,0.3,0.47));
#1562 = LINE('',#1563,#1564);
#1563 = CARTESIAN_POINT('',(-0.7475,0.3,0.47));
#1564 = VECTOR('',#1565,1.);
#1565 = DIRECTION('',(-1.,0.,0.));
#1566 = ORIENTED_EDGE('',*,*,#1567,.F.);
#1567 = EDGE_CURVE('',#1551,#1560,#1568,.T.);
#1568 = LINE('',#1569,#1570);
#1569 = CARTESIAN_POINT('',(0.725,-5.E-02,0.47));
#1570 = VECTOR('',#1571,1.);
#1571 = DIRECTION('',(0.,-1.,0.));
#1572 = PLANE('',#1573);
#1573 = AXIS2_PLACEMENT_3D('',#1574,#1575,#1576);
#1574 = CARTESIAN_POINT('',(-0.77,-0.4,0.47));
#1575 = DIRECTION('',(0.,0.,1.));
#1576 = DIRECTION('',(1.,0.,-0.));
#1577 = ADVANCED_FACE('',(#1578),#1605,.T.);
#1578 = FACE_BOUND('',#1579,.T.);
#1579 = EDGE_LOOP('',(#1580,#1581,#1590,#1598));
#1580 = ORIENTED_EDGE('',*,*,#1136,.F.);
#1581 = ORIENTED_EDGE('',*,*,#1582,.T.);
#1582 = EDGE_CURVE('',#1129,#1583,#1585,.T.);
#1583 = VERTEX_POINT('',#1584);
#1584 = CARTESIAN_POINT('',(0.53,-0.3,0.5));
#1585 = CIRCLE('',#1586,3.E-02);
#1586 = AXIS2_PLACEMENT_3D('',#1587,#1588,#1589);
#1587 = CARTESIAN_POINT('',(0.53,-0.3,0.47));
#1588 = DIRECTION('',(0.,1.,-0.));
#1589 = DIRECTION('',(-1.,0.,0.));
#1590 = ORIENTED_EDGE('',*,*,#1591,.T.);
#1591 = EDGE_CURVE('',#1583,#1592,#1594,.T.);
#1592 = VERTEX_POINT('',#1593);
#1593 = CARTESIAN_POINT('',(0.53,0.3,0.5));
#1594 = LINE('',#1595,#1596);
#1595 = CARTESIAN_POINT('',(0.53,-0.4,0.5));
#1596 = VECTOR('',#1597,1.);
#1597 = DIRECTION('',(0.,1.,0.));
#1598 = ORIENTED_EDGE('',*,*,#1599,.F.);
#1599 = EDGE_CURVE('',#1137,#1592,#1600,.T.);
#1600 = CIRCLE('',#1601,3.E-02);
#1601 = AXIS2_PLACEMENT_3D('',#1602,#1603,#1604);
#1602 = CARTESIAN_POINT('',(0.53,0.3,0.47));
#1603 = DIRECTION('',(0.,1.,-0.));
#1604 = DIRECTION('',(-1.,0.,0.));
#1605 = CYLINDRICAL_SURFACE('',#1606,3.E-02);
#1606 = AXIS2_PLACEMENT_3D('',#1607,#1608,#1609);
#1607 = CARTESIAN_POINT('',(0.53,-0.4,0.47));
#1608 = DIRECTION('',(0.,1.,0.));
#1609 = DIRECTION('',(-1.,0.,0.));
#1610 = ADVANCED_FACE('',(#1611),#1661,.T.);
#1611 = FACE_BOUND('',#1612,.T.);
#1612 = EDGE_LOOP('',(#1613,#1621,#1629,#1635,#1636,#1637,#1638,#1646,
    #1654,#1660));
#1613 = ORIENTED_EDGE('',*,*,#1614,.F.);
#1614 = EDGE_CURVE('',#1615,#1388,#1617,.T.);
#1615 = VERTEX_POINT('',#1616);
#1616 = CARTESIAN_POINT('',(-0.77,0.4,3.E-02));
#1617 = LINE('',#1618,#1619);
#1618 = CARTESIAN_POINT('',(-0.77,0.4,3.E-02));
#1619 = VECTOR('',#1620,1.);
#1620 = DIRECTION('',(1.,0.,0.));
#1621 = ORIENTED_EDGE('',*,*,#1622,.T.);
#1622 = EDGE_CURVE('',#1615,#1623,#1625,.T.);
#1623 = VERTEX_POINT('',#1624);
#1624 = CARTESIAN_POINT('',(-0.77,0.4,0.47));
#1625 = LINE('',#1626,#1627);
#1626 = CARTESIAN_POINT('',(-0.77,0.4,3.E-02));
#1627 = VECTOR('',#1628,1.);
#1628 = DIRECTION('',(0.,0.,1.));
#1629 = ORIENTED_EDGE('',*,*,#1630,.T.);
#1630 = EDGE_CURVE('',#1623,#1167,#1631,.T.);
#1631 = LINE('',#1632,#1633);
#1632 = CARTESIAN_POINT('',(-0.77,0.4,0.47));
#1633 = VECTOR('',#1634,1.);
#1634 = DIRECTION('',(1.,0.,0.));
#1635 = ORIENTED_EDGE('',*,*,#1166,.T.);
#1636 = ORIENTED_EDGE('',*,*,#1200,.F.);
#1637 = ORIENTED_EDGE('',*,*,#1550,.T.);
#1638 = ORIENTED_EDGE('',*,*,#1639,.T.);
#1639 = EDGE_CURVE('',#1551,#1640,#1642,.T.);
#1640 = VERTEX_POINT('',#1641);
#1641 = CARTESIAN_POINT('',(0.77,0.4,0.47));
#1642 = LINE('',#1643,#1644);
#1643 = CARTESIAN_POINT('',(-0.77,0.4,0.47));
#1644 = VECTOR('',#1645,1.);
#1645 = DIRECTION('',(1.,0.,0.));
#1646 = ORIENTED_EDGE('',*,*,#1647,.F.);
#1647 = EDGE_CURVE('',#1648,#1640,#1650,.T.);
#1648 = VERTEX_POINT('',#1649);
#1649 = CARTESIAN_POINT('',(0.77,0.4,3.E-02));
#1650 = LINE('',#1651,#1652);
#1651 = CARTESIAN_POINT('',(0.77,0.4,3.E-02));
#1652 = VECTOR('',#1653,1.);
#1653 = DIRECTION('',(0.,0.,1.));
#1654 = ORIENTED_EDGE('',*,*,#1655,.F.);
#1655 = EDGE_CURVE('',#1380,#1648,#1656,.T.);
#1656 = LINE('',#1657,#1658);
#1657 = CARTESIAN_POINT('',(-0.77,0.4,3.E-02));
#1658 = VECTOR('',#1659,1.);
#1659 = DIRECTION('',(1.,0.,0.));
#1660 = ORIENTED_EDGE('',*,*,#1387,.F.);
#1661 = PLANE('',#1662);
#1662 = AXIS2_PLACEMENT_3D('',#1663,#1664,#1665);
#1663 = CARTESIAN_POINT('',(-0.77,0.4,3.E-02));
#1664 = DIRECTION('',(0.,1.,0.));
#1665 = DIRECTION('',(0.,-0.,1.));
#1666 = ADVANCED_FACE('',(#1667),#1685,.F.);
#1667 = FACE_BOUND('',#1668,.F.);
#1668 = EDGE_LOOP('',(#1669,#1677,#1683,#1684));
#1669 = ORIENTED_EDGE('',*,*,#1670,.F.);
#1670 = EDGE_CURVE('',#1671,#1215,#1673,.T.);
#1671 = VERTEX_POINT('',#1672);
#1672 = CARTESIAN_POINT('',(-0.725,0.3,0.5));
#1673 = LINE('',#1674,#1675);
#1674 = CARTESIAN_POINT('',(-0.7625,0.3,0.5));
#1675 = VECTOR('',#1676,1.);
#1676 = DIRECTION('',(1.,0.,0.));
#1677 = ORIENTED_EDGE('',*,*,#1678,.T.);
#1678 = EDGE_CURVE('',#1671,#1175,#1679,.T.);
#1679 = LINE('',#1680,#1681);
#1680 = CARTESIAN_POINT('',(-0.725,0.3,0.75));
#1681 = VECTOR('',#1682,1.);
#1682 = DIRECTION('',(-0.,-0.,-1.));
#1683 = ORIENTED_EDGE('',*,*,#1182,.F.);
#1684 = ORIENTED_EDGE('',*,*,#1214,.F.);
#1685 = PLANE('',#1686);
#1686 = AXIS2_PLACEMENT_3D('',#1687,#1688,#1689);
#1687 = CARTESIAN_POINT('',(-0.725,0.3,0.75));
#1688 = DIRECTION('',(0.,-1.,0.));
#1689 = DIRECTION('',(1.,0.,0.));
#1690 = ADVANCED_FACE('',(#1691),#1709,.F.);
#1691 = FACE_BOUND('',#1692,.F.);
#1692 = EDGE_LOOP('',(#1693,#1694,#1702,#1708));
#1693 = ORIENTED_EDGE('',*,*,#1678,.F.);
#1694 = ORIENTED_EDGE('',*,*,#1695,.F.);
#1695 = EDGE_CURVE('',#1696,#1671,#1698,.T.);
#1696 = VERTEX_POINT('',#1697);
#1697 = CARTESIAN_POINT('',(-0.725,0.4,0.5));
#1698 = LINE('',#1699,#1700);
#1699 = CARTESIAN_POINT('',(-0.725,5.E-02,0.5));
#1700 = VECTOR('',#1701,1.);
#1701 = DIRECTION('',(0.,-1.,0.));
#1702 = ORIENTED_EDGE('',*,*,#1703,.F.);
#1703 = EDGE_CURVE('',#1167,#1696,#1704,.T.);
#1704 = LINE('',#1705,#1706);
#1705 = CARTESIAN_POINT('',(-0.725,0.4,0.375));
#1706 = VECTOR('',#1707,1.);
#1707 = DIRECTION('',(0.,0.,1.));
#1708 = ORIENTED_EDGE('',*,*,#1174,.F.);
#1709 = PLANE('',#1710);
#1710 = AXIS2_PLACEMENT_3D('',#1711,#1712,#1713);
#1711 = CARTESIAN_POINT('',(-0.725,0.5,0.75));
#1712 = DIRECTION('',(-1.,0.,0.));
#1713 = DIRECTION('',(0.,-1.,0.));
#1714 = ADVANCED_FACE('',(#1715),#1733,.F.);
#1715 = FACE_BOUND('',#1716,.F.);
#1716 = EDGE_LOOP('',(#1717,#1725,#1731,#1732));
#1717 = ORIENTED_EDGE('',*,*,#1718,.F.);
#1718 = EDGE_CURVE('',#1719,#1248,#1721,.T.);
#1719 = VERTEX_POINT('',#1720);
#1720 = CARTESIAN_POINT('',(-0.725,-0.3,0.5));
#1721 = LINE('',#1722,#1723);
#1722 = CARTESIAN_POINT('',(-0.725,-0.3,0.75));
#1723 = VECTOR('',#1724,1.);
#1724 = DIRECTION('',(-0.,-0.,-1.));
#1725 = ORIENTED_EDGE('',*,*,#1726,.F.);
#1726 = EDGE_CURVE('',#1224,#1719,#1727,.T.);
#1727 = LINE('',#1728,#1729);
#1728 = CARTESIAN_POINT('',(-3.75E-02,-0.3,0.5));
#1729 = VECTOR('',#1730,1.);
#1730 = DIRECTION('',(-1.,0.,0.));
#1731 = ORIENTED_EDGE('',*,*,#1231,.T.);
#1732 = ORIENTED_EDGE('',*,*,#1257,.F.);
#1733 = PLANE('',#1734);
#1734 = AXIS2_PLACEMENT_3D('',#1735,#1736,#1737);
#1735 = CARTESIAN_POINT('',(0.725,-0.3,0.75));
#1736 = DIRECTION('',(0.,1.,0.));
#1737 = DIRECTION('',(-1.,0.,0.));
#1738 = ADVANCED_FACE('',(#1739),#1766,.T.);
#1739 = FACE_BOUND('',#1740,.T.);
#1740 = EDGE_LOOP('',(#1741,#1749,#1755,#1756,#1762,#1763,#1764,#1765));
#1741 = ORIENTED_EDGE('',*,*,#1742,.F.);
#1742 = EDGE_CURVE('',#1743,#1696,#1745,.T.);
#1743 = VERTEX_POINT('',#1744);
#1744 = CARTESIAN_POINT('',(-0.77,0.4,0.5));
#1745 = LINE('',#1746,#1747);
#1746 = CARTESIAN_POINT('',(-0.8,0.4,0.5));
#1747 = VECTOR('',#1748,1.);
#1748 = DIRECTION('',(1.,0.,0.));
#1749 = ORIENTED_EDGE('',*,*,#1750,.F.);
#1750 = EDGE_CURVE('',#1299,#1743,#1751,.T.);
#1751 = LINE('',#1752,#1753);
#1752 = CARTESIAN_POINT('',(-0.77,-0.4,0.5));
#1753 = VECTOR('',#1754,1.);
#1754 = DIRECTION('',(0.,1.,0.));
#1755 = ORIENTED_EDGE('',*,*,#1307,.T.);
#1756 = ORIENTED_EDGE('',*,*,#1757,.F.);
#1757 = EDGE_CURVE('',#1719,#1308,#1758,.T.);
#1758 = LINE('',#1759,#1760);
#1759 = CARTESIAN_POINT('',(-0.725,-0.35,0.5));
#1760 = VECTOR('',#1761,1.);
#1761 = DIRECTION('',(0.,-1.,0.));
#1762 = ORIENTED_EDGE('',*,*,#1726,.F.);
#1763 = ORIENTED_EDGE('',*,*,#1223,.T.);
#1764 = ORIENTED_EDGE('',*,*,#1670,.F.);
#1765 = ORIENTED_EDGE('',*,*,#1695,.F.);
#1766 = PLANE('',#1767);
#1767 = AXIS2_PLACEMENT_3D('',#1768,#1769,#1770);
#1768 = CARTESIAN_POINT('',(-0.8,-0.4,0.5));
#1769 = DIRECTION('',(0.,0.,1.));
#1770 = DIRECTION('',(1.,0.,-0.));
#1771 = ADVANCED_FACE('',(#1772),#1778,.F.);
#1772 = FACE_BOUND('',#1773,.F.);
#1773 = EDGE_LOOP('',(#1774,#1775,#1776,#1777));
#1774 = ORIENTED_EDGE('',*,*,#1757,.F.);
#1775 = ORIENTED_EDGE('',*,*,#1718,.T.);
#1776 = ORIENTED_EDGE('',*,*,#1247,.F.);
#1777 = ORIENTED_EDGE('',*,*,#1315,.T.);
#1778 = PLANE('',#1779);
#1779 = AXIS2_PLACEMENT_3D('',#1780,#1781,#1782);
#1780 = CARTESIAN_POINT('',(-0.725,-0.3,0.75));
#1781 = DIRECTION('',(-1.,0.,0.));
#1782 = DIRECTION('',(0.,-1.,0.));
#1783 = ADVANCED_FACE('',(#1784),#1841,.F.);
#1784 = FACE_BOUND('',#1785,.F.);
#1785 = EDGE_LOOP('',(#1786,#1796,#1802,#1803,#1811,#1819,#1827,#1835));
#1786 = ORIENTED_EDGE('',*,*,#1787,.F.);
#1787 = EDGE_CURVE('',#1788,#1790,#1792,.T.);
#1788 = VERTEX_POINT('',#1789);
#1789 = CARTESIAN_POINT('',(-0.77,0.4,-3.469446951954E-18));
#1790 = VERTEX_POINT('',#1791);
#1791 = CARTESIAN_POINT('',(-0.725,0.4,0.));
#1792 = LINE('',#1793,#1794);
#1793 = CARTESIAN_POINT('',(-0.8,0.4,0.));
#1794 = VECTOR('',#1795,1.);
#1795 = DIRECTION('',(1.,0.,0.));
#1796 = ORIENTED_EDGE('',*,*,#1797,.F.);
#1797 = EDGE_CURVE('',#1272,#1788,#1798,.T.);
#1798 = LINE('',#1799,#1800);
#1799 = CARTESIAN_POINT('',(-0.77,-0.4,-3.469446951954E-18));
#1800 = VECTOR('',#1801,1.);
#1801 = DIRECTION('',(0.,1.,0.));
#1802 = ORIENTED_EDGE('',*,*,#1271,.T.);
#1803 = ORIENTED_EDGE('',*,*,#1804,.F.);
#1804 = EDGE_CURVE('',#1805,#1274,#1807,.T.);
#1805 = VERTEX_POINT('',#1806);
#1806 = CARTESIAN_POINT('',(-0.725,-0.3,0.));
#1807 = LINE('',#1808,#1809);
#1808 = CARTESIAN_POINT('',(-0.725,-0.35,0.));
#1809 = VECTOR('',#1810,1.);
#1810 = DIRECTION('',(0.,-1.,0.));
#1811 = ORIENTED_EDGE('',*,*,#1812,.F.);
#1812 = EDGE_CURVE('',#1813,#1805,#1815,.T.);
#1813 = VERTEX_POINT('',#1814);
#1814 = CARTESIAN_POINT('',(-0.53,-0.3,-3.469446951954E-18));
#1815 = LINE('',#1816,#1817);
#1816 = CARTESIAN_POINT('',(-3.75E-02,-0.3,0.));
#1817 = VECTOR('',#1818,1.);
#1818 = DIRECTION('',(-1.,0.,0.));
#1819 = ORIENTED_EDGE('',*,*,#1820,.T.);
#1820 = EDGE_CURVE('',#1813,#1821,#1823,.T.);
#1821 = VERTEX_POINT('',#1822);
#1822 = CARTESIAN_POINT('',(-0.53,0.3,-3.469446951954E-18));
#1823 = LINE('',#1824,#1825);
#1824 = CARTESIAN_POINT('',(-0.53,-0.4,-3.469446951954E-18));
#1825 = VECTOR('',#1826,1.);
#1826 = DIRECTION('',(0.,1.,0.));
#1827 = ORIENTED_EDGE('',*,*,#1828,.F.);
#1828 = EDGE_CURVE('',#1829,#1821,#1831,.T.);
#1829 = VERTEX_POINT('',#1830);
#1830 = CARTESIAN_POINT('',(-0.725,0.3,0.));
#1831 = LINE('',#1832,#1833);
#1832 = CARTESIAN_POINT('',(-0.7625,0.3,0.));
#1833 = VECTOR('',#1834,1.);
#1834 = DIRECTION('',(1.,0.,0.));
#1835 = ORIENTED_EDGE('',*,*,#1836,.F.);
#1836 = EDGE_CURVE('',#1790,#1829,#1837,.T.);
#1837 = LINE('',#1838,#1839);
#1838 = CARTESIAN_POINT('',(-0.725,5.E-02,0.));
#1839 = VECTOR('',#1840,1.);
#1840 = DIRECTION('',(0.,-1.,0.));
#1841 = PLANE('',#1842);
#1842 = AXIS2_PLACEMENT_3D('',#1843,#1844,#1845);
#1843 = CARTESIAN_POINT('',(-0.8,-0.4,0.));
#1844 = DIRECTION('',(0.,0.,1.));
#1845 = DIRECTION('',(1.,0.,-0.));
#1846 = ADVANCED_FACE('',(#1847),#1866,.T.);
#1847 = FACE_BOUND('',#1848,.T.);
#1848 = EDGE_LOOP('',(#1849,#1857,#1864,#1865));
#1849 = ORIENTED_EDGE('',*,*,#1850,.T.);
#1850 = EDGE_CURVE('',#1282,#1851,#1853,.T.);
#1851 = VERTEX_POINT('',#1852);
#1852 = CARTESIAN_POINT('',(-0.8,0.4,3.E-02));
#1853 = LINE('',#1854,#1855);
#1854 = CARTESIAN_POINT('',(-0.8,-0.4,3.E-02));
#1855 = VECTOR('',#1856,1.);
#1856 = DIRECTION('',(0.,1.,0.));
#1857 = ORIENTED_EDGE('',*,*,#1858,.T.);
#1858 = EDGE_CURVE('',#1851,#1788,#1859,.T.);
#1859 = CIRCLE('',#1860,3.E-02);
#1860 = AXIS2_PLACEMENT_3D('',#1861,#1862,#1863);
#1861 = CARTESIAN_POINT('',(-0.77,0.4,3.E-02));
#1862 = DIRECTION('',(0.,-1.,0.));
#1863 = DIRECTION('',(0.,0.,1.));
#1864 = ORIENTED_EDGE('',*,*,#1797,.F.);
#1865 = ORIENTED_EDGE('',*,*,#1281,.F.);
#1866 = CYLINDRICAL_SURFACE('',#1867,3.E-02);
#1867 = AXIS2_PLACEMENT_3D('',#1868,#1869,#1870);
#1868 = CARTESIAN_POINT('',(-0.77,-0.4,3.E-02));
#1869 = DIRECTION('',(0.,1.,0.));
#1870 = DIRECTION('',(-1.,0.,0.));
#1871 = ADVANCED_FACE('',(#1872),#1883,.F.);
#1872 = FACE_BOUND('',#1873,.F.);
#1873 = EDGE_LOOP('',(#1874,#1875,#1881,#1882));
#1874 = ORIENTED_EDGE('',*,*,#1338,.T.);
#1875 = ORIENTED_EDGE('',*,*,#1876,.T.);
#1876 = EDGE_CURVE('',#1339,#1805,#1877,.T.);
#1877 = LINE('',#1878,#1879);
#1878 = CARTESIAN_POINT('',(-0.725,-0.3,0.75));
#1879 = VECTOR('',#1880,1.);
#1880 = DIRECTION('',(-0.,-0.,-1.));
#1881 = ORIENTED_EDGE('',*,*,#1804,.T.);
#1882 = ORIENTED_EDGE('',*,*,#1324,.T.);
#1883 = PLANE('',#1884);
#1884 = AXIS2_PLACEMENT_3D('',#1885,#1886,#1887);
#1885 = CARTESIAN_POINT('',(-0.725,-0.3,0.75));
#1886 = DIRECTION('',(-1.,0.,0.));
#1887 = DIRECTION('',(0.,-1.,0.));
#1888 = ADVANCED_FACE('',(#1889),#1907,.F.);
#1889 = FACE_BOUND('',#1890,.F.);
#1890 = EDGE_LOOP('',(#1891,#1892,#1893,#1901));
#1891 = ORIENTED_EDGE('',*,*,#1290,.F.);
#1892 = ORIENTED_EDGE('',*,*,#1850,.T.);
#1893 = ORIENTED_EDGE('',*,*,#1894,.T.);
#1894 = EDGE_CURVE('',#1851,#1895,#1897,.T.);
#1895 = VERTEX_POINT('',#1896);
#1896 = CARTESIAN_POINT('',(-0.8,0.4,0.47));
#1897 = LINE('',#1898,#1899);
#1898 = CARTESIAN_POINT('',(-0.8,0.4,0.));
#1899 = VECTOR('',#1900,1.);
#1900 = DIRECTION('',(0.,0.,1.));
#1901 = ORIENTED_EDGE('',*,*,#1902,.F.);
#1902 = EDGE_CURVE('',#1291,#1895,#1903,.T.);
#1903 = LINE('',#1904,#1905);
#1904 = CARTESIAN_POINT('',(-0.8,-0.4,0.47));
#1905 = VECTOR('',#1906,1.);
#1906 = DIRECTION('',(0.,1.,0.));
#1907 = PLANE('',#1908);
#1908 = AXIS2_PLACEMENT_3D('',#1909,#1910,#1911);
#1909 = CARTESIAN_POINT('',(-0.8,-0.4,0.));
#1910 = DIRECTION('',(1.,0.,0.));
#1911 = DIRECTION('',(0.,0.,1.));
#1912 = ADVANCED_FACE('',(#1913),#1925,.T.);
#1913 = FACE_BOUND('',#1914,.T.);
#1914 = EDGE_LOOP('',(#1915,#1916,#1917,#1924));
#1915 = ORIENTED_EDGE('',*,*,#1298,.T.);
#1916 = ORIENTED_EDGE('',*,*,#1750,.T.);
#1917 = ORIENTED_EDGE('',*,*,#1918,.F.);
#1918 = EDGE_CURVE('',#1895,#1743,#1919,.T.);
#1919 = CIRCLE('',#1920,3.E-02);
#1920 = AXIS2_PLACEMENT_3D('',#1921,#1922,#1923);
#1921 = CARTESIAN_POINT('',(-0.77,0.4,0.47));
#1922 = DIRECTION('',(0.,1.,0.));
#1923 = DIRECTION('',(0.,-0.,1.));
#1924 = ORIENTED_EDGE('',*,*,#1902,.F.);
#1925 = CYLINDRICAL_SURFACE('',#1926,3.E-02);
#1926 = AXIS2_PLACEMENT_3D('',#1927,#1928,#1929);
#1927 = CARTESIAN_POINT('',(-0.77,-0.4,0.47));
#1928 = DIRECTION('',(0.,1.,0.));
#1929 = DIRECTION('',(-1.,0.,0.));
#1930 = ADVANCED_FACE('',(#1931),#1943,.F.);
#1931 = FACE_BOUND('',#1932,.F.);
#1932 = EDGE_LOOP('',(#1933,#1934,#1935,#1942));
#1933 = ORIENTED_EDGE('',*,*,#1876,.F.);
#1934 = ORIENTED_EDGE('',*,*,#1419,.T.);
#1935 = ORIENTED_EDGE('',*,*,#1936,.T.);
#1936 = EDGE_CURVE('',#1412,#1813,#1937,.T.);
#1937 = CIRCLE('',#1938,3.E-02);
#1938 = AXIS2_PLACEMENT_3D('',#1939,#1940,#1941);
#1939 = CARTESIAN_POINT('',(-0.53,-0.3,3.E-02));
#1940 = DIRECTION('',(-0.,1.,0.));
#1941 = DIRECTION('',(1.,0.,0.));
#1942 = ORIENTED_EDGE('',*,*,#1812,.T.);
#1943 = PLANE('',#1944);
#1944 = AXIS2_PLACEMENT_3D('',#1945,#1946,#1947);
#1945 = CARTESIAN_POINT('',(0.725,-0.3,0.75));
#1946 = DIRECTION('',(0.,1.,0.));
#1947 = DIRECTION('',(-1.,0.,0.));
#1948 = ADVANCED_FACE('',(#1949),#1961,.T.);
#1949 = FACE_BOUND('',#1950,.T.);
#1950 = EDGE_LOOP('',(#1951,#1952,#1953,#1954));
#1951 = ORIENTED_EDGE('',*,*,#1411,.F.);
#1952 = ORIENTED_EDGE('',*,*,#1936,.T.);
#1953 = ORIENTED_EDGE('',*,*,#1820,.T.);
#1954 = ORIENTED_EDGE('',*,*,#1955,.F.);
#1955 = EDGE_CURVE('',#1404,#1821,#1956,.T.);
#1956 = CIRCLE('',#1957,3.E-02);
#1957 = AXIS2_PLACEMENT_3D('',#1958,#1959,#1960);
#1958 = CARTESIAN_POINT('',(-0.53,0.3,3.E-02));
#1959 = DIRECTION('',(-0.,1.,0.));
#1960 = DIRECTION('',(1.,0.,0.));
#1961 = CYLINDRICAL_SURFACE('',#1962,3.E-02);
#1962 = AXIS2_PLACEMENT_3D('',#1963,#1964,#1965);
#1963 = CARTESIAN_POINT('',(-0.53,-0.4,3.E-02));
#1964 = DIRECTION('',(0.,1.,0.));
#1965 = DIRECTION('',(1.,0.,0.));
#1966 = ADVANCED_FACE('',(#1967),#1978,.F.);
#1967 = FACE_BOUND('',#1968,.F.);
#1968 = EDGE_LOOP('',(#1969,#1970,#1976,#1977));
#1969 = ORIENTED_EDGE('',*,*,#1403,.T.);
#1970 = ORIENTED_EDGE('',*,*,#1971,.T.);
#1971 = EDGE_CURVE('',#1396,#1829,#1972,.T.);
#1972 = LINE('',#1973,#1974);
#1973 = CARTESIAN_POINT('',(-0.725,0.3,0.75));
#1974 = VECTOR('',#1975,1.);
#1975 = DIRECTION('',(-0.,-0.,-1.));
#1976 = ORIENTED_EDGE('',*,*,#1828,.T.);
#1977 = ORIENTED_EDGE('',*,*,#1955,.F.);
#1978 = PLANE('',#1979);
#1979 = AXIS2_PLACEMENT_3D('',#1980,#1981,#1982);
#1980 = CARTESIAN_POINT('',(-0.725,0.3,0.75));
#1981 = DIRECTION('',(0.,-1.,0.));
#1982 = DIRECTION('',(1.,0.,0.));
#1983 = ADVANCED_FACE('',(#1984),#1995,.F.);
#1984 = FACE_BOUND('',#1985,.F.);
#1985 = EDGE_LOOP('',(#1986,#1987,#1988,#1994));
#1986 = ORIENTED_EDGE('',*,*,#1971,.F.);
#1987 = ORIENTED_EDGE('',*,*,#1395,.T.);
#1988 = ORIENTED_EDGE('',*,*,#1989,.F.);
#1989 = EDGE_CURVE('',#1790,#1388,#1990,.T.);
#1990 = LINE('',#1991,#1992);
#1991 = CARTESIAN_POINT('',(-0.725,0.4,0.375));
#1992 = VECTOR('',#1993,1.);
#1993 = DIRECTION('',(0.,0.,1.));
#1994 = ORIENTED_EDGE('',*,*,#1836,.T.);
#1995 = PLANE('',#1996);
#1996 = AXIS2_PLACEMENT_3D('',#1997,#1998,#1999);
#1997 = CARTESIAN_POINT('',(-0.725,0.5,0.75));
#1998 = DIRECTION('',(-1.,0.,0.));
#1999 = DIRECTION('',(0.,-1.,0.));
#2000 = ADVANCED_FACE('',(#2001),#2026,.F.);
#2001 = FACE_BOUND('',#2002,.F.);
#2002 = EDGE_LOOP('',(#2003,#2004,#2012,#2020));
#2003 = ORIENTED_EDGE('',*,*,#1379,.T.);
#2004 = ORIENTED_EDGE('',*,*,#2005,.T.);
#2005 = EDGE_CURVE('',#1372,#2006,#2008,.T.);
#2006 = VERTEX_POINT('',#2007);
#2007 = CARTESIAN_POINT('',(0.725,0.3,0.));
#2008 = LINE('',#2009,#2010);
#2009 = CARTESIAN_POINT('',(0.725,0.3,0.75));
#2010 = VECTOR('',#2011,1.);
#2011 = DIRECTION('',(-0.,-0.,-1.));
#2012 = ORIENTED_EDGE('',*,*,#2013,.T.);
#2013 = EDGE_CURVE('',#2006,#2014,#2016,.T.);
#2014 = VERTEX_POINT('',#2015);
#2015 = CARTESIAN_POINT('',(0.725,0.4,0.));
#2016 = LINE('',#2017,#2018);
#2017 = CARTESIAN_POINT('',(0.725,-5.E-02,0.));
#2018 = VECTOR('',#2019,1.);
#2019 = DIRECTION('',(0.,1.,0.));
#2020 = ORIENTED_EDGE('',*,*,#2021,.F.);
#2021 = EDGE_CURVE('',#1380,#2014,#2022,.T.);
#2022 = LINE('',#2023,#2024);
#2023 = CARTESIAN_POINT('',(0.725,0.4,0.375));
#2024 = VECTOR('',#2025,1.);
#2025 = DIRECTION('',(0.,0.,-1.));
#2026 = PLANE('',#2027);
#2027 = AXIS2_PLACEMENT_3D('',#2028,#2029,#2030);
#2028 = CARTESIAN_POINT('',(0.725,0.3,0.75));
#2029 = DIRECTION('',(1.,0.,0.));
#2030 = DIRECTION('',(-0.,1.,0.));
#2031 = ADVANCED_FACE('',(#2032),#2051,.F.);
#2032 = FACE_BOUND('',#2033,.F.);
#2033 = EDGE_LOOP('',(#2034,#2035,#2036,#2045));
#2034 = ORIENTED_EDGE('',*,*,#2005,.F.);
#2035 = ORIENTED_EDGE('',*,*,#1371,.T.);
#2036 = ORIENTED_EDGE('',*,*,#2037,.F.);
#2037 = EDGE_CURVE('',#2038,#1364,#2040,.T.);
#2038 = VERTEX_POINT('',#2039);
#2039 = CARTESIAN_POINT('',(0.53,0.3,-3.469446951954E-18));
#2040 = CIRCLE('',#2041,3.E-02);
#2041 = AXIS2_PLACEMENT_3D('',#2042,#2043,#2044);
#2042 = CARTESIAN_POINT('',(0.53,0.3,3.E-02));
#2043 = DIRECTION('',(0.,1.,-0.));
#2044 = DIRECTION('',(-1.,0.,0.));
#2045 = ORIENTED_EDGE('',*,*,#2046,.T.);
#2046 = EDGE_CURVE('',#2038,#2006,#2047,.T.);
#2047 = LINE('',#2048,#2049);
#2048 = CARTESIAN_POINT('',(-0.1125,0.3,0.));
#2049 = VECTOR('',#2050,1.);
#2050 = DIRECTION('',(1.,0.,0.));
#2051 = PLANE('',#2052);
#2052 = AXIS2_PLACEMENT_3D('',#2053,#2054,#2055);
#2053 = CARTESIAN_POINT('',(-0.725,0.3,0.75));
#2054 = DIRECTION('',(0.,-1.,0.));
#2055 = DIRECTION('',(1.,0.,0.));
#2056 = ADVANCED_FACE('',(#2057),#2076,.T.);
#2057 = FACE_BOUND('',#2058,.T.);
#2058 = EDGE_LOOP('',(#2059,#2060,#2068,#2075));
#2059 = ORIENTED_EDGE('',*,*,#2037,.F.);
#2060 = ORIENTED_EDGE('',*,*,#2061,.F.);
#2061 = EDGE_CURVE('',#2062,#2038,#2064,.T.);
#2062 = VERTEX_POINT('',#2063);
#2063 = CARTESIAN_POINT('',(0.53,-0.3,-3.469446951954E-18));
#2064 = LINE('',#2065,#2066);
#2065 = CARTESIAN_POINT('',(0.53,-0.4,-3.469446951954E-18));
#2066 = VECTOR('',#2067,1.);
#2067 = DIRECTION('',(0.,1.,0.));
#2068 = ORIENTED_EDGE('',*,*,#2069,.T.);
#2069 = EDGE_CURVE('',#2062,#1356,#2070,.T.);
#2070 = CIRCLE('',#2071,3.E-02);
#2071 = AXIS2_PLACEMENT_3D('',#2072,#2073,#2074);
#2072 = CARTESIAN_POINT('',(0.53,-0.3,3.E-02));
#2073 = DIRECTION('',(0.,1.,-0.));
#2074 = DIRECTION('',(-1.,0.,0.));
#2075 = ORIENTED_EDGE('',*,*,#1363,.T.);
#2076 = CYLINDRICAL_SURFACE('',#2077,3.E-02);
#2077 = AXIS2_PLACEMENT_3D('',#2078,#2079,#2080);
#2078 = CARTESIAN_POINT('',(0.53,-0.4,3.E-02));
#2079 = DIRECTION('',(0.,1.,0.));
#2080 = DIRECTION('',(-1.,0.,0.));
#2081 = ADVANCED_FACE('',(#2082),#2100,.F.);
#2082 = FACE_BOUND('',#2083,.F.);
#2083 = EDGE_LOOP('',(#2084,#2085,#2093,#2099));
#2084 = ORIENTED_EDGE('',*,*,#1355,.T.);
#2085 = ORIENTED_EDGE('',*,*,#2086,.T.);
#2086 = EDGE_CURVE('',#1348,#2087,#2089,.T.);
#2087 = VERTEX_POINT('',#2088);
#2088 = CARTESIAN_POINT('',(0.725,-0.3,0.));
#2089 = LINE('',#2090,#2091);
#2090 = CARTESIAN_POINT('',(0.725,-0.3,0.75));
#2091 = VECTOR('',#2092,1.);
#2092 = DIRECTION('',(-0.,-0.,-1.));
#2093 = ORIENTED_EDGE('',*,*,#2094,.T.);
#2094 = EDGE_CURVE('',#2087,#2062,#2095,.T.);
#2095 = LINE('',#2096,#2097);
#2096 = CARTESIAN_POINT('',(0.6125,-0.3,0.));
#2097 = VECTOR('',#2098,1.);
#2098 = DIRECTION('',(-1.,0.,0.));
#2099 = ORIENTED_EDGE('',*,*,#2069,.T.);
#2100 = PLANE('',#2101);
#2101 = AXIS2_PLACEMENT_3D('',#2102,#2103,#2104);
#2102 = CARTESIAN_POINT('',(0.725,-0.3,0.75));
#2103 = DIRECTION('',(0.,1.,0.));
#2104 = DIRECTION('',(-1.,0.,0.));
#2105 = ADVANCED_FACE('',(#2106),#2117,.F.);
#2106 = FACE_BOUND('',#2107,.F.);
#2107 = EDGE_LOOP('',(#2108,#2109,#2110,#2111));
#2108 = ORIENTED_EDGE('',*,*,#2086,.F.);
#2109 = ORIENTED_EDGE('',*,*,#1347,.T.);
#2110 = ORIENTED_EDGE('',*,*,#1469,.T.);
#2111 = ORIENTED_EDGE('',*,*,#2112,.T.);
#2112 = EDGE_CURVE('',#1460,#2087,#2113,.T.);
#2113 = LINE('',#2114,#2115);
#2114 = CARTESIAN_POINT('',(0.725,-0.45,0.));
#2115 = VECTOR('',#2116,1.);
#2116 = DIRECTION('',(0.,1.,0.));
#2117 = PLANE('',#2118);
#2118 = AXIS2_PLACEMENT_3D('',#2119,#2120,#2121);
#2119 = CARTESIAN_POINT('',(0.725,-0.5,0.75));
#2120 = DIRECTION('',(1.,0.,0.));
#2121 = DIRECTION('',(-0.,1.,0.));
#2122 = ADVANCED_FACE('',(#2123),#2148,.T.);
#2123 = FACE_BOUND('',#2124,.T.);
#2124 = EDGE_LOOP('',(#2125,#2133,#2134,#2142));
#2125 = ORIENTED_EDGE('',*,*,#2126,.T.);
#2126 = EDGE_CURVE('',#2127,#1428,#2129,.T.);
#2127 = VERTEX_POINT('',#2128);
#2128 = CARTESIAN_POINT('',(0.277128129211,0.32,1.5E-02));
#2129 = LINE('',#2130,#2131);
#2130 = CARTESIAN_POINT('',(0.277128129211,0.32,1.5E-02));
#2131 = VECTOR('',#2132,1.);
#2132 = DIRECTION('',(0.,0.,1.));
#2133 = ORIENTED_EDGE('',*,*,#1427,.T.);
#2134 = ORIENTED_EDGE('',*,*,#2135,.F.);
#2135 = EDGE_CURVE('',#2136,#1430,#2138,.T.);
#2136 = VERTEX_POINT('',#2137);
#2137 = CARTESIAN_POINT('',(0.277128129211,-0.32,1.5E-02));
#2138 = LINE('',#2139,#2140);
#2139 = CARTESIAN_POINT('',(0.277128129211,-0.32,1.5E-02));
#2140 = VECTOR('',#2141,1.);
#2141 = DIRECTION('',(0.,0.,1.));
#2142 = ORIENTED_EDGE('',*,*,#2143,.F.);
#2143 = EDGE_CURVE('',#2127,#2136,#2144,.T.);
#2144 = LINE('',#2145,#2146);
#2145 = CARTESIAN_POINT('',(0.277128129211,0.32,1.5E-02));
#2146 = VECTOR('',#2147,1.);
#2147 = DIRECTION('',(0.,-1.,0.));
#2148 = PLANE('',#2149);
#2149 = AXIS2_PLACEMENT_3D('',#2150,#2151,#2152);
#2150 = CARTESIAN_POINT('',(0.277128129211,0.32,1.5E-02));
#2151 = DIRECTION('',(1.,0.,0.));
#2152 = DIRECTION('',(0.,-1.,0.));
#2153 = ADVANCED_FACE('',(#2154),#2172,.T.);
#2154 = FACE_BOUND('',#2155,.T.);
#2155 = EDGE_LOOP('',(#2156,#2164,#2165,#2166));
#2156 = ORIENTED_EDGE('',*,*,#2157,.T.);
#2157 = EDGE_CURVE('',#2158,#1438,#2160,.T.);
#2158 = VERTEX_POINT('',#2159);
#2159 = CARTESIAN_POINT('',(-0.277128129211,0.,1.5E-02));
#2160 = LINE('',#2161,#2162);
#2161 = CARTESIAN_POINT('',(-0.277128129211,0.,1.5E-02));
#2162 = VECTOR('',#2163,1.);
#2163 = DIRECTION('',(0.,0.,1.));
#2164 = ORIENTED_EDGE('',*,*,#1445,.T.);
#2165 = ORIENTED_EDGE('',*,*,#2126,.F.);
#2166 = ORIENTED_EDGE('',*,*,#2167,.F.);
#2167 = EDGE_CURVE('',#2158,#2127,#2168,.T.);
#2168 = LINE('',#2169,#2170);
#2169 = CARTESIAN_POINT('',(-0.277128129211,0.,1.5E-02));
#2170 = VECTOR('',#2171,1.);
#2171 = DIRECTION('',(0.866025403784,0.5,0.));
#2172 = PLANE('',#2173);
#2173 = AXIS2_PLACEMENT_3D('',#2174,#2175,#2176);
#2174 = CARTESIAN_POINT('',(-0.277128129211,0.,1.5E-02));
#2175 = DIRECTION('',(-0.5,0.866025403784,0.));
#2176 = DIRECTION('',(0.866025403784,0.5,0.));
#2177 = ADVANCED_FACE('',(#2178),#2189,.T.);
#2178 = FACE_BOUND('',#2179,.T.);
#2179 = EDGE_LOOP('',(#2180,#2181,#2182,#2183));
#2180 = ORIENTED_EDGE('',*,*,#2135,.T.);
#2181 = ORIENTED_EDGE('',*,*,#1437,.T.);
#2182 = ORIENTED_EDGE('',*,*,#2157,.F.);
#2183 = ORIENTED_EDGE('',*,*,#2184,.F.);
#2184 = EDGE_CURVE('',#2136,#2158,#2185,.T.);
#2185 = LINE('',#2186,#2187);
#2186 = CARTESIAN_POINT('',(0.277128129211,-0.32,1.5E-02));
#2187 = VECTOR('',#2188,1.);
#2188 = DIRECTION('',(-0.866025403784,0.5,0.));
#2189 = PLANE('',#2190);
#2190 = AXIS2_PLACEMENT_3D('',#2191,#2192,#2193);
#2191 = CARTESIAN_POINT('',(0.277128129211,-0.32,1.5E-02));
#2192 = DIRECTION('',(-0.5,-0.866025403784,0.));
#2193 = DIRECTION('',(-0.866025403784,0.5,0.));
#2194 = ADVANCED_FACE('',(#2195),#2217,.F.);
#2195 = FACE_BOUND('',#2196,.F.);
#2196 = EDGE_LOOP('',(#2197,#2205,#2206,#2207,#2208,#2209,#2210,#2211));
#2197 = ORIENTED_EDGE('',*,*,#2198,.F.);
#2198 = EDGE_CURVE('',#2014,#2199,#2201,.T.);
#2199 = VERTEX_POINT('',#2200);
#2200 = CARTESIAN_POINT('',(0.77,0.4,-3.469446951954E-18));
#2201 = LINE('',#2202,#2203);
#2202 = CARTESIAN_POINT('',(0.5,0.4,0.));
#2203 = VECTOR('',#2204,1.);
#2204 = DIRECTION('',(1.,0.,0.));
#2205 = ORIENTED_EDGE('',*,*,#2013,.F.);
#2206 = ORIENTED_EDGE('',*,*,#2046,.F.);
#2207 = ORIENTED_EDGE('',*,*,#2061,.F.);
#2208 = ORIENTED_EDGE('',*,*,#2094,.F.);
#2209 = ORIENTED_EDGE('',*,*,#2112,.F.);
#2210 = ORIENTED_EDGE('',*,*,#1459,.T.);
#2211 = ORIENTED_EDGE('',*,*,#2212,.T.);
#2212 = EDGE_CURVE('',#1462,#2199,#2213,.T.);
#2213 = LINE('',#2214,#2215);
#2214 = CARTESIAN_POINT('',(0.77,-0.4,-3.469446951954E-18));
#2215 = VECTOR('',#2216,1.);
#2216 = DIRECTION('',(0.,1.,0.));
#2217 = PLANE('',#2218);
#2218 = AXIS2_PLACEMENT_3D('',#2219,#2220,#2221);
#2219 = CARTESIAN_POINT('',(0.5,-0.4,0.));
#2220 = DIRECTION('',(0.,0.,1.));
#2221 = DIRECTION('',(1.,0.,-0.));
#2222 = ADVANCED_FACE('',(#2223),#2242,.T.);
#2223 = FACE_BOUND('',#2224,.T.);
#2224 = EDGE_LOOP('',(#2225,#2226,#2227,#2236));
#2225 = ORIENTED_EDGE('',*,*,#1511,.T.);
#2226 = ORIENTED_EDGE('',*,*,#2212,.T.);
#2227 = ORIENTED_EDGE('',*,*,#2228,.F.);
#2228 = EDGE_CURVE('',#2229,#2199,#2231,.T.);
#2229 = VERTEX_POINT('',#2230);
#2230 = CARTESIAN_POINT('',(0.8,0.4,3.E-02));
#2231 = CIRCLE('',#2232,3.E-02);
#2232 = AXIS2_PLACEMENT_3D('',#2233,#2234,#2235);
#2233 = CARTESIAN_POINT('',(0.77,0.4,3.E-02));
#2234 = DIRECTION('',(0.,1.,0.));
#2235 = DIRECTION('',(0.,-0.,1.));
#2236 = ORIENTED_EDGE('',*,*,#2237,.F.);
#2237 = EDGE_CURVE('',#1504,#2229,#2238,.T.);
#2238 = LINE('',#2239,#2240);
#2239 = CARTESIAN_POINT('',(0.8,-0.4,3.E-02));
#2240 = VECTOR('',#2241,1.);
#2241 = DIRECTION('',(0.,1.,0.));
#2242 = CYLINDRICAL_SURFACE('',#2243,3.E-02);
#2243 = AXIS2_PLACEMENT_3D('',#2244,#2245,#2246);
#2244 = CARTESIAN_POINT('',(0.77,-0.4,3.E-02));
#2245 = DIRECTION('',(0.,1.,0.));
#2246 = DIRECTION('',(1.,0.,0.));
#2247 = ADVANCED_FACE('',(#2248),#2266,.T.);
#2248 = FACE_BOUND('',#2249,.T.);
#2249 = EDGE_LOOP('',(#2250,#2251,#2252,#2260));
#2250 = ORIENTED_EDGE('',*,*,#1503,.F.);
#2251 = ORIENTED_EDGE('',*,*,#2237,.T.);
#2252 = ORIENTED_EDGE('',*,*,#2253,.T.);
#2253 = EDGE_CURVE('',#2229,#2254,#2256,.T.);
#2254 = VERTEX_POINT('',#2255);
#2255 = CARTESIAN_POINT('',(0.8,0.4,0.47));
#2256 = LINE('',#2257,#2258);
#2257 = CARTESIAN_POINT('',(0.8,0.4,0.));
#2258 = VECTOR('',#2259,1.);
#2259 = DIRECTION('',(0.,0.,1.));
#2260 = ORIENTED_EDGE('',*,*,#2261,.F.);
#2261 = EDGE_CURVE('',#1495,#2254,#2262,.T.);
#2262 = LINE('',#2263,#2264);
#2263 = CARTESIAN_POINT('',(0.8,-0.4,0.47));
#2264 = VECTOR('',#2265,1.);
#2265 = DIRECTION('',(0.,1.,0.));
#2266 = PLANE('',#2267);
#2267 = AXIS2_PLACEMENT_3D('',#2268,#2269,#2270);
#2268 = CARTESIAN_POINT('',(0.8,-0.4,0.));
#2269 = DIRECTION('',(1.,0.,0.));
#2270 = DIRECTION('',(0.,0.,1.));
#2271 = ADVANCED_FACE('',(#2272),#2291,.T.);
#2272 = FACE_BOUND('',#2273,.T.);
#2273 = EDGE_LOOP('',(#2274,#2275,#2284,#2290));
#2274 = ORIENTED_EDGE('',*,*,#2261,.T.);
#2275 = ORIENTED_EDGE('',*,*,#2276,.T.);
#2276 = EDGE_CURVE('',#2254,#2277,#2279,.T.);
#2277 = VERTEX_POINT('',#2278);
#2278 = CARTESIAN_POINT('',(0.77,0.4,0.5));
#2279 = CIRCLE('',#2280,3.E-02);
#2280 = AXIS2_PLACEMENT_3D('',#2281,#2282,#2283);
#2281 = CARTESIAN_POINT('',(0.77,0.4,0.47));
#2282 = DIRECTION('',(0.,-1.,0.));
#2283 = DIRECTION('',(0.,0.,1.));
#2284 = ORIENTED_EDGE('',*,*,#2285,.F.);
#2285 = EDGE_CURVE('',#1487,#2277,#2286,.T.);
#2286 = LINE('',#2287,#2288);
#2287 = CARTESIAN_POINT('',(0.77,-0.4,0.5));
#2288 = VECTOR('',#2289,1.);
#2289 = DIRECTION('',(0.,1.,0.));
#2290 = ORIENTED_EDGE('',*,*,#1494,.F.);
#2291 = CYLINDRICAL_SURFACE('',#2292,3.E-02);
#2292 = AXIS2_PLACEMENT_3D('',#2293,#2294,#2295);
#2293 = CARTESIAN_POINT('',(0.77,-0.4,0.47));
#2294 = DIRECTION('',(0.,1.,0.));
#2295 = DIRECTION('',(1.,0.,0.));
#2296 = ADVANCED_FACE('',(#2297),#2338,.T.);
#2297 = FACE_BOUND('',#2298,.T.);
#2298 = EDGE_LOOP('',(#2299,#2307,#2315,#2321,#2322,#2330,#2336,#2337));
#2299 = ORIENTED_EDGE('',*,*,#2300,.F.);
#2300 = EDGE_CURVE('',#2301,#2277,#2303,.T.);
#2301 = VERTEX_POINT('',#2302);
#2302 = CARTESIAN_POINT('',(0.725,0.4,0.5));
#2303 = LINE('',#2304,#2305);
#2304 = CARTESIAN_POINT('',(0.5,0.4,0.5));
#2305 = VECTOR('',#2306,1.);
#2306 = DIRECTION('',(1.,0.,0.));
#2307 = ORIENTED_EDGE('',*,*,#2308,.F.);
#2308 = EDGE_CURVE('',#2309,#2301,#2311,.T.);
#2309 = VERTEX_POINT('',#2310);
#2310 = CARTESIAN_POINT('',(0.725,0.3,0.5));
#2311 = LINE('',#2312,#2313);
#2312 = CARTESIAN_POINT('',(0.725,-5.E-02,0.5));
#2313 = VECTOR('',#2314,1.);
#2314 = DIRECTION('',(0.,1.,0.));
#2315 = ORIENTED_EDGE('',*,*,#2316,.F.);
#2316 = EDGE_CURVE('',#1592,#2309,#2317,.T.);
#2317 = LINE('',#2318,#2319);
#2318 = CARTESIAN_POINT('',(-0.1125,0.3,0.5));
#2319 = VECTOR('',#2320,1.);
#2320 = DIRECTION('',(1.,0.,0.));
#2321 = ORIENTED_EDGE('',*,*,#1591,.F.);
#2322 = ORIENTED_EDGE('',*,*,#2323,.F.);
#2323 = EDGE_CURVE('',#2324,#1583,#2326,.T.);
#2324 = VERTEX_POINT('',#2325);
#2325 = CARTESIAN_POINT('',(0.725,-0.3,0.5));
#2326 = LINE('',#2327,#2328);
#2327 = CARTESIAN_POINT('',(0.6125,-0.3,0.5));
#2328 = VECTOR('',#2329,1.);
#2329 = DIRECTION('',(-1.,0.,0.));
#2330 = ORIENTED_EDGE('',*,*,#2331,.F.);
#2331 = EDGE_CURVE('',#1479,#2324,#2332,.T.);
#2332 = LINE('',#2333,#2334);
#2333 = CARTESIAN_POINT('',(0.725,-0.45,0.5));
#2334 = VECTOR('',#2335,1.);
#2335 = DIRECTION('',(0.,1.,0.));
#2336 = ORIENTED_EDGE('',*,*,#1486,.T.);
#2337 = ORIENTED_EDGE('',*,*,#2285,.T.);
#2338 = PLANE('',#2339);
#2339 = AXIS2_PLACEMENT_3D('',#2340,#2341,#2342);
#2340 = CARTESIAN_POINT('',(0.5,-0.4,0.5));
#2341 = DIRECTION('',(0.,0.,1.));
#2342 = DIRECTION('',(1.,0.,-0.));
#2343 = ADVANCED_FACE('',(#2344),#2355,.F.);
#2344 = FACE_BOUND('',#2345,.F.);
#2345 = EDGE_LOOP('',(#2346,#2352,#2353,#2354));
#2346 = ORIENTED_EDGE('',*,*,#2347,.F.);
#2347 = EDGE_CURVE('',#2324,#1527,#2348,.T.);
#2348 = LINE('',#2349,#2350);
#2349 = CARTESIAN_POINT('',(0.725,-0.3,0.75));
#2350 = VECTOR('',#2351,1.);
#2351 = DIRECTION('',(-0.,-0.,-1.));
#2352 = ORIENTED_EDGE('',*,*,#2331,.F.);
#2353 = ORIENTED_EDGE('',*,*,#1478,.T.);
#2354 = ORIENTED_EDGE('',*,*,#1536,.F.);
#2355 = PLANE('',#2356);
#2356 = AXIS2_PLACEMENT_3D('',#2357,#2358,#2359);
#2357 = CARTESIAN_POINT('',(0.725,-0.5,0.75));
#2358 = DIRECTION('',(1.,0.,0.));
#2359 = DIRECTION('',(-0.,1.,0.));
#2360 = ADVANCED_FACE('',(#2361),#2367,.F.);
#2361 = FACE_BOUND('',#2362,.F.);
#2362 = EDGE_LOOP('',(#2363,#2364,#2365,#2366));
#2363 = ORIENTED_EDGE('',*,*,#2323,.F.);
#2364 = ORIENTED_EDGE('',*,*,#2347,.T.);
#2365 = ORIENTED_EDGE('',*,*,#1526,.F.);
#2366 = ORIENTED_EDGE('',*,*,#1582,.T.);
#2367 = PLANE('',#2368);
#2368 = AXIS2_PLACEMENT_3D('',#2369,#2370,#2371);
#2369 = CARTESIAN_POINT('',(0.725,-0.3,0.75));
#2370 = DIRECTION('',(0.,1.,0.));
#2371 = DIRECTION('',(-1.,0.,0.));
#2372 = ADVANCED_FACE('',(#2373),#2389,.F.);
#2373 = FACE_BOUND('',#2374,.F.);
#2374 = EDGE_LOOP('',(#2375,#2376,#2382,#2383));
#2375 = ORIENTED_EDGE('',*,*,#2308,.F.);
#2376 = ORIENTED_EDGE('',*,*,#2377,.T.);
#2377 = EDGE_CURVE('',#2309,#1560,#2378,.T.);
#2378 = LINE('',#2379,#2380);
#2379 = CARTESIAN_POINT('',(0.725,0.3,0.75));
#2380 = VECTOR('',#2381,1.);
#2381 = DIRECTION('',(-0.,-0.,-1.));
#2382 = ORIENTED_EDGE('',*,*,#1567,.F.);
#2383 = ORIENTED_EDGE('',*,*,#2384,.F.);
#2384 = EDGE_CURVE('',#2301,#1551,#2385,.T.);
#2385 = LINE('',#2386,#2387);
#2386 = CARTESIAN_POINT('',(0.725,0.4,0.375));
#2387 = VECTOR('',#2388,1.);
#2388 = DIRECTION('',(0.,0.,-1.));
#2389 = PLANE('',#2390);
#2390 = AXIS2_PLACEMENT_3D('',#2391,#2392,#2393);
#2391 = CARTESIAN_POINT('',(0.725,0.3,0.75));
#2392 = DIRECTION('',(1.,0.,0.));
#2393 = DIRECTION('',(-0.,1.,0.));
#2394 = ADVANCED_FACE('',(#2395),#2401,.F.);
#2395 = FACE_BOUND('',#2396,.F.);
#2396 = EDGE_LOOP('',(#2397,#2398,#2399,#2400));
#2397 = ORIENTED_EDGE('',*,*,#2377,.F.);
#2398 = ORIENTED_EDGE('',*,*,#2316,.F.);
#2399 = ORIENTED_EDGE('',*,*,#1599,.F.);
#2400 = ORIENTED_EDGE('',*,*,#1559,.F.);
#2401 = PLANE('',#2402);
#2402 = AXIS2_PLACEMENT_3D('',#2403,#2404,#2405);
#2403 = CARTESIAN_POINT('',(-0.725,0.3,0.75));
#2404 = DIRECTION('',(0.,-1.,0.));
#2405 = DIRECTION('',(1.,0.,0.));
#2406 = ADVANCED_FACE('',(#2407),#2419,.T.);
#2407 = FACE_BOUND('',#2408,.T.);
#2408 = EDGE_LOOP('',(#2409,#2410,#2411,#2412,#2413,#2414,#2415,#2416,
    #2417,#2418));
#2409 = ORIENTED_EDGE('',*,*,#1787,.F.);
#2410 = ORIENTED_EDGE('',*,*,#1858,.F.);
#2411 = ORIENTED_EDGE('',*,*,#1894,.T.);
#2412 = ORIENTED_EDGE('',*,*,#1918,.T.);
#2413 = ORIENTED_EDGE('',*,*,#1742,.T.);
#2414 = ORIENTED_EDGE('',*,*,#1703,.F.);
#2415 = ORIENTED_EDGE('',*,*,#1630,.F.);
#2416 = ORIENTED_EDGE('',*,*,#1622,.F.);
#2417 = ORIENTED_EDGE('',*,*,#1614,.T.);
#2418 = ORIENTED_EDGE('',*,*,#1989,.F.);
#2419 = PLANE('',#2420);
#2420 = AXIS2_PLACEMENT_3D('',#2421,#2422,#2423);
#2421 = CARTESIAN_POINT('',(-0.8,0.4,0.));
#2422 = DIRECTION('',(0.,1.,0.));
#2423 = DIRECTION('',(0.,-0.,1.));
#2424 = ADVANCED_FACE('',(#2425),#2437,.T.);
#2425 = FACE_BOUND('',#2426,.T.);
#2426 = EDGE_LOOP('',(#2427,#2428,#2429,#2430,#2431,#2432,#2433,#2434,
    #2435,#2436));
#2427 = ORIENTED_EDGE('',*,*,#2198,.F.);
#2428 = ORIENTED_EDGE('',*,*,#2021,.F.);
#2429 = ORIENTED_EDGE('',*,*,#1655,.T.);
#2430 = ORIENTED_EDGE('',*,*,#1647,.T.);
#2431 = ORIENTED_EDGE('',*,*,#1639,.F.);
#2432 = ORIENTED_EDGE('',*,*,#2384,.F.);
#2433 = ORIENTED_EDGE('',*,*,#2300,.T.);
#2434 = ORIENTED_EDGE('',*,*,#2276,.F.);
#2435 = ORIENTED_EDGE('',*,*,#2253,.F.);
#2436 = ORIENTED_EDGE('',*,*,#2228,.T.);
#2437 = PLANE('',#2438);
#2438 = AXIS2_PLACEMENT_3D('',#2439,#2440,#2441);
#2439 = CARTESIAN_POINT('',(0.5,0.4,0.));
#2440 = DIRECTION('',(0.,1.,0.));
#2441 = DIRECTION('',(0.,-0.,1.));
#2442 = ADVANCED_FACE('',(#2443),#2448,.T.);
#2443 = FACE_BOUND('',#2444,.T.);
#2444 = EDGE_LOOP('',(#2445,#2446,#2447));
#2445 = ORIENTED_EDGE('',*,*,#2167,.T.);
#2446 = ORIENTED_EDGE('',*,*,#2143,.T.);
#2447 = ORIENTED_EDGE('',*,*,#2184,.T.);
#2448 = PLANE('',#2449);
#2449 = AXIS2_PLACEMENT_3D('',#2450,#2451,#2452);
#2450 = CARTESIAN_POINT('',(9.237604307034E-02,0.,1.5E-02));
#2451 = DIRECTION('',(-0.,-0.,-1.));
#2452 = DIRECTION('',(-1.,0.,0.));
#2453 = ( GEOMETRIC_REPRESENTATION_CONTEXT(3) 
GLOBAL_UNCERTAINTY_ASSIGNED_CONTEXT((#2457)) 
GLOBAL_UNIT_ASSIGNED_CONTEXT((#2454,#2455,#2456)) REPRESENTATION_CONTEXT
('Context #1','3D Context with UNIT and UNCERTAINTY') );
#2454 = ( LENGTH_UNIT() NAMED_UNIT(*) SI_UNIT(.MILLI.,.METRE.) );
#2455 = ( NAMED_UNIT(*) PLANE_ANGLE_UNIT() SI_UNIT($,.RADIAN.) );
#2456 = ( NAMED_UNIT(*) SI_UNIT($,.STERADIAN.) SOLID_ANGLE_UNIT() );
#2457 = UNCERTAINTY_MEASURE_WITH_UNIT(LENGTH_MEASURE(1.E-07),#2454,
  'distance_accuracy_value','confusion accuracy');
#2458 = CONTEXT_DEPENDENT_SHAPE_REPRESENTATION(#2459,#2461);
#2459 = ( REPRESENTATION_RELATIONSHIP('','',#929,#10) 
REPRESENTATION_RELATIONSHIP_WITH_TRANSFORMATION(#2460) 
SHAPE_REPRESENTATION_RELATIONSHIP() );
#2460 = ITEM_DEFINED_TRANSFORMATION('','',#11,#19);
#2461 = PRODUCT_DEFINITION_SHAPE('Placement','Placement of an item',
  #2462);
#2462 = NEXT_ASSEMBLY_USAGE_OCCURRENCE('2','D1','',#5,#924,$);
#2463 = PRODUCT_RELATED_PRODUCT_CATEGORY('part',$,(#926));
#2464 = SHAPE_DEFINITION_REPRESENTATION(#2465,#2471);
#2465 = PRODUCT_DEFINITION_SHAPE('','',#2466);
#2466 = PRODUCT_DEFINITION('design','',#2467,#2470);
#2467 = PRODUCT_DEFINITION_FORMATION('','',#2468);
#2468 = PRODUCT('R_0603_1608Metric','R_0603_1608Metric','',(#2469));
#2469 = PRODUCT_CONTEXT('',#2,'mechanical');
#2470 = PRODUCT_DEFINITION_CONTEXT('part definition',#2,'design');
#2471 = ADVANCED_BREP_SHAPE_REPRESENTATION('',(#11,#2472),#3262);
#2472 = MANIFOLD_SOLID_BREP('',#2473);
#2473 = CLOSED_SHELL('',(#2474,#2514,#2597,#2622,#2647,#2714,#2731,#2748
    ,#2797,#2814,#2831,#2880,#2897,#2966,#2997,#3021,#3090,#3114,#3131,
    #3148,#3165,#3182,#3199,#3216,#3233,#3250));
#2474 = ADVANCED_FACE('',(#2475),#2509,.F.);
#2475 = FACE_BOUND('',#2476,.F.);
#2476 = EDGE_LOOP('',(#2477,#2487,#2495,#2503));
#2477 = ORIENTED_EDGE('',*,*,#2478,.F.);
#2478 = EDGE_CURVE('',#2479,#2481,#2483,.T.);
#2479 = VERTEX_POINT('',#2480);
#2480 = CARTESIAN_POINT('',(-0.8,-0.4,4.5E-02));
#2481 = VERTEX_POINT('',#2482);
#2482 = CARTESIAN_POINT('',(-0.8,-0.4,0.405));
#2483 = LINE('',#2484,#2485);
#2484 = CARTESIAN_POINT('',(-0.8,-0.4,0.));
#2485 = VECTOR('',#2486,1.);
#2486 = DIRECTION('',(0.,0.,1.));
#2487 = ORIENTED_EDGE('',*,*,#2488,.T.);
#2488 = EDGE_CURVE('',#2479,#2489,#2491,.T.);
#2489 = VERTEX_POINT('',#2490);
#2490 = CARTESIAN_POINT('',(-0.8,0.4,4.5E-02));
#2491 = LINE('',#2492,#2493);
#2492 = CARTESIAN_POINT('',(-0.8,-0.4,4.5E-02));
#2493 = VECTOR('',#2494,1.);
#2494 = DIRECTION('',(0.,1.,0.));
#2495 = ORIENTED_EDGE('',*,*,#2496,.T.);
#2496 = EDGE_CURVE('',#2489,#2497,#2499,.T.);
#2497 = VERTEX_POINT('',#2498);
#2498 = CARTESIAN_POINT('',(-0.8,0.4,0.405));
#2499 = LINE('',#2500,#2501);
#2500 = CARTESIAN_POINT('',(-0.8,0.4,0.));
#2501 = VECTOR('',#2502,1.);
#2502 = DIRECTION('',(0.,0.,1.));
#2503 = ORIENTED_EDGE('',*,*,#2504,.F.);
#2504 = EDGE_CURVE('',#2481,#2497,#2505,.T.);
#2505 = LINE('',#2506,#2507);
#2506 = CARTESIAN_POINT('',(-0.8,-0.4,0.405));
#2507 = VECTOR('',#2508,1.);
#2508 = DIRECTION('',(0.,1.,0.));
#2509 = PLANE('',#2510);
#2510 = AXIS2_PLACEMENT_3D('',#2511,#2512,#2513);
#2511 = CARTESIAN_POINT('',(-0.8,-0.4,0.));
#2512 = DIRECTION('',(1.,0.,0.));
#2513 = DIRECTION('',(0.,0.,1.));
#2514 = ADVANCED_FACE('',(#2515),#2592,.F.);
#2515 = FACE_BOUND('',#2516,.F.);
#2516 = EDGE_LOOP('',(#2517,#2527,#2534,#2535,#2544,#2552,#2561,#2569,
    #2577,#2585));
#2517 = ORIENTED_EDGE('',*,*,#2518,.F.);
#2518 = EDGE_CURVE('',#2519,#2521,#2523,.T.);
#2519 = VERTEX_POINT('',#2520);
#2520 = CARTESIAN_POINT('',(-0.755,-0.4,-2.775557561563E-17));
#2521 = VERTEX_POINT('',#2522);
#2522 = CARTESIAN_POINT('',(-0.545,-0.4,-2.775557561563E-17));
#2523 = LINE('',#2524,#2525);
#2524 = CARTESIAN_POINT('',(-0.8,-0.4,0.));
#2525 = VECTOR('',#2526,1.);
#2526 = DIRECTION('',(1.,0.,0.));
#2527 = ORIENTED_EDGE('',*,*,#2528,.F.);
#2528 = EDGE_CURVE('',#2479,#2519,#2529,.T.);
#2529 = CIRCLE('',#2530,4.5E-02);
#2530 = AXIS2_PLACEMENT_3D('',#2531,#2532,#2533);
#2531 = CARTESIAN_POINT('',(-0.755,-0.4,4.5E-02));
#2532 = DIRECTION('',(0.,-1.,0.));
#2533 = DIRECTION('',(0.,0.,1.));
#2534 = ORIENTED_EDGE('',*,*,#2478,.T.);
#2535 = ORIENTED_EDGE('',*,*,#2536,.T.);
#2536 = EDGE_CURVE('',#2481,#2537,#2539,.T.);
#2537 = VERTEX_POINT('',#2538);
#2538 = CARTESIAN_POINT('',(-0.755,-0.4,0.45));
#2539 = CIRCLE('',#2540,4.5E-02);
#2540 = AXIS2_PLACEMENT_3D('',#2541,#2542,#2543);
#2541 = CARTESIAN_POINT('',(-0.755,-0.4,0.405));
#2542 = DIRECTION('',(0.,1.,0.));
#2543 = DIRECTION('',(0.,-0.,1.));
#2544 = ORIENTED_EDGE('',*,*,#2545,.T.);
#2545 = EDGE_CURVE('',#2537,#2546,#2548,.T.);
#2546 = VERTEX_POINT('',#2547);
#2547 = CARTESIAN_POINT('',(-0.545,-0.4,0.45));
#2548 = LINE('',#2549,#2550);
#2549 = CARTESIAN_POINT('',(-0.8,-0.4,0.45));
#2550 = VECTOR('',#2551,1.);
#2551 = DIRECTION('',(1.,0.,0.));
#2552 = ORIENTED_EDGE('',*,*,#2553,.F.);
#2553 = EDGE_CURVE('',#2554,#2546,#2556,.T.);
#2554 = VERTEX_POINT('',#2555);
#2555 = CARTESIAN_POINT('',(-0.5,-0.4,0.405));
#2556 = CIRCLE('',#2557,4.5E-02);
#2557 = AXIS2_PLACEMENT_3D('',#2558,#2559,#2560);
#2558 = CARTESIAN_POINT('',(-0.545,-0.4,0.405));
#2559 = DIRECTION('',(0.,-1.,0.));
#2560 = DIRECTION('',(0.,0.,1.));
#2561 = ORIENTED_EDGE('',*,*,#2562,.F.);
#2562 = EDGE_CURVE('',#2563,#2554,#2565,.T.);
#2563 = VERTEX_POINT('',#2564);
#2564 = CARTESIAN_POINT('',(-0.755,-0.4,0.405));
#2565 = LINE('',#2566,#2567);
#2566 = CARTESIAN_POINT('',(-0.755,-0.4,0.405));
#2567 = VECTOR('',#2568,1.);
#2568 = DIRECTION('',(1.,0.,0.));
#2569 = ORIENTED_EDGE('',*,*,#2570,.F.);
#2570 = EDGE_CURVE('',#2571,#2563,#2573,.T.);
#2571 = VERTEX_POINT('',#2572);
#2572 = CARTESIAN_POINT('',(-0.755,-0.4,4.5E-02));
#2573 = LINE('',#2574,#2575);
#2574 = CARTESIAN_POINT('',(-0.755,-0.4,4.5E-02));
#2575 = VECTOR('',#2576,1.);
#2576 = DIRECTION('',(0.,0.,1.));
#2577 = ORIENTED_EDGE('',*,*,#2578,.T.);
#2578 = EDGE_CURVE('',#2571,#2579,#2581,.T.);
#2579 = VERTEX_POINT('',#2580);
#2580 = CARTESIAN_POINT('',(-0.5,-0.4,4.5E-02));
#2581 = LINE('',#2582,#2583);
#2582 = CARTESIAN_POINT('',(-0.755,-0.4,4.5E-02));
#2583 = VECTOR('',#2584,1.);
#2584 = DIRECTION('',(1.,0.,0.));
#2585 = ORIENTED_EDGE('',*,*,#2586,.T.);
#2586 = EDGE_CURVE('',#2579,#2521,#2587,.T.);
#2587 = CIRCLE('',#2588,4.5E-02);
#2588 = AXIS2_PLACEMENT_3D('',#2589,#2590,#2591);
#2589 = CARTESIAN_POINT('',(-0.545,-0.4,4.5E-02));
#2590 = DIRECTION('',(0.,1.,0.));
#2591 = DIRECTION('',(0.,-0.,1.));
#2592 = PLANE('',#2593);
#2593 = AXIS2_PLACEMENT_3D('',#2594,#2595,#2596);
#2594 = CARTESIAN_POINT('',(-0.8,-0.4,0.));
#2595 = DIRECTION('',(0.,1.,0.));
#2596 = DIRECTION('',(0.,-0.,1.));
#2597 = ADVANCED_FACE('',(#2598),#2617,.T.);
#2598 = FACE_BOUND('',#2599,.T.);
#2599 = EDGE_LOOP('',(#2600,#2601,#2610,#2616));
#2600 = ORIENTED_EDGE('',*,*,#2488,.T.);
#2601 = ORIENTED_EDGE('',*,*,#2602,.T.);
#2602 = EDGE_CURVE('',#2489,#2603,#2605,.T.);
#2603 = VERTEX_POINT('',#2604);
#2604 = CARTESIAN_POINT('',(-0.755,0.4,-2.775557561563E-17));
#2605 = CIRCLE('',#2606,4.5E-02);
#2606 = AXIS2_PLACEMENT_3D('',#2607,#2608,#2609);
#2607 = CARTESIAN_POINT('',(-0.755,0.4,4.5E-02));
#2608 = DIRECTION('',(0.,-1.,0.));
#2609 = DIRECTION('',(0.,0.,1.));
#2610 = ORIENTED_EDGE('',*,*,#2611,.F.);
#2611 = EDGE_CURVE('',#2519,#2603,#2612,.T.);
#2612 = LINE('',#2613,#2614);
#2613 = CARTESIAN_POINT('',(-0.755,-0.4,-2.775557561563E-17));
#2614 = VECTOR('',#2615,1.);
#2615 = DIRECTION('',(0.,1.,0.));
#2616 = ORIENTED_EDGE('',*,*,#2528,.F.);
#2617 = CYLINDRICAL_SURFACE('',#2618,4.5E-02);
#2618 = AXIS2_PLACEMENT_3D('',#2619,#2620,#2621);
#2619 = CARTESIAN_POINT('',(-0.755,-0.4,4.5E-02));
#2620 = DIRECTION('',(0.,1.,0.));
#2621 = DIRECTION('',(-1.,0.,0.));
#2622 = ADVANCED_FACE('',(#2623),#2642,.T.);
#2623 = FACE_BOUND('',#2624,.T.);
#2624 = EDGE_LOOP('',(#2625,#2626,#2634,#2641));
#2625 = ORIENTED_EDGE('',*,*,#2536,.T.);
#2626 = ORIENTED_EDGE('',*,*,#2627,.T.);
#2627 = EDGE_CURVE('',#2537,#2628,#2630,.T.);
#2628 = VERTEX_POINT('',#2629);
#2629 = CARTESIAN_POINT('',(-0.755,0.4,0.45));
#2630 = LINE('',#2631,#2632);
#2631 = CARTESIAN_POINT('',(-0.755,-0.4,0.45));
#2632 = VECTOR('',#2633,1.);
#2633 = DIRECTION('',(0.,1.,0.));
#2634 = ORIENTED_EDGE('',*,*,#2635,.F.);
#2635 = EDGE_CURVE('',#2497,#2628,#2636,.T.);
#2636 = CIRCLE('',#2637,4.5E-02);
#2637 = AXIS2_PLACEMENT_3D('',#2638,#2639,#2640);
#2638 = CARTESIAN_POINT('',(-0.755,0.4,0.405));
#2639 = DIRECTION('',(0.,1.,0.));
#2640 = DIRECTION('',(0.,-0.,1.));
#2641 = ORIENTED_EDGE('',*,*,#2504,.F.);
#2642 = CYLINDRICAL_SURFACE('',#2643,4.5E-02);
#2643 = AXIS2_PLACEMENT_3D('',#2644,#2645,#2646);
#2644 = CARTESIAN_POINT('',(-0.755,-0.4,0.405));
#2645 = DIRECTION('',(0.,1.,0.));
#2646 = DIRECTION('',(-1.,0.,0.));
#2647 = ADVANCED_FACE('',(#2648),#2709,.T.);
#2648 = FACE_BOUND('',#2649,.T.);
#2649 = EDGE_LOOP('',(#2650,#2658,#2659,#2660,#2661,#2669,#2678,#2686,
    #2694,#2702));
#2650 = ORIENTED_EDGE('',*,*,#2651,.F.);
#2651 = EDGE_CURVE('',#2603,#2652,#2654,.T.);
#2652 = VERTEX_POINT('',#2653);
#2653 = CARTESIAN_POINT('',(-0.545,0.4,-2.775557561563E-17));
#2654 = LINE('',#2655,#2656);
#2655 = CARTESIAN_POINT('',(-0.8,0.4,0.));
#2656 = VECTOR('',#2657,1.);
#2657 = DIRECTION('',(1.,0.,0.));
#2658 = ORIENTED_EDGE('',*,*,#2602,.F.);
#2659 = ORIENTED_EDGE('',*,*,#2496,.T.);
#2660 = ORIENTED_EDGE('',*,*,#2635,.T.);
#2661 = ORIENTED_EDGE('',*,*,#2662,.T.);
#2662 = EDGE_CURVE('',#2628,#2663,#2665,.T.);
#2663 = VERTEX_POINT('',#2664);
#2664 = CARTESIAN_POINT('',(-0.545,0.4,0.45));
#2665 = LINE('',#2666,#2667);
#2666 = CARTESIAN_POINT('',(-0.8,0.4,0.45));
#2667 = VECTOR('',#2668,1.);
#2668 = DIRECTION('',(1.,0.,0.));
#2669 = ORIENTED_EDGE('',*,*,#2670,.F.);
#2670 = EDGE_CURVE('',#2671,#2663,#2673,.T.);
#2671 = VERTEX_POINT('',#2672);
#2672 = CARTESIAN_POINT('',(-0.5,0.4,0.405));
#2673 = CIRCLE('',#2674,4.5E-02);
#2674 = AXIS2_PLACEMENT_3D('',#2675,#2676,#2677);
#2675 = CARTESIAN_POINT('',(-0.545,0.4,0.405));
#2676 = DIRECTION('',(0.,-1.,0.));
#2677 = DIRECTION('',(0.,0.,1.));
#2678 = ORIENTED_EDGE('',*,*,#2679,.F.);
#2679 = EDGE_CURVE('',#2680,#2671,#2682,.T.);
#2680 = VERTEX_POINT('',#2681);
#2681 = CARTESIAN_POINT('',(-0.755,0.4,0.405));
#2682 = LINE('',#2683,#2684);
#2683 = CARTESIAN_POINT('',(-0.755,0.4,0.405));
#2684 = VECTOR('',#2685,1.);
#2685 = DIRECTION('',(1.,0.,0.));
#2686 = ORIENTED_EDGE('',*,*,#2687,.F.);
#2687 = EDGE_CURVE('',#2688,#2680,#2690,.T.);
#2688 = VERTEX_POINT('',#2689);
#2689 = CARTESIAN_POINT('',(-0.755,0.4,4.5E-02));
#2690 = LINE('',#2691,#2692);
#2691 = CARTESIAN_POINT('',(-0.755,0.4,4.5E-02));
#2692 = VECTOR('',#2693,1.);
#2693 = DIRECTION('',(0.,0.,1.));
#2694 = ORIENTED_EDGE('',*,*,#2695,.T.);
#2695 = EDGE_CURVE('',#2688,#2696,#2698,.T.);
#2696 = VERTEX_POINT('',#2697);
#2697 = CARTESIAN_POINT('',(-0.5,0.4,4.5E-02));
#2698 = LINE('',#2699,#2700);
#2699 = CARTESIAN_POINT('',(-0.755,0.4,4.5E-02));
#2700 = VECTOR('',#2701,1.);
#2701 = DIRECTION('',(1.,0.,0.));
#2702 = ORIENTED_EDGE('',*,*,#2703,.T.);
#2703 = EDGE_CURVE('',#2696,#2652,#2704,.T.);
#2704 = CIRCLE('',#2705,4.5E-02);
#2705 = AXIS2_PLACEMENT_3D('',#2706,#2707,#2708);
#2706 = CARTESIAN_POINT('',(-0.545,0.4,4.5E-02));
#2707 = DIRECTION('',(0.,1.,0.));
#2708 = DIRECTION('',(0.,-0.,1.));
#2709 = PLANE('',#2710);
#2710 = AXIS2_PLACEMENT_3D('',#2711,#2712,#2713);
#2711 = CARTESIAN_POINT('',(-0.8,0.4,0.));
#2712 = DIRECTION('',(0.,1.,0.));
#2713 = DIRECTION('',(0.,-0.,1.));
#2714 = ADVANCED_FACE('',(#2715),#2726,.F.);
#2715 = FACE_BOUND('',#2716,.F.);
#2716 = EDGE_LOOP('',(#2717,#2718,#2719,#2720));
#2717 = ORIENTED_EDGE('',*,*,#2651,.F.);
#2718 = ORIENTED_EDGE('',*,*,#2611,.F.);
#2719 = ORIENTED_EDGE('',*,*,#2518,.T.);
#2720 = ORIENTED_EDGE('',*,*,#2721,.T.);
#2721 = EDGE_CURVE('',#2521,#2652,#2722,.T.);
#2722 = LINE('',#2723,#2724);
#2723 = CARTESIAN_POINT('',(-0.545,-0.4,-2.775557561563E-17));
#2724 = VECTOR('',#2725,1.);
#2725 = DIRECTION('',(0.,1.,0.));
#2726 = PLANE('',#2727);
#2727 = AXIS2_PLACEMENT_3D('',#2728,#2729,#2730);
#2728 = CARTESIAN_POINT('',(-0.8,-0.4,0.));
#2729 = DIRECTION('',(0.,0.,1.));
#2730 = DIRECTION('',(1.,0.,-0.));
#2731 = ADVANCED_FACE('',(#2732),#2743,.T.);
#2732 = FACE_BOUND('',#2733,.T.);
#2733 = EDGE_LOOP('',(#2734,#2735,#2736,#2737));
#2734 = ORIENTED_EDGE('',*,*,#2586,.T.);
#2735 = ORIENTED_EDGE('',*,*,#2721,.T.);
#2736 = ORIENTED_EDGE('',*,*,#2703,.F.);
#2737 = ORIENTED_EDGE('',*,*,#2738,.F.);
#2738 = EDGE_CURVE('',#2579,#2696,#2739,.T.);
#2739 = LINE('',#2740,#2741);
#2740 = CARTESIAN_POINT('',(-0.5,-0.4,4.5E-02));
#2741 = VECTOR('',#2742,1.);
#2742 = DIRECTION('',(0.,1.,0.));
#2743 = CYLINDRICAL_SURFACE('',#2744,4.5E-02);
#2744 = AXIS2_PLACEMENT_3D('',#2745,#2746,#2747);
#2745 = CARTESIAN_POINT('',(-0.545,-0.4,4.5E-02));
#2746 = DIRECTION('',(0.,1.,0.));
#2747 = DIRECTION('',(1.,0.,0.));
#2748 = ADVANCED_FACE('',(#2749),#2792,.F.);
#2749 = FACE_BOUND('',#2750,.F.);
#2750 = EDGE_LOOP('',(#2751,#2752,#2753,#2754,#2762,#2770,#2778,#2786));
#2751 = ORIENTED_EDGE('',*,*,#2578,.F.);
#2752 = ORIENTED_EDGE('',*,*,#2570,.T.);
#2753 = ORIENTED_EDGE('',*,*,#2562,.T.);
#2754 = ORIENTED_EDGE('',*,*,#2755,.T.);
#2755 = EDGE_CURVE('',#2554,#2756,#2758,.T.);
#2756 = VERTEX_POINT('',#2757);
#2757 = CARTESIAN_POINT('',(0.5,-0.4,0.405));
#2758 = LINE('',#2759,#2760);
#2759 = CARTESIAN_POINT('',(-0.5,-0.4,0.405));
#2760 = VECTOR('',#2761,1.);
#2761 = DIRECTION('',(1.,0.,0.));
#2762 = ORIENTED_EDGE('',*,*,#2763,.T.);
#2763 = EDGE_CURVE('',#2756,#2764,#2766,.T.);
#2764 = VERTEX_POINT('',#2765);
#2765 = CARTESIAN_POINT('',(0.755,-0.4,0.405));
#2766 = LINE('',#2767,#2768);
#2767 = CARTESIAN_POINT('',(-0.755,-0.4,0.405));
#2768 = VECTOR('',#2769,1.);
#2769 = DIRECTION('',(1.,0.,0.));
#2770 = ORIENTED_EDGE('',*,*,#2771,.F.);
#2771 = EDGE_CURVE('',#2772,#2764,#2774,.T.);
#2772 = VERTEX_POINT('',#2773);
#2773 = CARTESIAN_POINT('',(0.755,-0.4,4.5E-02));
#2774 = LINE('',#2775,#2776);
#2775 = CARTESIAN_POINT('',(0.755,-0.4,4.5E-02));
#2776 = VECTOR('',#2777,1.);
#2777 = DIRECTION('',(0.,0.,1.));
#2778 = ORIENTED_EDGE('',*,*,#2779,.F.);
#2779 = EDGE_CURVE('',#2780,#2772,#2782,.T.);
#2780 = VERTEX_POINT('',#2781);
#2781 = CARTESIAN_POINT('',(0.5,-0.4,4.5E-02));
#2782 = LINE('',#2783,#2784);
#2783 = CARTESIAN_POINT('',(-0.755,-0.4,4.5E-02));
#2784 = VECTOR('',#2785,1.);
#2785 = DIRECTION('',(1.,0.,0.));
#2786 = ORIENTED_EDGE('',*,*,#2787,.F.);
#2787 = EDGE_CURVE('',#2579,#2780,#2788,.T.);
#2788 = LINE('',#2789,#2790);
#2789 = CARTESIAN_POINT('',(-0.755,-0.4,4.5E-02));
#2790 = VECTOR('',#2791,1.);
#2791 = DIRECTION('',(1.,0.,0.));
#2792 = PLANE('',#2793);
#2793 = AXIS2_PLACEMENT_3D('',#2794,#2795,#2796);
#2794 = CARTESIAN_POINT('',(-0.755,-0.4,4.5E-02));
#2795 = DIRECTION('',(0.,1.,0.));
#2796 = DIRECTION('',(0.,-0.,1.));
#2797 = ADVANCED_FACE('',(#2798),#2809,.T.);
#2798 = FACE_BOUND('',#2799,.T.);
#2799 = EDGE_LOOP('',(#2800,#2801,#2802,#2803));
#2800 = ORIENTED_EDGE('',*,*,#2662,.F.);
#2801 = ORIENTED_EDGE('',*,*,#2627,.F.);
#2802 = ORIENTED_EDGE('',*,*,#2545,.T.);
#2803 = ORIENTED_EDGE('',*,*,#2804,.T.);
#2804 = EDGE_CURVE('',#2546,#2663,#2805,.T.);
#2805 = LINE('',#2806,#2807);
#2806 = CARTESIAN_POINT('',(-0.545,-0.4,0.45));
#2807 = VECTOR('',#2808,1.);
#2808 = DIRECTION('',(0.,1.,0.));
#2809 = PLANE('',#2810);
#2810 = AXIS2_PLACEMENT_3D('',#2811,#2812,#2813);
#2811 = CARTESIAN_POINT('',(-0.8,-0.4,0.45));
#2812 = DIRECTION('',(0.,0.,1.));
#2813 = DIRECTION('',(1.,0.,-0.));
#2814 = ADVANCED_FACE('',(#2815),#2826,.T.);
#2815 = FACE_BOUND('',#2816,.T.);
#2816 = EDGE_LOOP('',(#2817,#2823,#2824,#2825));
#2817 = ORIENTED_EDGE('',*,*,#2818,.T.);
#2818 = EDGE_CURVE('',#2554,#2671,#2819,.T.);
#2819 = LINE('',#2820,#2821);
#2820 = CARTESIAN_POINT('',(-0.5,-0.4,0.405));
#2821 = VECTOR('',#2822,1.);
#2822 = DIRECTION('',(0.,1.,0.));
#2823 = ORIENTED_EDGE('',*,*,#2670,.T.);
#2824 = ORIENTED_EDGE('',*,*,#2804,.F.);
#2825 = ORIENTED_EDGE('',*,*,#2553,.F.);
#2826 = CYLINDRICAL_SURFACE('',#2827,4.5E-02);
#2827 = AXIS2_PLACEMENT_3D('',#2828,#2829,#2830);
#2828 = CARTESIAN_POINT('',(-0.545,-0.4,0.405));
#2829 = DIRECTION('',(0.,1.,0.));
#2830 = DIRECTION('',(1.,0.,0.));
#2831 = ADVANCED_FACE('',(#2832),#2875,.T.);
#2832 = FACE_BOUND('',#2833,.T.);
#2833 = EDGE_LOOP('',(#2834,#2835,#2836,#2837,#2845,#2853,#2861,#2869));
#2834 = ORIENTED_EDGE('',*,*,#2695,.F.);
#2835 = ORIENTED_EDGE('',*,*,#2687,.T.);
#2836 = ORIENTED_EDGE('',*,*,#2679,.T.);
#2837 = ORIENTED_EDGE('',*,*,#2838,.T.);
#2838 = EDGE_CURVE('',#2671,#2839,#2841,.T.);
#2839 = VERTEX_POINT('',#2840);
#2840 = CARTESIAN_POINT('',(0.5,0.4,0.405));
#2841 = LINE('',#2842,#2843);
#2842 = CARTESIAN_POINT('',(-0.5,0.4,0.405));
#2843 = VECTOR('',#2844,1.);
#2844 = DIRECTION('',(1.,0.,0.));
#2845 = ORIENTED_EDGE('',*,*,#2846,.T.);
#2846 = EDGE_CURVE('',#2839,#2847,#2849,.T.);
#2847 = VERTEX_POINT('',#2848);
#2848 = CARTESIAN_POINT('',(0.755,0.4,0.405));
#2849 = LINE('',#2850,#2851);
#2850 = CARTESIAN_POINT('',(-0.755,0.4,0.405));
#2851 = VECTOR('',#2852,1.);
#2852 = DIRECTION('',(1.,0.,0.));
#2853 = ORIENTED_EDGE('',*,*,#2854,.F.);
#2854 = EDGE_CURVE('',#2855,#2847,#2857,.T.);
#2855 = VERTEX_POINT('',#2856);
#2856 = CARTESIAN_POINT('',(0.755,0.4,4.5E-02));
#2857 = LINE('',#2858,#2859);
#2858 = CARTESIAN_POINT('',(0.755,0.4,4.5E-02));
#2859 = VECTOR('',#2860,1.);
#2860 = DIRECTION('',(0.,0.,1.));
#2861 = ORIENTED_EDGE('',*,*,#2862,.F.);
#2862 = EDGE_CURVE('',#2863,#2855,#2865,.T.);
#2863 = VERTEX_POINT('',#2864);
#2864 = CARTESIAN_POINT('',(0.5,0.4,4.5E-02));
#2865 = LINE('',#2866,#2867);
#2866 = CARTESIAN_POINT('',(-0.755,0.4,4.5E-02));
#2867 = VECTOR('',#2868,1.);
#2868 = DIRECTION('',(1.,0.,0.));
#2869 = ORIENTED_EDGE('',*,*,#2870,.F.);
#2870 = EDGE_CURVE('',#2696,#2863,#2871,.T.);
#2871 = LINE('',#2872,#2873);
#2872 = CARTESIAN_POINT('',(-0.755,0.4,4.5E-02));
#2873 = VECTOR('',#2874,1.);
#2874 = DIRECTION('',(1.,0.,0.));
#2875 = PLANE('',#2876);
#2876 = AXIS2_PLACEMENT_3D('',#2877,#2878,#2879);
#2877 = CARTESIAN_POINT('',(-0.755,0.4,4.5E-02));
#2878 = DIRECTION('',(0.,1.,0.));
#2879 = DIRECTION('',(0.,-0.,1.));
#2880 = ADVANCED_FACE('',(#2881),#2892,.F.);
#2881 = FACE_BOUND('',#2882,.F.);
#2882 = EDGE_LOOP('',(#2883,#2884,#2885,#2891));
#2883 = ORIENTED_EDGE('',*,*,#2738,.F.);
#2884 = ORIENTED_EDGE('',*,*,#2787,.T.);
#2885 = ORIENTED_EDGE('',*,*,#2886,.T.);
#2886 = EDGE_CURVE('',#2780,#2863,#2887,.T.);
#2887 = LINE('',#2888,#2889);
#2888 = CARTESIAN_POINT('',(0.5,-0.4,4.5E-02));
#2889 = VECTOR('',#2890,1.);
#2890 = DIRECTION('',(0.,1.,0.));
#2891 = ORIENTED_EDGE('',*,*,#2870,.F.);
#2892 = PLANE('',#2893);
#2893 = AXIS2_PLACEMENT_3D('',#2894,#2895,#2896);
#2894 = CARTESIAN_POINT('',(-0.755,-0.4,4.5E-02));
#2895 = DIRECTION('',(0.,0.,1.));
#2896 = DIRECTION('',(1.,0.,-0.));
#2897 = ADVANCED_FACE('',(#2898),#2961,.F.);
#2898 = FACE_BOUND('',#2899,.F.);
#2899 = EDGE_LOOP('',(#2900,#2910,#2917,#2918,#2919,#2920,#2929,#2937,
    #2946,#2954));
#2900 = ORIENTED_EDGE('',*,*,#2901,.F.);
#2901 = EDGE_CURVE('',#2902,#2904,#2906,.T.);
#2902 = VERTEX_POINT('',#2903);
#2903 = CARTESIAN_POINT('',(0.545,-0.4,-2.775557561563E-17));
#2904 = VERTEX_POINT('',#2905);
#2905 = CARTESIAN_POINT('',(0.755,-0.4,-2.775557561563E-17));
#2906 = LINE('',#2907,#2908);
#2907 = CARTESIAN_POINT('',(0.5,-0.4,0.));
#2908 = VECTOR('',#2909,1.);
#2909 = DIRECTION('',(1.,0.,0.));
#2910 = ORIENTED_EDGE('',*,*,#2911,.F.);
#2911 = EDGE_CURVE('',#2780,#2902,#2912,.T.);
#2912 = CIRCLE('',#2913,4.5E-02);
#2913 = AXIS2_PLACEMENT_3D('',#2914,#2915,#2916);
#2914 = CARTESIAN_POINT('',(0.545,-0.4,4.5E-02));
#2915 = DIRECTION('',(0.,-1.,0.));
#2916 = DIRECTION('',(0.,0.,1.));
#2917 = ORIENTED_EDGE('',*,*,#2779,.T.);
#2918 = ORIENTED_EDGE('',*,*,#2771,.T.);
#2919 = ORIENTED_EDGE('',*,*,#2763,.F.);
#2920 = ORIENTED_EDGE('',*,*,#2921,.T.);
#2921 = EDGE_CURVE('',#2756,#2922,#2924,.T.);
#2922 = VERTEX_POINT('',#2923);
#2923 = CARTESIAN_POINT('',(0.545,-0.4,0.45));
#2924 = CIRCLE('',#2925,4.5E-02);
#2925 = AXIS2_PLACEMENT_3D('',#2926,#2927,#2928);
#2926 = CARTESIAN_POINT('',(0.545,-0.4,0.405));
#2927 = DIRECTION('',(0.,1.,0.));
#2928 = DIRECTION('',(0.,-0.,1.));
#2929 = ORIENTED_EDGE('',*,*,#2930,.T.);
#2930 = EDGE_CURVE('',#2922,#2931,#2933,.T.);
#2931 = VERTEX_POINT('',#2932);
#2932 = CARTESIAN_POINT('',(0.755,-0.4,0.45));
#2933 = LINE('',#2934,#2935);
#2934 = CARTESIAN_POINT('',(0.5,-0.4,0.45));
#2935 = VECTOR('',#2936,1.);
#2936 = DIRECTION('',(1.,0.,0.));
#2937 = ORIENTED_EDGE('',*,*,#2938,.F.);
#2938 = EDGE_CURVE('',#2939,#2931,#2941,.T.);
#2939 = VERTEX_POINT('',#2940);
#2940 = CARTESIAN_POINT('',(0.8,-0.4,0.405));
#2941 = CIRCLE('',#2942,4.5E-02);
#2942 = AXIS2_PLACEMENT_3D('',#2943,#2944,#2945);
#2943 = CARTESIAN_POINT('',(0.755,-0.4,0.405));
#2944 = DIRECTION('',(0.,-1.,0.));
#2945 = DIRECTION('',(0.,0.,1.));
#2946 = ORIENTED_EDGE('',*,*,#2947,.F.);
#2947 = EDGE_CURVE('',#2948,#2939,#2950,.T.);
#2948 = VERTEX_POINT('',#2949);
#2949 = CARTESIAN_POINT('',(0.8,-0.4,4.5E-02));
#2950 = LINE('',#2951,#2952);
#2951 = CARTESIAN_POINT('',(0.8,-0.4,0.));
#2952 = VECTOR('',#2953,1.);
#2953 = DIRECTION('',(0.,0.,1.));
#2954 = ORIENTED_EDGE('',*,*,#2955,.T.);
#2955 = EDGE_CURVE('',#2948,#2904,#2956,.T.);
#2956 = CIRCLE('',#2957,4.5E-02);
#2957 = AXIS2_PLACEMENT_3D('',#2958,#2959,#2960);
#2958 = CARTESIAN_POINT('',(0.755,-0.4,4.5E-02));
#2959 = DIRECTION('',(0.,1.,0.));
#2960 = DIRECTION('',(0.,-0.,1.));
#2961 = PLANE('',#2962);
#2962 = AXIS2_PLACEMENT_3D('',#2963,#2964,#2965);
#2963 = CARTESIAN_POINT('',(0.5,-0.4,0.));
#2964 = DIRECTION('',(0.,1.,0.));
#2965 = DIRECTION('',(0.,-0.,1.));
#2966 = ADVANCED_FACE('',(#2967),#2992,.F.);
#2967 = FACE_BOUND('',#2968,.F.);
#2968 = EDGE_LOOP('',(#2969,#2970,#2978,#2986));
#2969 = ORIENTED_EDGE('',*,*,#2755,.F.);
#2970 = ORIENTED_EDGE('',*,*,#2971,.T.);
#2971 = EDGE_CURVE('',#2554,#2972,#2974,.T.);
#2972 = VERTEX_POINT('',#2973);
#2973 = CARTESIAN_POINT('',(-0.5,-0.4,0.45));
#2974 = LINE('',#2975,#2976);
#2975 = CARTESIAN_POINT('',(-0.5,-0.4,0.405));
#2976 = VECTOR('',#2977,1.);
#2977 = DIRECTION('',(0.,0.,1.));
#2978 = ORIENTED_EDGE('',*,*,#2979,.T.);
#2979 = EDGE_CURVE('',#2972,#2980,#2982,.T.);
#2980 = VERTEX_POINT('',#2981);
#2981 = CARTESIAN_POINT('',(0.5,-0.4,0.45));
#2982 = LINE('',#2983,#2984);
#2983 = CARTESIAN_POINT('',(-0.5,-0.4,0.45));
#2984 = VECTOR('',#2985,1.);
#2985 = DIRECTION('',(1.,0.,0.));
#2986 = ORIENTED_EDGE('',*,*,#2987,.F.);
#2987 = EDGE_CURVE('',#2756,#2980,#2988,.T.);
#2988 = LINE('',#2989,#2990);
#2989 = CARTESIAN_POINT('',(0.5,-0.4,0.405));
#2990 = VECTOR('',#2991,1.);
#2991 = DIRECTION('',(0.,0.,1.));
#2992 = PLANE('',#2993);
#2993 = AXIS2_PLACEMENT_3D('',#2994,#2995,#2996);
#2994 = CARTESIAN_POINT('',(-0.5,-0.4,0.405));
#2995 = DIRECTION('',(0.,1.,0.));
#2996 = DIRECTION('',(0.,-0.,1.));
#2997 = ADVANCED_FACE('',(#2998),#3016,.F.);
#2998 = FACE_BOUND('',#2999,.F.);
#2999 = EDGE_LOOP('',(#3000,#3001,#3002,#3010));
#3000 = ORIENTED_EDGE('',*,*,#2971,.F.);
#3001 = ORIENTED_EDGE('',*,*,#2818,.T.);
#3002 = ORIENTED_EDGE('',*,*,#3003,.T.);
#3003 = EDGE_CURVE('',#2671,#3004,#3006,.T.);
#3004 = VERTEX_POINT('',#3005);
#3005 = CARTESIAN_POINT('',(-0.5,0.4,0.45));
#3006 = LINE('',#3007,#3008);
#3007 = CARTESIAN_POINT('',(-0.5,0.4,0.405));
#3008 = VECTOR('',#3009,1.);
#3009 = DIRECTION('',(0.,0.,1.));
#3010 = ORIENTED_EDGE('',*,*,#3011,.F.);
#3011 = EDGE_CURVE('',#2972,#3004,#3012,.T.);
#3012 = LINE('',#3013,#3014);
#3013 = CARTESIAN_POINT('',(-0.5,-0.4,0.45));
#3014 = VECTOR('',#3015,1.);
#3015 = DIRECTION('',(0.,1.,0.));
#3016 = PLANE('',#3017);
#3017 = AXIS2_PLACEMENT_3D('',#3018,#3019,#3020);
#3018 = CARTESIAN_POINT('',(-0.5,-0.4,0.405));
#3019 = DIRECTION('',(1.,0.,0.));
#3020 = DIRECTION('',(0.,0.,1.));
#3021 = ADVANCED_FACE('',(#3022),#3085,.T.);
#3022 = FACE_BOUND('',#3023,.T.);
#3023 = EDGE_LOOP('',(#3024,#3034,#3041,#3042,#3043,#3044,#3053,#3061,
    #3070,#3078));
#3024 = ORIENTED_EDGE('',*,*,#3025,.F.);
#3025 = EDGE_CURVE('',#3026,#3028,#3030,.T.);
#3026 = VERTEX_POINT('',#3027);
#3027 = CARTESIAN_POINT('',(0.545,0.4,-2.775557561563E-17));
#3028 = VERTEX_POINT('',#3029);
#3029 = CARTESIAN_POINT('',(0.755,0.4,-2.775557561563E-17));
#3030 = LINE('',#3031,#3032);
#3031 = CARTESIAN_POINT('',(0.5,0.4,0.));
#3032 = VECTOR('',#3033,1.);
#3033 = DIRECTION('',(1.,0.,0.));
#3034 = ORIENTED_EDGE('',*,*,#3035,.F.);
#3035 = EDGE_CURVE('',#2863,#3026,#3036,.T.);
#3036 = CIRCLE('',#3037,4.5E-02);
#3037 = AXIS2_PLACEMENT_3D('',#3038,#3039,#3040);
#3038 = CARTESIAN_POINT('',(0.545,0.4,4.5E-02));
#3039 = DIRECTION('',(0.,-1.,0.));
#3040 = DIRECTION('',(0.,0.,1.));
#3041 = ORIENTED_EDGE('',*,*,#2862,.T.);
#3042 = ORIENTED_EDGE('',*,*,#2854,.T.);
#3043 = ORIENTED_EDGE('',*,*,#2846,.F.);
#3044 = ORIENTED_EDGE('',*,*,#3045,.T.);
#3045 = EDGE_CURVE('',#2839,#3046,#3048,.T.);
#3046 = VERTEX_POINT('',#3047);
#3047 = CARTESIAN_POINT('',(0.545,0.4,0.45));
#3048 = CIRCLE('',#3049,4.5E-02);
#3049 = AXIS2_PLACEMENT_3D('',#3050,#3051,#3052);
#3050 = CARTESIAN_POINT('',(0.545,0.4,0.405));
#3051 = DIRECTION('',(0.,1.,0.));
#3052 = DIRECTION('',(0.,-0.,1.));
#3053 = ORIENTED_EDGE('',*,*,#3054,.T.);
#3054 = EDGE_CURVE('',#3046,#3055,#3057,.T.);
#3055 = VERTEX_POINT('',#3056);
#3056 = CARTESIAN_POINT('',(0.755,0.4,0.45));
#3057 = LINE('',#3058,#3059);
#3058 = CARTESIAN_POINT('',(0.5,0.4,0.45));
#3059 = VECTOR('',#3060,1.);
#3060 = DIRECTION('',(1.,0.,0.));
#3061 = ORIENTED_EDGE('',*,*,#3062,.F.);
#3062 = EDGE_CURVE('',#3063,#3055,#3065,.T.);
#3063 = VERTEX_POINT('',#3064);
#3064 = CARTESIAN_POINT('',(0.8,0.4,0.405));
#3065 = CIRCLE('',#3066,4.5E-02);
#3066 = AXIS2_PLACEMENT_3D('',#3067,#3068,#3069);
#3067 = CARTESIAN_POINT('',(0.755,0.4,0.405));
#3068 = DIRECTION('',(0.,-1.,0.));
#3069 = DIRECTION('',(0.,0.,1.));
#3070 = ORIENTED_EDGE('',*,*,#3071,.F.);
#3071 = EDGE_CURVE('',#3072,#3063,#3074,.T.);
#3072 = VERTEX_POINT('',#3073);
#3073 = CARTESIAN_POINT('',(0.8,0.4,4.5E-02));
#3074 = LINE('',#3075,#3076);
#3075 = CARTESIAN_POINT('',(0.8,0.4,0.));
#3076 = VECTOR('',#3077,1.);
#3077 = DIRECTION('',(0.,0.,1.));
#3078 = ORIENTED_EDGE('',*,*,#3079,.T.);
#3079 = EDGE_CURVE('',#3072,#3028,#3080,.T.);
#3080 = CIRCLE('',#3081,4.5E-02);
#3081 = AXIS2_PLACEMENT_3D('',#3082,#3083,#3084);
#3082 = CARTESIAN_POINT('',(0.755,0.4,4.5E-02));
#3083 = DIRECTION('',(0.,1.,0.));
#3084 = DIRECTION('',(0.,-0.,1.));
#3085 = PLANE('',#3086);
#3086 = AXIS2_PLACEMENT_3D('',#3087,#3088,#3089);
#3087 = CARTESIAN_POINT('',(0.5,0.4,0.));
#3088 = DIRECTION('',(0.,1.,0.));
#3089 = DIRECTION('',(0.,-0.,1.));
#3090 = ADVANCED_FACE('',(#3091),#3109,.T.);
#3091 = FACE_BOUND('',#3092,.T.);
#3092 = EDGE_LOOP('',(#3093,#3094,#3095,#3103));
#3093 = ORIENTED_EDGE('',*,*,#2838,.F.);
#3094 = ORIENTED_EDGE('',*,*,#3003,.T.);
#3095 = ORIENTED_EDGE('',*,*,#3096,.T.);
#3096 = EDGE_CURVE('',#3004,#3097,#3099,.T.);
#3097 = VERTEX_POINT('',#3098);
#3098 = CARTESIAN_POINT('',(0.5,0.4,0.45));
#3099 = LINE('',#3100,#3101);
#3100 = CARTESIAN_POINT('',(-0.5,0.4,0.45));
#3101 = VECTOR('',#3102,1.);
#3102 = DIRECTION('',(1.,0.,0.));
#3103 = ORIENTED_EDGE('',*,*,#3104,.F.);
#3104 = EDGE_CURVE('',#2839,#3097,#3105,.T.);
#3105 = LINE('',#3106,#3107);
#3106 = CARTESIAN_POINT('',(0.5,0.4,0.405));
#3107 = VECTOR('',#3108,1.);
#3108 = DIRECTION('',(0.,0.,1.));
#3109 = PLANE('',#3110);
#3110 = AXIS2_PLACEMENT_3D('',#3111,#3112,#3113);
#3111 = CARTESIAN_POINT('',(-0.5,0.4,0.405));
#3112 = DIRECTION('',(0.,1.,0.));
#3113 = DIRECTION('',(0.,-0.,1.));
#3114 = ADVANCED_FACE('',(#3115),#3126,.T.);
#3115 = FACE_BOUND('',#3116,.T.);
#3116 = EDGE_LOOP('',(#3117,#3118,#3119,#3125));
#3117 = ORIENTED_EDGE('',*,*,#2886,.T.);
#3118 = ORIENTED_EDGE('',*,*,#3035,.T.);
#3119 = ORIENTED_EDGE('',*,*,#3120,.F.);
#3120 = EDGE_CURVE('',#2902,#3026,#3121,.T.);
#3121 = LINE('',#3122,#3123);
#3122 = CARTESIAN_POINT('',(0.545,-0.4,-2.775557561563E-17));
#3123 = VECTOR('',#3124,1.);
#3124 = DIRECTION('',(0.,1.,0.));
#3125 = ORIENTED_EDGE('',*,*,#2911,.F.);
#3126 = CYLINDRICAL_SURFACE('',#3127,4.5E-02);
#3127 = AXIS2_PLACEMENT_3D('',#3128,#3129,#3130);
#3128 = CARTESIAN_POINT('',(0.545,-0.4,4.5E-02));
#3129 = DIRECTION('',(0.,1.,0.));
#3130 = DIRECTION('',(-1.,0.,0.));
#3131 = ADVANCED_FACE('',(#3132),#3143,.F.);
#3132 = FACE_BOUND('',#3133,.F.);
#3133 = EDGE_LOOP('',(#3134,#3135,#3136,#3137));
#3134 = ORIENTED_EDGE('',*,*,#3025,.F.);
#3135 = ORIENTED_EDGE('',*,*,#3120,.F.);
#3136 = ORIENTED_EDGE('',*,*,#2901,.T.);
#3137 = ORIENTED_EDGE('',*,*,#3138,.T.);
#3138 = EDGE_CURVE('',#2904,#3028,#3139,.T.);
#3139 = LINE('',#3140,#3141);
#3140 = CARTESIAN_POINT('',(0.755,-0.4,-2.775557561563E-17));
#3141 = VECTOR('',#3142,1.);
#3142 = DIRECTION('',(0.,1.,0.));
#3143 = PLANE('',#3144);
#3144 = AXIS2_PLACEMENT_3D('',#3145,#3146,#3147);
#3145 = CARTESIAN_POINT('',(0.5,-0.4,0.));
#3146 = DIRECTION('',(0.,0.,1.));
#3147 = DIRECTION('',(1.,0.,-0.));
#3148 = ADVANCED_FACE('',(#3149),#3160,.T.);
#3149 = FACE_BOUND('',#3150,.T.);
#3150 = EDGE_LOOP('',(#3151,#3152,#3153,#3154));
#3151 = ORIENTED_EDGE('',*,*,#2955,.T.);
#3152 = ORIENTED_EDGE('',*,*,#3138,.T.);
#3153 = ORIENTED_EDGE('',*,*,#3079,.F.);
#3154 = ORIENTED_EDGE('',*,*,#3155,.F.);
#3155 = EDGE_CURVE('',#2948,#3072,#3156,.T.);
#3156 = LINE('',#3157,#3158);
#3157 = CARTESIAN_POINT('',(0.8,-0.4,4.5E-02));
#3158 = VECTOR('',#3159,1.);
#3159 = DIRECTION('',(0.,1.,0.));
#3160 = CYLINDRICAL_SURFACE('',#3161,4.5E-02);
#3161 = AXIS2_PLACEMENT_3D('',#3162,#3163,#3164);
#3162 = CARTESIAN_POINT('',(0.755,-0.4,4.5E-02));
#3163 = DIRECTION('',(0.,1.,0.));
#3164 = DIRECTION('',(1.,0.,0.));
#3165 = ADVANCED_FACE('',(#3166),#3177,.T.);
#3166 = FACE_BOUND('',#3167,.T.);
#3167 = EDGE_LOOP('',(#3168,#3169,#3170,#3171));
#3168 = ORIENTED_EDGE('',*,*,#2947,.F.);
#3169 = ORIENTED_EDGE('',*,*,#3155,.T.);
#3170 = ORIENTED_EDGE('',*,*,#3071,.T.);
#3171 = ORIENTED_EDGE('',*,*,#3172,.F.);
#3172 = EDGE_CURVE('',#2939,#3063,#3173,.T.);
#3173 = LINE('',#3174,#3175);
#3174 = CARTESIAN_POINT('',(0.8,-0.4,0.405));
#3175 = VECTOR('',#3176,1.);
#3176 = DIRECTION('',(0.,1.,0.));
#3177 = PLANE('',#3178);
#3178 = AXIS2_PLACEMENT_3D('',#3179,#3180,#3181);
#3179 = CARTESIAN_POINT('',(0.8,-0.4,0.));
#3180 = DIRECTION('',(1.,0.,0.));
#3181 = DIRECTION('',(0.,0.,1.));
#3182 = ADVANCED_FACE('',(#3183),#3194,.T.);
#3183 = FACE_BOUND('',#3184,.T.);
#3184 = EDGE_LOOP('',(#3185,#3186,#3187,#3193));
#3185 = ORIENTED_EDGE('',*,*,#3172,.T.);
#3186 = ORIENTED_EDGE('',*,*,#3062,.T.);
#3187 = ORIENTED_EDGE('',*,*,#3188,.F.);
#3188 = EDGE_CURVE('',#2931,#3055,#3189,.T.);
#3189 = LINE('',#3190,#3191);
#3190 = CARTESIAN_POINT('',(0.755,-0.4,0.45));
#3191 = VECTOR('',#3192,1.);
#3192 = DIRECTION('',(0.,1.,0.));
#3193 = ORIENTED_EDGE('',*,*,#2938,.F.);
#3194 = CYLINDRICAL_SURFACE('',#3195,4.5E-02);
#3195 = AXIS2_PLACEMENT_3D('',#3196,#3197,#3198);
#3196 = CARTESIAN_POINT('',(0.755,-0.4,0.405));
#3197 = DIRECTION('',(0.,1.,0.));
#3198 = DIRECTION('',(1.,0.,0.));
#3199 = ADVANCED_FACE('',(#3200),#3211,.T.);
#3200 = FACE_BOUND('',#3201,.T.);
#3201 = EDGE_LOOP('',(#3202,#3203,#3209,#3210));
#3202 = ORIENTED_EDGE('',*,*,#3054,.F.);
#3203 = ORIENTED_EDGE('',*,*,#3204,.F.);
#3204 = EDGE_CURVE('',#2922,#3046,#3205,.T.);
#3205 = LINE('',#3206,#3207);
#3206 = CARTESIAN_POINT('',(0.545,-0.4,0.45));
#3207 = VECTOR('',#3208,1.);
#3208 = DIRECTION('',(0.,1.,0.));
#3209 = ORIENTED_EDGE('',*,*,#2930,.T.);
#3210 = ORIENTED_EDGE('',*,*,#3188,.T.);
#3211 = PLANE('',#3212);
#3212 = AXIS2_PLACEMENT_3D('',#3213,#3214,#3215);
#3213 = CARTESIAN_POINT('',(0.5,-0.4,0.45));
#3214 = DIRECTION('',(0.,0.,1.));
#3215 = DIRECTION('',(1.,0.,-0.));
#3216 = ADVANCED_FACE('',(#3217),#3228,.T.);
#3217 = FACE_BOUND('',#3218,.T.);
#3218 = EDGE_LOOP('',(#3219,#3220,#3221,#3222));
#3219 = ORIENTED_EDGE('',*,*,#2921,.T.);
#3220 = ORIENTED_EDGE('',*,*,#3204,.T.);
#3221 = ORIENTED_EDGE('',*,*,#3045,.F.);
#3222 = ORIENTED_EDGE('',*,*,#3223,.F.);
#3223 = EDGE_CURVE('',#2756,#2839,#3224,.T.);
#3224 = LINE('',#3225,#3226);
#3225 = CARTESIAN_POINT('',(0.5,-0.4,0.405));
#3226 = VECTOR('',#3227,1.);
#3227 = DIRECTION('',(0.,1.,0.));
#3228 = CYLINDRICAL_SURFACE('',#3229,4.5E-02);
#3229 = AXIS2_PLACEMENT_3D('',#3230,#3231,#3232);
#3230 = CARTESIAN_POINT('',(0.545,-0.4,0.405));
#3231 = DIRECTION('',(0.,1.,0.));
#3232 = DIRECTION('',(-1.,0.,0.));
#3233 = ADVANCED_FACE('',(#3234),#3245,.T.);
#3234 = FACE_BOUND('',#3235,.T.);
#3235 = EDGE_LOOP('',(#3236,#3237,#3238,#3239));
#3236 = ORIENTED_EDGE('',*,*,#2987,.F.);
#3237 = ORIENTED_EDGE('',*,*,#3223,.T.);
#3238 = ORIENTED_EDGE('',*,*,#3104,.T.);
#3239 = ORIENTED_EDGE('',*,*,#3240,.F.);
#3240 = EDGE_CURVE('',#2980,#3097,#3241,.T.);
#3241 = LINE('',#3242,#3243);
#3242 = CARTESIAN_POINT('',(0.5,-0.4,0.45));
#3243 = VECTOR('',#3244,1.);
#3244 = DIRECTION('',(0.,1.,0.));
#3245 = PLANE('',#3246);
#3246 = AXIS2_PLACEMENT_3D('',#3247,#3248,#3249);
#3247 = CARTESIAN_POINT('',(0.5,-0.4,0.405));
#3248 = DIRECTION('',(1.,0.,0.));
#3249 = DIRECTION('',(0.,0.,1.));
#3250 = ADVANCED_FACE('',(#3251),#3257,.T.);
#3251 = FACE_BOUND('',#3252,.T.);
#3252 = EDGE_LOOP('',(#3253,#3254,#3255,#3256));
#3253 = ORIENTED_EDGE('',*,*,#3011,.F.);
#3254 = ORIENTED_EDGE('',*,*,#2979,.T.);
#3255 = ORIENTED_EDGE('',*,*,#3240,.T.);
#3256 = ORIENTED_EDGE('',*,*,#3096,.F.);
#3257 = PLANE('',#3258);
#3258 = AXIS2_PLACEMENT_3D('',#3259,#3260,#3261);
#3259 = CARTESIAN_POINT('',(-0.5,-0.4,0.45));
#3260 = DIRECTION('',(0.,0.,1.));
#3261 = DIRECTION('',(1.,0.,-0.));
#3262 = ( GEOMETRIC_REPRESENTATION_CONTEXT(3) 
GLOBAL_UNCERTAINTY_ASSIGNED_CONTEXT((#3266)) 
GLOBAL_UNIT_ASSIGNED_CONTEXT((#3263,#3264,#3265)) REPRESENTATION_CONTEXT
('Context #1','3D Context with UNIT and UNCERTAINTY') );
#3263 = ( LENGTH_UNIT() NAMED_UNIT(*) SI_UNIT(.MILLI.,.METRE.) );
#3264 = ( NAMED_UNIT(*) PLANE_ANGLE_UNIT() SI_UNIT($,.RADIAN.) );
#3265 = ( NAMED_UNIT(*) SI_UNIT($,.STERADIAN.) SOLID_ANGLE_UNIT() );
#3266 = UNCERTAINTY_MEASURE_WITH_UNIT(LENGTH_MEASURE(1.E-07),#3263,
  'distance_accuracy_value','confusion accuracy');
#3267 = CONTEXT_DEPENDENT_SHAPE_REPRESENTATION(#3268,#3270);
#3268 = ( REPRESENTATION_RELATIONSHIP('','',#2471,#10) 
REPRESENTATION_RELATIONSHIP_WITH_TRANSFORMATION(#3269) 
SHAPE_REPRESENTATION_RELATIONSHIP() );
#3269 = ITEM_DEFINED_TRANSFORMATION('','',#11,#23);
#3270 = PRODUCT_DEFINITION_SHAPE('Placement','Placement of an item',
  #3271);
#3271 = NEXT_ASSEMBLY_USAGE_OCCURRENCE('3','R1','',#5,#2466,$);
#3272 = PRODUCT_RELATED_PRODUCT_CATEGORY('part',$,(#2468));
#3273 = SHAPE_DEFINITION_REPRESENTATION(#3274,#3280);
#3274 = PRODUCT_DEFINITION_SHAPE('','',#3275);
#3275 = PRODUCT_DEFINITION('design','',#3276,#3279);
#3276 = PRODUCT_DEFINITION_FORMATION('','',#3277);
#3277 = PRODUCT('C_0805_2012Metric','C_0805_2012Metric','',(#3278));
#3278 = PRODUCT_CONTEXT('',#2,'mechanical');
#3279 = PRODUCT_DEFINITION_CONTEXT('part definition',#2,'design');
#3280 = ADVANCED_BREP_SHAPE_REPRESENTATION('',(#11,#3281),#4135);
#3281 = MANIFOLD_SOLID_BREP('',#3282);
#3282 = CLOSED_SHELL('',(#3283,#3359,#3390,#3415,#3440,#3464,#3488,#3513
    ,#3538,#3555,#3641,#3673,#3697,#3722,#3746,#3771,#3795,#3820,#3837,
    #3923,#3954,#3979,#4004,#4028,#4052,#4077,#4102,#4119));
#3283 = ADVANCED_FACE('',(#3284),#3354,.F.);
#3284 = FACE_BOUND('',#3285,.F.);
#3285 = EDGE_LOOP('',(#3286,#3296,#3305,#3313,#3322,#3330,#3339,#3347));
#3286 = ORIENTED_EDGE('',*,*,#3287,.F.);
#3287 = EDGE_CURVE('',#3288,#3290,#3292,.T.);
#3288 = VERTEX_POINT('',#3289);
#3289 = CARTESIAN_POINT('',(-1.,-0.625,4.E-02));
#3290 = VERTEX_POINT('',#3291);
#3291 = CARTESIAN_POINT('',(-1.,-0.625,1.21));
#3292 = LINE('',#3293,#3294);
#3293 = CARTESIAN_POINT('',(-1.,-0.625,0.));
#3294 = VECTOR('',#3295,1.);
#3295 = DIRECTION('',(0.,0.,1.));
#3296 = ORIENTED_EDGE('',*,*,#3297,.T.);
#3297 = EDGE_CURVE('',#3288,#3298,#3300,.T.);
#3298 = VERTEX_POINT('',#3299);
#3299 = CARTESIAN_POINT('',(-1.,-0.585,0.));
#3300 = CIRCLE('',#3301,4.E-02);
#3301 = AXIS2_PLACEMENT_3D('',#3302,#3303,#3304);
#3302 = CARTESIAN_POINT('',(-1.,-0.585,4.E-02));
#3303 = DIRECTION('',(1.,0.,-0.));
#3304 = DIRECTION('',(0.,0.,1.));
#3305 = ORIENTED_EDGE('',*,*,#3306,.T.);
#3306 = EDGE_CURVE('',#3298,#3307,#3309,.T.);
#3307 = VERTEX_POINT('',#3308);
#3308 = CARTESIAN_POINT('',(-1.,0.585,0.));
#3309 = LINE('',#3310,#3311);
#3310 = CARTESIAN_POINT('',(-1.,-0.625,0.));
#3311 = VECTOR('',#3312,1.);
#3312 = DIRECTION('',(0.,1.,0.));
#3313 = ORIENTED_EDGE('',*,*,#3314,.F.);
#3314 = EDGE_CURVE('',#3315,#3307,#3317,.T.);
#3315 = VERTEX_POINT('',#3316);
#3316 = CARTESIAN_POINT('',(-1.,0.625,4.E-02));
#3317 = CIRCLE('',#3318,4.E-02);
#3318 = AXIS2_PLACEMENT_3D('',#3319,#3320,#3321);
#3319 = CARTESIAN_POINT('',(-1.,0.585,4.E-02));
#3320 = DIRECTION('',(-1.,0.,0.));
#3321 = DIRECTION('',(0.,0.,1.));
#3322 = ORIENTED_EDGE('',*,*,#3323,.T.);
#3323 = EDGE_CURVE('',#3315,#3324,#3326,.T.);
#3324 = VERTEX_POINT('',#3325);
#3325 = CARTESIAN_POINT('',(-1.,0.625,1.21));
#3326 = LINE('',#3327,#3328);
#3327 = CARTESIAN_POINT('',(-1.,0.625,0.));
#3328 = VECTOR('',#3329,1.);
#3329 = DIRECTION('',(0.,0.,1.));
#3330 = ORIENTED_EDGE('',*,*,#3331,.T.);
#3331 = EDGE_CURVE('',#3324,#3332,#3334,.T.);
#3332 = VERTEX_POINT('',#3333);
#3333 = CARTESIAN_POINT('',(-1.,0.585,1.25));
#3334 = CIRCLE('',#3335,4.E-02);
#3335 = AXIS2_PLACEMENT_3D('',#3336,#3337,#3338);
#3336 = CARTESIAN_POINT('',(-1.,0.585,1.21));
#3337 = DIRECTION('',(1.,0.,-0.));
#3338 = DIRECTION('',(0.,0.,1.));
#3339 = ORIENTED_EDGE('',*,*,#3340,.F.);
#3340 = EDGE_CURVE('',#3341,#3332,#3343,.T.);
#3341 = VERTEX_POINT('',#3342);
#3342 = CARTESIAN_POINT('',(-1.,-0.585,1.25));
#3343 = LINE('',#3344,#3345);
#3344 = CARTESIAN_POINT('',(-1.,-0.625,1.25));
#3345 = VECTOR('',#3346,1.);
#3346 = DIRECTION('',(0.,1.,0.));
#3347 = ORIENTED_EDGE('',*,*,#3348,.F.);
#3348 = EDGE_CURVE('',#3290,#3341,#3349,.T.);
#3349 = CIRCLE('',#3350,4.E-02);
#3350 = AXIS2_PLACEMENT_3D('',#3351,#3352,#3353);
#3351 = CARTESIAN_POINT('',(-1.,-0.585,1.21));
#3352 = DIRECTION('',(-1.,0.,0.));
#3353 = DIRECTION('',(0.,0.,1.));
#3354 = PLANE('',#3355);
#3355 = AXIS2_PLACEMENT_3D('',#3356,#3357,#3358);
#3356 = CARTESIAN_POINT('',(-1.,-0.625,0.));
#3357 = DIRECTION('',(1.,0.,0.));
#3358 = DIRECTION('',(0.,0.,1.));
#3359 = ADVANCED_FACE('',(#3360),#3385,.F.);
#3360 = FACE_BOUND('',#3361,.F.);
#3361 = EDGE_LOOP('',(#3362,#3372,#3378,#3379));
#3362 = ORIENTED_EDGE('',*,*,#3363,.F.);
#3363 = EDGE_CURVE('',#3364,#3366,#3368,.T.);
#3364 = VERTEX_POINT('',#3365);
#3365 = CARTESIAN_POINT('',(-0.6,-0.625,4.E-02));
#3366 = VERTEX_POINT('',#3367);
#3367 = CARTESIAN_POINT('',(-0.6,-0.625,1.21));
#3368 = LINE('',#3369,#3370);
#3369 = CARTESIAN_POINT('',(-0.6,-0.625,0.));
#3370 = VECTOR('',#3371,1.);
#3371 = DIRECTION('',(0.,0.,1.));
#3372 = ORIENTED_EDGE('',*,*,#3373,.F.);
#3373 = EDGE_CURVE('',#3288,#3364,#3374,.T.);
#3374 = LINE('',#3375,#3376);
#3375 = CARTESIAN_POINT('',(-1.,-0.625,4.E-02));
#3376 = VECTOR('',#3377,1.);
#3377 = DIRECTION('',(1.,0.,0.));
#3378 = ORIENTED_EDGE('',*,*,#3287,.T.);
#3379 = ORIENTED_EDGE('',*,*,#3380,.T.);
#3380 = EDGE_CURVE('',#3290,#3366,#3381,.T.);
#3381 = LINE('',#3382,#3383);
#3382 = CARTESIAN_POINT('',(-1.,-0.625,1.21));
#3383 = VECTOR('',#3384,1.);
#3384 = DIRECTION('',(1.,0.,0.));
#3385 = PLANE('',#3386);
#3386 = AXIS2_PLACEMENT_3D('',#3387,#3388,#3389);
#3387 = CARTESIAN_POINT('',(-1.,-0.625,0.));
#3388 = DIRECTION('',(0.,1.,0.));
#3389 = DIRECTION('',(0.,-0.,1.));
#3390 = ADVANCED_FACE('',(#3391),#3410,.T.);
#3391 = FACE_BOUND('',#3392,.T.);
#3392 = EDGE_LOOP('',(#3393,#3394,#3402,#3409));
#3393 = ORIENTED_EDGE('',*,*,#3297,.T.);
#3394 = ORIENTED_EDGE('',*,*,#3395,.T.);
#3395 = EDGE_CURVE('',#3298,#3396,#3398,.T.);
#3396 = VERTEX_POINT('',#3397);
#3397 = CARTESIAN_POINT('',(-0.6,-0.585,0.));
#3398 = LINE('',#3399,#3400);
#3399 = CARTESIAN_POINT('',(-1.,-0.585,0.));
#3400 = VECTOR('',#3401,1.);
#3401 = DIRECTION('',(1.,0.,0.));
#3402 = ORIENTED_EDGE('',*,*,#3403,.F.);
#3403 = EDGE_CURVE('',#3364,#3396,#3404,.T.);
#3404 = CIRCLE('',#3405,4.E-02);
#3405 = AXIS2_PLACEMENT_3D('',#3406,#3407,#3408);
#3406 = CARTESIAN_POINT('',(-0.6,-0.585,4.E-02));
#3407 = DIRECTION('',(1.,0.,-0.));
#3408 = DIRECTION('',(0.,0.,1.));
#3409 = ORIENTED_EDGE('',*,*,#3373,.F.);
#3410 = CYLINDRICAL_SURFACE('',#3411,4.E-02);
#3411 = AXIS2_PLACEMENT_3D('',#3412,#3413,#3414);
#3412 = CARTESIAN_POINT('',(-1.,-0.585,4.E-02));
#3413 = DIRECTION('',(1.,0.,0.));
#3414 = DIRECTION('',(0.,-1.,0.));
#3415 = ADVANCED_FACE('',(#3416),#3435,.T.);
#3416 = FACE_BOUND('',#3417,.T.);
#3417 = EDGE_LOOP('',(#3418,#3419,#3428,#3434));
#3418 = ORIENTED_EDGE('',*,*,#3380,.T.);
#3419 = ORIENTED_EDGE('',*,*,#3420,.T.);
#3420 = EDGE_CURVE('',#3366,#3421,#3423,.T.);
#3421 = VERTEX_POINT('',#3422);
#3422 = CARTESIAN_POINT('',(-0.6,-0.585,1.25));
#3423 = CIRCLE('',#3424,4.E-02);
#3424 = AXIS2_PLACEMENT_3D('',#3425,#3426,#3427);
#3425 = CARTESIAN_POINT('',(-0.6,-0.585,1.21));
#3426 = DIRECTION('',(-1.,0.,0.));
#3427 = DIRECTION('',(0.,0.,1.));
#3428 = ORIENTED_EDGE('',*,*,#3429,.F.);
#3429 = EDGE_CURVE('',#3341,#3421,#3430,.T.);
#3430 = LINE('',#3431,#3432);
#3431 = CARTESIAN_POINT('',(-1.,-0.585,1.25));
#3432 = VECTOR('',#3433,1.);
#3433 = DIRECTION('',(1.,0.,0.));
#3434 = ORIENTED_EDGE('',*,*,#3348,.F.);
#3435 = CYLINDRICAL_SURFACE('',#3436,4.E-02);
#3436 = AXIS2_PLACEMENT_3D('',#3437,#3438,#3439);
#3437 = CARTESIAN_POINT('',(-1.,-0.585,1.21));
#3438 = DIRECTION('',(1.,0.,0.));
#3439 = DIRECTION('',(0.,-1.,0.));
#3440 = ADVANCED_FACE('',(#3441),#3459,.F.);
#3441 = FACE_BOUND('',#3442,.F.);
#3442 = EDGE_LOOP('',(#3443,#3444,#3445,#3453));
#3443 = ORIENTED_EDGE('',*,*,#3306,.F.);
#3444 = ORIENTED_EDGE('',*,*,#3395,.T.);
#3445 = ORIENTED_EDGE('',*,*,#3446,.T.);
#3446 = EDGE_CURVE('',#3396,#3447,#3449,.T.);
#3447 = VERTEX_POINT('',#3448);
#3448 = CARTESIAN_POINT('',(-0.6,0.585,0.));
#3449 = LINE('',#3450,#3451);
#3450 = CARTESIAN_POINT('',(-0.6,-0.625,0.));
#3451 = VECTOR('',#3452,1.);
#3452 = DIRECTION('',(0.,1.,0.));
#3453 = ORIENTED_EDGE('',*,*,#3454,.F.);
#3454 = EDGE_CURVE('',#3307,#3447,#3455,.T.);
#3455 = LINE('',#3456,#3457);
#3456 = CARTESIAN_POINT('',(-1.,0.585,0.));
#3457 = VECTOR('',#3458,1.);
#3458 = DIRECTION('',(1.,0.,0.));
#3459 = PLANE('',#3460);
#3460 = AXIS2_PLACEMENT_3D('',#3461,#3462,#3463);
#3461 = CARTESIAN_POINT('',(-1.,-0.625,0.));
#3462 = DIRECTION('',(0.,0.,1.));
#3463 = DIRECTION('',(1.,0.,-0.));
#3464 = ADVANCED_FACE('',(#3465),#3483,.T.);
#3465 = FACE_BOUND('',#3466,.T.);
#3466 = EDGE_LOOP('',(#3467,#3468,#3469,#3477));
#3467 = ORIENTED_EDGE('',*,*,#3340,.F.);
#3468 = ORIENTED_EDGE('',*,*,#3429,.T.);
#3469 = ORIENTED_EDGE('',*,*,#3470,.T.);
#3470 = EDGE_CURVE('',#3421,#3471,#3473,.T.);
#3471 = VERTEX_POINT('',#3472);
#3472 = CARTESIAN_POINT('',(-0.6,0.585,1.25));
#3473 = LINE('',#3474,#3475);
#3474 = CARTESIAN_POINT('',(-0.6,-0.625,1.25));
#3475 = VECTOR('',#3476,1.);
#3476 = DIRECTION('',(0.,1.,0.));
#3477 = ORIENTED_EDGE('',*,*,#3478,.F.);
#3478 = EDGE_CURVE('',#3332,#3471,#3479,.T.);
#3479 = LINE('',#3480,#3481);
#3480 = CARTESIAN_POINT('',(-1.,0.585,1.25));
#3481 = VECTOR('',#3482,1.);
#3482 = DIRECTION('',(1.,0.,0.));
#3483 = PLANE('',#3484);
#3484 = AXIS2_PLACEMENT_3D('',#3485,#3486,#3487);
#3485 = CARTESIAN_POINT('',(-1.,-0.625,1.25));
#3486 = DIRECTION('',(0.,0.,1.));
#3487 = DIRECTION('',(1.,0.,-0.));
#3488 = ADVANCED_FACE('',(#3489),#3508,.T.);
#3489 = FACE_BOUND('',#3490,.T.);
#3490 = EDGE_LOOP('',(#3491,#3499,#3506,#3507));
#3491 = ORIENTED_EDGE('',*,*,#3492,.T.);
#3492 = EDGE_CURVE('',#3315,#3493,#3495,.T.);
#3493 = VERTEX_POINT('',#3494);
#3494 = CARTESIAN_POINT('',(-0.6,0.625,4.E-02));
#3495 = LINE('',#3496,#3497);
#3496 = CARTESIAN_POINT('',(-1.,0.625,4.E-02));
#3497 = VECTOR('',#3498,1.);
#3498 = DIRECTION('',(1.,0.,0.));
#3499 = ORIENTED_EDGE('',*,*,#3500,.T.);
#3500 = EDGE_CURVE('',#3493,#3447,#3501,.T.);
#3501 = CIRCLE('',#3502,4.E-02);
#3502 = AXIS2_PLACEMENT_3D('',#3503,#3504,#3505);
#3503 = CARTESIAN_POINT('',(-0.6,0.585,4.E-02));
#3504 = DIRECTION('',(-1.,0.,0.));
#3505 = DIRECTION('',(0.,0.,1.));
#3506 = ORIENTED_EDGE('',*,*,#3454,.F.);
#3507 = ORIENTED_EDGE('',*,*,#3314,.F.);
#3508 = CYLINDRICAL_SURFACE('',#3509,4.E-02);
#3509 = AXIS2_PLACEMENT_3D('',#3510,#3511,#3512);
#3510 = CARTESIAN_POINT('',(-1.,0.585,4.E-02));
#3511 = DIRECTION('',(1.,0.,0.));
#3512 = DIRECTION('',(-0.,1.,0.));
#3513 = ADVANCED_FACE('',(#3514),#3533,.T.);
#3514 = FACE_BOUND('',#3515,.T.);
#3515 = EDGE_LOOP('',(#3516,#3517,#3518,#3527));
#3516 = ORIENTED_EDGE('',*,*,#3331,.T.);
#3517 = ORIENTED_EDGE('',*,*,#3478,.T.);
#3518 = ORIENTED_EDGE('',*,*,#3519,.F.);
#3519 = EDGE_CURVE('',#3520,#3471,#3522,.T.);
#3520 = VERTEX_POINT('',#3521);
#3521 = CARTESIAN_POINT('',(-0.6,0.625,1.21));
#3522 = CIRCLE('',#3523,4.E-02);
#3523 = AXIS2_PLACEMENT_3D('',#3524,#3525,#3526);
#3524 = CARTESIAN_POINT('',(-0.6,0.585,1.21));
#3525 = DIRECTION('',(1.,0.,-0.));
#3526 = DIRECTION('',(0.,0.,1.));
#3527 = ORIENTED_EDGE('',*,*,#3528,.F.);
#3528 = EDGE_CURVE('',#3324,#3520,#3529,.T.);
#3529 = LINE('',#3530,#3531);
#3530 = CARTESIAN_POINT('',(-1.,0.625,1.21));
#3531 = VECTOR('',#3532,1.);
#3532 = DIRECTION('',(1.,0.,0.));
#3533 = CYLINDRICAL_SURFACE('',#3534,4.E-02);
#3534 = AXIS2_PLACEMENT_3D('',#3535,#3536,#3537);
#3535 = CARTESIAN_POINT('',(-1.,0.585,1.21));
#3536 = DIRECTION('',(1.,0.,0.));
#3537 = DIRECTION('',(-0.,1.,0.));
#3538 = ADVANCED_FACE('',(#3539),#3550,.T.);
#3539 = FACE_BOUND('',#3540,.T.);
#3540 = EDGE_LOOP('',(#3541,#3547,#3548,#3549));
#3541 = ORIENTED_EDGE('',*,*,#3542,.F.);
#3542 = EDGE_CURVE('',#3493,#3520,#3543,.T.);
#3543 = LINE('',#3544,#3545);
#3544 = CARTESIAN_POINT('',(-0.6,0.625,0.));
#3545 = VECTOR('',#3546,1.);
#3546 = DIRECTION('',(0.,0.,1.));
#3547 = ORIENTED_EDGE('',*,*,#3492,.F.);
#3548 = ORIENTED_EDGE('',*,*,#3323,.T.);
#3549 = ORIENTED_EDGE('',*,*,#3528,.T.);
#3550 = PLANE('',#3551);
#3551 = AXIS2_PLACEMENT_3D('',#3552,#3553,#3554);
#3552 = CARTESIAN_POINT('',(-1.,0.625,0.));
#3553 = DIRECTION('',(0.,1.,0.));
#3554 = DIRECTION('',(0.,-0.,1.));
#3555 = ADVANCED_FACE('',(#3556,#3566),#3636,.T.);
#3556 = FACE_BOUND('',#3557,.T.);
#3557 = EDGE_LOOP('',(#3558,#3559,#3560,#3561,#3562,#3563,#3564,#3565));
#3558 = ORIENTED_EDGE('',*,*,#3363,.F.);
#3559 = ORIENTED_EDGE('',*,*,#3403,.T.);
#3560 = ORIENTED_EDGE('',*,*,#3446,.T.);
#3561 = ORIENTED_EDGE('',*,*,#3500,.F.);
#3562 = ORIENTED_EDGE('',*,*,#3542,.T.);
#3563 = ORIENTED_EDGE('',*,*,#3519,.T.);
#3564 = ORIENTED_EDGE('',*,*,#3470,.F.);
#3565 = ORIENTED_EDGE('',*,*,#3420,.F.);
#3566 = FACE_BOUND('',#3567,.T.);
#3567 = EDGE_LOOP('',(#3568,#3579,#3587,#3596,#3604,#3613,#3621,#3630));
#3568 = ORIENTED_EDGE('',*,*,#3569,.F.);
#3569 = EDGE_CURVE('',#3570,#3572,#3574,.T.);
#3570 = VERTEX_POINT('',#3571);
#3571 = CARTESIAN_POINT('',(-0.6,-0.585,8.E-02));
#3572 = VERTEX_POINT('',#3573);
#3573 = CARTESIAN_POINT('',(-0.6,-0.545,4.E-02));
#3574 = CIRCLE('',#3575,4.E-02);
#3575 = AXIS2_PLACEMENT_3D('',#3576,#3577,#3578);
#3576 = CARTESIAN_POINT('',(-0.6,-0.545,8.E-02));
#3577 = DIRECTION('',(1.,0.,-0.));
#3578 = DIRECTION('',(0.,0.,1.));
#3579 = ORIENTED_EDGE('',*,*,#3580,.T.);
#3580 = EDGE_CURVE('',#3570,#3581,#3583,.T.);
#3581 = VERTEX_POINT('',#3582);
#3582 = CARTESIAN_POINT('',(-0.6,-0.585,1.17));
#3583 = LINE('',#3584,#3585);
#3584 = CARTESIAN_POINT('',(-0.6,-0.585,4.E-02));
#3585 = VECTOR('',#3586,1.);
#3586 = DIRECTION('',(0.,0.,1.));
#3587 = ORIENTED_EDGE('',*,*,#3588,.T.);
#3588 = EDGE_CURVE('',#3581,#3589,#3591,.T.);
#3589 = VERTEX_POINT('',#3590);
#3590 = CARTESIAN_POINT('',(-0.6,-0.545,1.21));
#3591 = CIRCLE('',#3592,4.E-02);
#3592 = AXIS2_PLACEMENT_3D('',#3593,#3594,#3595);
#3593 = CARTESIAN_POINT('',(-0.6,-0.545,1.17));
#3594 = DIRECTION('',(-1.,0.,0.));
#3595 = DIRECTION('',(0.,0.,1.));
#3596 = ORIENTED_EDGE('',*,*,#3597,.T.);
#3597 = EDGE_CURVE('',#3589,#3598,#3600,.T.);
#3598 = VERTEX_POINT('',#3599);
#3599 = CARTESIAN_POINT('',(-0.6,0.545,1.21));
#3600 = LINE('',#3601,#3602);
#3601 = CARTESIAN_POINT('',(-0.6,-0.585,1.21));
#3602 = VECTOR('',#3603,1.);
#3603 = DIRECTION('',(0.,1.,0.));
#3604 = ORIENTED_EDGE('',*,*,#3605,.F.);
#3605 = EDGE_CURVE('',#3606,#3598,#3608,.T.);
#3606 = VERTEX_POINT('',#3607);
#3607 = CARTESIAN_POINT('',(-0.6,0.585,1.17));
#3608 = CIRCLE('',#3609,4.E-02);
#3609 = AXIS2_PLACEMENT_3D('',#3610,#3611,#3612);
#3610 = CARTESIAN_POINT('',(-0.6,0.545,1.17));
#3611 = DIRECTION('',(1.,0.,-0.));
#3612 = DIRECTION('',(0.,0.,1.));
#3613 = ORIENTED_EDGE('',*,*,#3614,.F.);
#3614 = EDGE_CURVE('',#3615,#3606,#3617,.T.);
#3615 = VERTEX_POINT('',#3616);
#3616 = CARTESIAN_POINT('',(-0.6,0.585,8.E-02));
#3617 = LINE('',#3618,#3619);
#3618 = CARTESIAN_POINT('',(-0.6,0.585,4.E-02));
#3619 = VECTOR('',#3620,1.);
#3620 = DIRECTION('',(0.,0.,1.));
#3621 = ORIENTED_EDGE('',*,*,#3622,.T.);
#3622 = EDGE_CURVE('',#3615,#3623,#3625,.T.);
#3623 = VERTEX_POINT('',#3624);
#3624 = CARTESIAN_POINT('',(-0.6,0.545,4.E-02));
#3625 = CIRCLE('',#3626,4.E-02);
#3626 = AXIS2_PLACEMENT_3D('',#3627,#3628,#3629);
#3627 = CARTESIAN_POINT('',(-0.6,0.545,8.E-02));
#3628 = DIRECTION('',(-1.,0.,0.));
#3629 = DIRECTION('',(0.,0.,1.));
#3630 = ORIENTED_EDGE('',*,*,#3631,.F.);
#3631 = EDGE_CURVE('',#3572,#3623,#3632,.T.);
#3632 = LINE('',#3633,#3634);
#3633 = CARTESIAN_POINT('',(-0.6,-0.585,4.E-02));
#3634 = VECTOR('',#3635,1.);
#3635 = DIRECTION('',(0.,1.,0.));
#3636 = PLANE('',#3637);
#3637 = AXIS2_PLACEMENT_3D('',#3638,#3639,#3640);
#3638 = CARTESIAN_POINT('',(-0.6,-0.625,0.));
#3639 = DIRECTION('',(1.,0.,0.));
#3640 = DIRECTION('',(0.,0.,1.));
#3641 = ADVANCED_FACE('',(#3642),#3668,.T.);
#3642 = FACE_BOUND('',#3643,.T.);
#3643 = EDGE_LOOP('',(#3644,#3645,#3653,#3662));
#3644 = ORIENTED_EDGE('',*,*,#3569,.T.);
#3645 = ORIENTED_EDGE('',*,*,#3646,.T.);
#3646 = EDGE_CURVE('',#3572,#3647,#3649,.T.);
#3647 = VERTEX_POINT('',#3648);
#3648 = CARTESIAN_POINT('',(0.6,-0.545,4.E-02));
#3649 = LINE('',#3650,#3651);
#3650 = CARTESIAN_POINT('',(-0.6,-0.545,4.E-02));
#3651 = VECTOR('',#3652,1.);
#3652 = DIRECTION('',(1.,0.,0.));
#3653 = ORIENTED_EDGE('',*,*,#3654,.F.);
#3654 = EDGE_CURVE('',#3655,#3647,#3657,.T.);
#3655 = VERTEX_POINT('',#3656);
#3656 = CARTESIAN_POINT('',(0.6,-0.585,8.E-02));
#3657 = CIRCLE('',#3658,4.E-02);
#3658 = AXIS2_PLACEMENT_3D('',#3659,#3660,#3661);
#3659 = CARTESIAN_POINT('',(0.6,-0.545,8.E-02));
#3660 = DIRECTION('',(1.,0.,-0.));
#3661 = DIRECTION('',(0.,0.,1.));
#3662 = ORIENTED_EDGE('',*,*,#3663,.F.);
#3663 = EDGE_CURVE('',#3570,#3655,#3664,.T.);
#3664 = LINE('',#3665,#3666);
#3665 = CARTESIAN_POINT('',(-0.6,-0.585,8.E-02));
#3666 = VECTOR('',#3667,1.);
#3667 = DIRECTION('',(1.,0.,0.));
#3668 = CYLINDRICAL_SURFACE('',#3669,4.E-02);
#3669 = AXIS2_PLACEMENT_3D('',#3670,#3671,#3672);
#3670 = CARTESIAN_POINT('',(-0.6,-0.545,8.E-02));
#3671 = DIRECTION('',(1.,0.,0.));
#3672 = DIRECTION('',(0.,-1.,0.));
#3673 = ADVANCED_FACE('',(#3674),#3692,.F.);
#3674 = FACE_BOUND('',#3675,.F.);
#3675 = EDGE_LOOP('',(#3676,#3677,#3678,#3686));
#3676 = ORIENTED_EDGE('',*,*,#3631,.F.);
#3677 = ORIENTED_EDGE('',*,*,#3646,.T.);
#3678 = ORIENTED_EDGE('',*,*,#3679,.T.);
#3679 = EDGE_CURVE('',#3647,#3680,#3682,.T.);
#3680 = VERTEX_POINT('',#3681);
#3681 = CARTESIAN_POINT('',(0.6,0.545,4.E-02));
#3682 = LINE('',#3683,#3684);
#3683 = CARTESIAN_POINT('',(0.6,-0.585,4.E-02));
#3684 = VECTOR('',#3685,1.);
#3685 = DIRECTION('',(0.,1.,0.));
#3686 = ORIENTED_EDGE('',*,*,#3687,.F.);
#3687 = EDGE_CURVE('',#3623,#3680,#3688,.T.);
#3688 = LINE('',#3689,#3690);
#3689 = CARTESIAN_POINT('',(-0.6,0.545,4.E-02));
#3690 = VECTOR('',#3691,1.);
#3691 = DIRECTION('',(1.,0.,0.));
#3692 = PLANE('',#3693);
#3693 = AXIS2_PLACEMENT_3D('',#3694,#3695,#3696);
#3694 = CARTESIAN_POINT('',(-0.6,-0.585,4.E-02));
#3695 = DIRECTION('',(0.,0.,1.));
#3696 = DIRECTION('',(1.,0.,-0.));
#3697 = ADVANCED_FACE('',(#3698),#3717,.T.);
#3698 = FACE_BOUND('',#3699,.T.);
#3699 = EDGE_LOOP('',(#3700,#3708,#3715,#3716));
#3700 = ORIENTED_EDGE('',*,*,#3701,.T.);
#3701 = EDGE_CURVE('',#3615,#3702,#3704,.T.);
#3702 = VERTEX_POINT('',#3703);
#3703 = CARTESIAN_POINT('',(0.6,0.585,8.E-02));
#3704 = LINE('',#3705,#3706);
#3705 = CARTESIAN_POINT('',(-0.6,0.585,8.E-02));
#3706 = VECTOR('',#3707,1.);
#3707 = DIRECTION('',(1.,0.,0.));
#3708 = ORIENTED_EDGE('',*,*,#3709,.T.);
#3709 = EDGE_CURVE('',#3702,#3680,#3710,.T.);
#3710 = CIRCLE('',#3711,4.E-02);
#3711 = AXIS2_PLACEMENT_3D('',#3712,#3713,#3714);
#3712 = CARTESIAN_POINT('',(0.6,0.545,8.E-02));
#3713 = DIRECTION('',(-1.,0.,0.));
#3714 = DIRECTION('',(0.,0.,1.));
#3715 = ORIENTED_EDGE('',*,*,#3687,.F.);
#3716 = ORIENTED_EDGE('',*,*,#3622,.F.);
#3717 = CYLINDRICAL_SURFACE('',#3718,4.E-02);
#3718 = AXIS2_PLACEMENT_3D('',#3719,#3720,#3721);
#3719 = CARTESIAN_POINT('',(-0.6,0.545,8.E-02));
#3720 = DIRECTION('',(1.,0.,0.));
#3721 = DIRECTION('',(-0.,1.,0.));
#3722 = ADVANCED_FACE('',(#3723),#3741,.T.);
#3723 = FACE_BOUND('',#3724,.T.);
#3724 = EDGE_LOOP('',(#3725,#3733,#3734,#3735));
#3725 = ORIENTED_EDGE('',*,*,#3726,.F.);
#3726 = EDGE_CURVE('',#3702,#3727,#3729,.T.);
#3727 = VERTEX_POINT('',#3728);
#3728 = CARTESIAN_POINT('',(0.6,0.585,1.17));
#3729 = LINE('',#3730,#3731);
#3730 = CARTESIAN_POINT('',(0.6,0.585,4.E-02));
#3731 = VECTOR('',#3732,1.);
#3732 = DIRECTION('',(0.,0.,1.));
#3733 = ORIENTED_EDGE('',*,*,#3701,.F.);
#3734 = ORIENTED_EDGE('',*,*,#3614,.T.);
#3735 = ORIENTED_EDGE('',*,*,#3736,.T.);
#3736 = EDGE_CURVE('',#3606,#3727,#3737,.T.);
#3737 = LINE('',#3738,#3739);
#3738 = CARTESIAN_POINT('',(-0.6,0.585,1.17));
#3739 = VECTOR('',#3740,1.);
#3740 = DIRECTION('',(1.,0.,0.));
#3741 = PLANE('',#3742);
#3742 = AXIS2_PLACEMENT_3D('',#3743,#3744,#3745);
#3743 = CARTESIAN_POINT('',(-0.6,0.585,4.E-02));
#3744 = DIRECTION('',(0.,1.,0.));
#3745 = DIRECTION('',(0.,-0.,1.));
#3746 = ADVANCED_FACE('',(#3747),#3766,.T.);
#3747 = FACE_BOUND('',#3748,.T.);
#3748 = EDGE_LOOP('',(#3749,#3750,#3758,#3765));
#3749 = ORIENTED_EDGE('',*,*,#3605,.T.);
#3750 = ORIENTED_EDGE('',*,*,#3751,.T.);
#3751 = EDGE_CURVE('',#3598,#3752,#3754,.T.);
#3752 = VERTEX_POINT('',#3753);
#3753 = CARTESIAN_POINT('',(0.6,0.545,1.21));
#3754 = LINE('',#3755,#3756);
#3755 = CARTESIAN_POINT('',(-0.6,0.545,1.21));
#3756 = VECTOR('',#3757,1.);
#3757 = DIRECTION('',(1.,0.,0.));
#3758 = ORIENTED_EDGE('',*,*,#3759,.F.);
#3759 = EDGE_CURVE('',#3727,#3752,#3760,.T.);
#3760 = CIRCLE('',#3761,4.E-02);
#3761 = AXIS2_PLACEMENT_3D('',#3762,#3763,#3764);
#3762 = CARTESIAN_POINT('',(0.6,0.545,1.17));
#3763 = DIRECTION('',(1.,0.,-0.));
#3764 = DIRECTION('',(0.,0.,1.));
#3765 = ORIENTED_EDGE('',*,*,#3736,.F.);
#3766 = CYLINDRICAL_SURFACE('',#3767,4.E-02);
#3767 = AXIS2_PLACEMENT_3D('',#3768,#3769,#3770);
#3768 = CARTESIAN_POINT('',(-0.6,0.545,1.17));
#3769 = DIRECTION('',(1.,0.,0.));
#3770 = DIRECTION('',(-0.,1.,0.));
#3771 = ADVANCED_FACE('',(#3772),#3790,.T.);
#3772 = FACE_BOUND('',#3773,.T.);
#3773 = EDGE_LOOP('',(#3774,#3775,#3783,#3789));
#3774 = ORIENTED_EDGE('',*,*,#3597,.F.);
#3775 = ORIENTED_EDGE('',*,*,#3776,.T.);
#3776 = EDGE_CURVE('',#3589,#3777,#3779,.T.);
#3777 = VERTEX_POINT('',#3778);
#3778 = CARTESIAN_POINT('',(0.6,-0.545,1.21));
#3779 = LINE('',#3780,#3781);
#3780 = CARTESIAN_POINT('',(-0.6,-0.545,1.21));
#3781 = VECTOR('',#3782,1.);
#3782 = DIRECTION('',(1.,0.,0.));
#3783 = ORIENTED_EDGE('',*,*,#3784,.T.);
#3784 = EDGE_CURVE('',#3777,#3752,#3785,.T.);
#3785 = LINE('',#3786,#3787);
#3786 = CARTESIAN_POINT('',(0.6,-0.585,1.21));
#3787 = VECTOR('',#3788,1.);
#3788 = DIRECTION('',(0.,1.,0.));
#3789 = ORIENTED_EDGE('',*,*,#3751,.F.);
#3790 = PLANE('',#3791);
#3791 = AXIS2_PLACEMENT_3D('',#3792,#3793,#3794);
#3792 = CARTESIAN_POINT('',(-0.6,-0.585,1.21));
#3793 = DIRECTION('',(0.,0.,1.));
#3794 = DIRECTION('',(1.,0.,-0.));
#3795 = ADVANCED_FACE('',(#3796),#3815,.T.);
#3796 = FACE_BOUND('',#3797,.T.);
#3797 = EDGE_LOOP('',(#3798,#3806,#3813,#3814));
#3798 = ORIENTED_EDGE('',*,*,#3799,.T.);
#3799 = EDGE_CURVE('',#3581,#3800,#3802,.T.);
#3800 = VERTEX_POINT('',#3801);
#3801 = CARTESIAN_POINT('',(0.6,-0.585,1.17));
#3802 = LINE('',#3803,#3804);
#3803 = CARTESIAN_POINT('',(-0.6,-0.585,1.17));
#3804 = VECTOR('',#3805,1.);
#3805 = DIRECTION('',(1.,0.,0.));
#3806 = ORIENTED_EDGE('',*,*,#3807,.T.);
#3807 = EDGE_CURVE('',#3800,#3777,#3808,.T.);
#3808 = CIRCLE('',#3809,4.E-02);
#3809 = AXIS2_PLACEMENT_3D('',#3810,#3811,#3812);
#3810 = CARTESIAN_POINT('',(0.6,-0.545,1.17));
#3811 = DIRECTION('',(-1.,0.,0.));
#3812 = DIRECTION('',(0.,0.,1.));
#3813 = ORIENTED_EDGE('',*,*,#3776,.F.);
#3814 = ORIENTED_EDGE('',*,*,#3588,.F.);
#3815 = CYLINDRICAL_SURFACE('',#3816,4.E-02);
#3816 = AXIS2_PLACEMENT_3D('',#3817,#3818,#3819);
#3817 = CARTESIAN_POINT('',(-0.6,-0.545,1.17));
#3818 = DIRECTION('',(1.,0.,0.));
#3819 = DIRECTION('',(0.,-1.,0.));
#3820 = ADVANCED_FACE('',(#3821),#3832,.F.);
#3821 = FACE_BOUND('',#3822,.F.);
#3822 = EDGE_LOOP('',(#3823,#3829,#3830,#3831));
#3823 = ORIENTED_EDGE('',*,*,#3824,.F.);
#3824 = EDGE_CURVE('',#3655,#3800,#3825,.T.);
#3825 = LINE('',#3826,#3827);
#3826 = CARTESIAN_POINT('',(0.6,-0.585,4.E-02));
#3827 = VECTOR('',#3828,1.);
#3828 = DIRECTION('',(0.,0.,1.));
#3829 = ORIENTED_EDGE('',*,*,#3663,.F.);
#3830 = ORIENTED_EDGE('',*,*,#3580,.T.);
#3831 = ORIENTED_EDGE('',*,*,#3799,.T.);
#3832 = PLANE('',#3833);
#3833 = AXIS2_PLACEMENT_3D('',#3834,#3835,#3836);
#3834 = CARTESIAN_POINT('',(-0.6,-0.585,4.E-02));
#3835 = DIRECTION('',(0.,1.,0.));
#3836 = DIRECTION('',(0.,-0.,1.));
#3837 = ADVANCED_FACE('',(#3838,#3908),#3918,.F.);
#3838 = FACE_BOUND('',#3839,.F.);
#3839 = EDGE_LOOP('',(#3840,#3850,#3859,#3867,#3876,#3884,#3893,#3901));
#3840 = ORIENTED_EDGE('',*,*,#3841,.F.);
#3841 = EDGE_CURVE('',#3842,#3844,#3846,.T.);
#3842 = VERTEX_POINT('',#3843);
#3843 = CARTESIAN_POINT('',(0.6,-0.625,4.E-02));
#3844 = VERTEX_POINT('',#3845);
#3845 = CARTESIAN_POINT('',(0.6,-0.625,1.21));
#3846 = LINE('',#3847,#3848);
#3847 = CARTESIAN_POINT('',(0.6,-0.625,0.));
#3848 = VECTOR('',#3849,1.);
#3849 = DIRECTION('',(0.,0.,1.));
#3850 = ORIENTED_EDGE('',*,*,#3851,.T.);
#3851 = EDGE_CURVE('',#3842,#3852,#3854,.T.);
#3852 = VERTEX_POINT('',#3853);
#3853 = CARTESIAN_POINT('',(0.6,-0.585,0.));
#3854 = CIRCLE('',#3855,4.E-02);
#3855 = AXIS2_PLACEMENT_3D('',#3856,#3857,#3858);
#3856 = CARTESIAN_POINT('',(0.6,-0.585,4.E-02));
#3857 = DIRECTION('',(1.,0.,-0.));
#3858 = DIRECTION('',(0.,0.,1.));
#3859 = ORIENTED_EDGE('',*,*,#3860,.T.);
#3860 = EDGE_CURVE('',#3852,#3861,#3863,.T.);
#3861 = VERTEX_POINT('',#3862);
#3862 = CARTESIAN_POINT('',(0.6,0.585,0.));
#3863 = LINE('',#3864,#3865);
#3864 = CARTESIAN_POINT('',(0.6,-0.625,0.));
#3865 = VECTOR('',#3866,1.);
#3866 = DIRECTION('',(0.,1.,0.));
#3867 = ORIENTED_EDGE('',*,*,#3868,.F.);
#3868 = EDGE_CURVE('',#3869,#3861,#3871,.T.);
#3869 = VERTEX_POINT('',#3870);
#3870 = CARTESIAN_POINT('',(0.6,0.625,4.E-02));
#3871 = CIRCLE('',#3872,4.E-02);
#3872 = AXIS2_PLACEMENT_3D('',#3873,#3874,#3875);
#3873 = CARTESIAN_POINT('',(0.6,0.585,4.E-02));
#3874 = DIRECTION('',(-1.,0.,0.));
#3875 = DIRECTION('',(0.,0.,1.));
#3876 = ORIENTED_EDGE('',*,*,#3877,.T.);
#3877 = EDGE_CURVE('',#3869,#3878,#3880,.T.);
#3878 = VERTEX_POINT('',#3879);
#3879 = CARTESIAN_POINT('',(0.6,0.625,1.21));
#3880 = LINE('',#3881,#3882);
#3881 = CARTESIAN_POINT('',(0.6,0.625,0.));
#3882 = VECTOR('',#3883,1.);
#3883 = DIRECTION('',(0.,0.,1.));
#3884 = ORIENTED_EDGE('',*,*,#3885,.T.);
#3885 = EDGE_CURVE('',#3878,#3886,#3888,.T.);
#3886 = VERTEX_POINT('',#3887);
#3887 = CARTESIAN_POINT('',(0.6,0.585,1.25));
#3888 = CIRCLE('',#3889,4.E-02);
#3889 = AXIS2_PLACEMENT_3D('',#3890,#3891,#3892);
#3890 = CARTESIAN_POINT('',(0.6,0.585,1.21));
#3891 = DIRECTION('',(1.,0.,-0.));
#3892 = DIRECTION('',(0.,0.,1.));
#3893 = ORIENTED_EDGE('',*,*,#3894,.F.);
#3894 = EDGE_CURVE('',#3895,#3886,#3897,.T.);
#3895 = VERTEX_POINT('',#3896);
#3896 = CARTESIAN_POINT('',(0.6,-0.585,1.25));
#3897 = LINE('',#3898,#3899);
#3898 = CARTESIAN_POINT('',(0.6,-0.625,1.25));
#3899 = VECTOR('',#3900,1.);
#3900 = DIRECTION('',(0.,1.,0.));
#3901 = ORIENTED_EDGE('',*,*,#3902,.F.);
#3902 = EDGE_CURVE('',#3844,#3895,#3903,.T.);
#3903 = CIRCLE('',#3904,4.E-02);
#3904 = AXIS2_PLACEMENT_3D('',#3905,#3906,#3907);
#3905 = CARTESIAN_POINT('',(0.6,-0.585,1.21));
#3906 = DIRECTION('',(-1.,0.,0.));
#3907 = DIRECTION('',(0.,0.,1.));
#3908 = FACE_BOUND('',#3909,.F.);
#3909 = EDGE_LOOP('',(#3910,#3911,#3912,#3913,#3914,#3915,#3916,#3917));
#3910 = ORIENTED_EDGE('',*,*,#3654,.F.);
#3911 = ORIENTED_EDGE('',*,*,#3824,.T.);
#3912 = ORIENTED_EDGE('',*,*,#3807,.T.);
#3913 = ORIENTED_EDGE('',*,*,#3784,.T.);
#3914 = ORIENTED_EDGE('',*,*,#3759,.F.);
#3915 = ORIENTED_EDGE('',*,*,#3726,.F.);
#3916 = ORIENTED_EDGE('',*,*,#3709,.T.);
#3917 = ORIENTED_EDGE('',*,*,#3679,.F.);
#3918 = PLANE('',#3919);
#3919 = AXIS2_PLACEMENT_3D('',#3920,#3921,#3922);
#3920 = CARTESIAN_POINT('',(0.6,-0.625,0.));
#3921 = DIRECTION('',(1.,0.,0.));
#3922 = DIRECTION('',(0.,0.,1.));
#3923 = ADVANCED_FACE('',(#3924),#3949,.F.);
#3924 = FACE_BOUND('',#3925,.F.);
#3925 = EDGE_LOOP('',(#3926,#3936,#3942,#3943));
#3926 = ORIENTED_EDGE('',*,*,#3927,.F.);
#3927 = EDGE_CURVE('',#3928,#3930,#3932,.T.);
#3928 = VERTEX_POINT('',#3929);
#3929 = CARTESIAN_POINT('',(1.,-0.625,4.E-02));
#3930 = VERTEX_POINT('',#3931);
#3931 = CARTESIAN_POINT('',(1.,-0.625,1.21));
#3932 = LINE('',#3933,#3934);
#3933 = CARTESIAN_POINT('',(1.,-0.625,0.));
#3934 = VECTOR('',#3935,1.);
#3935 = DIRECTION('',(0.,0.,1.));
#3936 = ORIENTED_EDGE('',*,*,#3937,.F.);
#3937 = EDGE_CURVE('',#3842,#3928,#3938,.T.);
#3938 = LINE('',#3939,#3940);
#3939 = CARTESIAN_POINT('',(0.6,-0.625,4.E-02));
#3940 = VECTOR('',#3941,1.);
#3941 = DIRECTION('',(1.,0.,0.));
#3942 = ORIENTED_EDGE('',*,*,#3841,.T.);
#3943 = ORIENTED_EDGE('',*,*,#3944,.T.);
#3944 = EDGE_CURVE('',#3844,#3930,#3945,.T.);
#3945 = LINE('',#3946,#3947);
#3946 = CARTESIAN_POINT('',(0.6,-0.625,1.21));
#3947 = VECTOR('',#3948,1.);
#3948 = DIRECTION('',(1.,0.,0.));
#3949 = PLANE('',#3950);
#3950 = AXIS2_PLACEMENT_3D('',#3951,#3952,#3953);
#3951 = CARTESIAN_POINT('',(0.6,-0.625,0.));
#3952 = DIRECTION('',(0.,1.,0.));
#3953 = DIRECTION('',(0.,-0.,1.));
#3954 = ADVANCED_FACE('',(#3955),#3974,.T.);
#3955 = FACE_BOUND('',#3956,.T.);
#3956 = EDGE_LOOP('',(#3957,#3958,#3966,#3973));
#3957 = ORIENTED_EDGE('',*,*,#3851,.T.);
#3958 = ORIENTED_EDGE('',*,*,#3959,.T.);
#3959 = EDGE_CURVE('',#3852,#3960,#3962,.T.);
#3960 = VERTEX_POINT('',#3961);
#3961 = CARTESIAN_POINT('',(1.,-0.585,0.));
#3962 = LINE('',#3963,#3964);
#3963 = CARTESIAN_POINT('',(0.6,-0.585,0.));
#3964 = VECTOR('',#3965,1.);
#3965 = DIRECTION('',(1.,0.,0.));
#3966 = ORIENTED_EDGE('',*,*,#3967,.F.);
#3967 = EDGE_CURVE('',#3928,#3960,#3968,.T.);
#3968 = CIRCLE('',#3969,4.E-02);
#3969 = AXIS2_PLACEMENT_3D('',#3970,#3971,#3972);
#3970 = CARTESIAN_POINT('',(1.,-0.585,4.E-02));
#3971 = DIRECTION('',(1.,0.,-0.));
#3972 = DIRECTION('',(0.,0.,1.));
#3973 = ORIENTED_EDGE('',*,*,#3937,.F.);
#3974 = CYLINDRICAL_SURFACE('',#3975,4.E-02);
#3975 = AXIS2_PLACEMENT_3D('',#3976,#3977,#3978);
#3976 = CARTESIAN_POINT('',(0.6,-0.585,4.E-02));
#3977 = DIRECTION('',(1.,0.,0.));
#3978 = DIRECTION('',(0.,-1.,0.));
#3979 = ADVANCED_FACE('',(#3980),#3999,.T.);
#3980 = FACE_BOUND('',#3981,.T.);
#3981 = EDGE_LOOP('',(#3982,#3983,#3992,#3998));
#3982 = ORIENTED_EDGE('',*,*,#3944,.T.);
#3983 = ORIENTED_EDGE('',*,*,#3984,.T.);
#3984 = EDGE_CURVE('',#3930,#3985,#3987,.T.);
#3985 = VERTEX_POINT('',#3986);
#3986 = CARTESIAN_POINT('',(1.,-0.585,1.25));
#3987 = CIRCLE('',#3988,4.E-02);
#3988 = AXIS2_PLACEMENT_3D('',#3989,#3990,#3991);
#3989 = CARTESIAN_POINT('',(1.,-0.585,1.21));
#3990 = DIRECTION('',(-1.,0.,0.));
#3991 = DIRECTION('',(0.,0.,1.));
#3992 = ORIENTED_EDGE('',*,*,#3993,.F.);
#3993 = EDGE_CURVE('',#3895,#3985,#3994,.T.);
#3994 = LINE('',#3995,#3996);
#3995 = CARTESIAN_POINT('',(0.6,-0.585,1.25));
#3996 = VECTOR('',#3997,1.);
#3997 = DIRECTION('',(1.,0.,0.));
#3998 = ORIENTED_EDGE('',*,*,#3902,.F.);
#3999 = CYLINDRICAL_SURFACE('',#4000,4.E-02);
#4000 = AXIS2_PLACEMENT_3D('',#4001,#4002,#4003);
#4001 = CARTESIAN_POINT('',(0.6,-0.585,1.21));
#4002 = DIRECTION('',(1.,0.,0.));
#4003 = DIRECTION('',(0.,-1.,0.));
#4004 = ADVANCED_FACE('',(#4005),#4023,.F.);
#4005 = FACE_BOUND('',#4006,.F.);
#4006 = EDGE_LOOP('',(#4007,#4008,#4009,#4017));
#4007 = ORIENTED_EDGE('',*,*,#3860,.F.);
#4008 = ORIENTED_EDGE('',*,*,#3959,.T.);
#4009 = ORIENTED_EDGE('',*,*,#4010,.T.);
#4010 = EDGE_CURVE('',#3960,#4011,#4013,.T.);
#4011 = VERTEX_POINT('',#4012);
#4012 = CARTESIAN_POINT('',(1.,0.585,0.));
#4013 = LINE('',#4014,#4015);
#4014 = CARTESIAN_POINT('',(1.,-0.625,0.));
#4015 = VECTOR('',#4016,1.);
#4016 = DIRECTION('',(0.,1.,0.));
#4017 = ORIENTED_EDGE('',*,*,#4018,.F.);
#4018 = EDGE_CURVE('',#3861,#4011,#4019,.T.);
#4019 = LINE('',#4020,#4021);
#4020 = CARTESIAN_POINT('',(0.6,0.585,0.));
#4021 = VECTOR('',#4022,1.);
#4022 = DIRECTION('',(1.,0.,0.));
#4023 = PLANE('',#4024);
#4024 = AXIS2_PLACEMENT_3D('',#4025,#4026,#4027);
#4025 = CARTESIAN_POINT('',(0.6,-0.625,0.));
#4026 = DIRECTION('',(0.,0.,1.));
#4027 = DIRECTION('',(1.,0.,-0.));
#4028 = ADVANCED_FACE('',(#4029),#4047,.T.);
#4029 = FACE_BOUND('',#4030,.T.);
#4030 = EDGE_LOOP('',(#4031,#4032,#4033,#4041));
#4031 = ORIENTED_EDGE('',*,*,#3894,.F.);
#4032 = ORIENTED_EDGE('',*,*,#3993,.T.);
#4033 = ORIENTED_EDGE('',*,*,#4034,.T.);
#4034 = EDGE_CURVE('',#3985,#4035,#4037,.T.);
#4035 = VERTEX_POINT('',#4036);
#4036 = CARTESIAN_POINT('',(1.,0.585,1.25));
#4037 = LINE('',#4038,#4039);
#4038 = CARTESIAN_POINT('',(1.,-0.625,1.25));
#4039 = VECTOR('',#4040,1.);
#4040 = DIRECTION('',(0.,1.,0.));
#4041 = ORIENTED_EDGE('',*,*,#4042,.F.);
#4042 = EDGE_CURVE('',#3886,#4035,#4043,.T.);
#4043 = LINE('',#4044,#4045);
#4044 = CARTESIAN_POINT('',(0.6,0.585,1.25));
#4045 = VECTOR('',#4046,1.);
#4046 = DIRECTION('',(1.,0.,0.));
#4047 = PLANE('',#4048);
#4048 = AXIS2_PLACEMENT_3D('',#4049,#4050,#4051);
#4049 = CARTESIAN_POINT('',(0.6,-0.625,1.25));
#4050 = DIRECTION('',(0.,0.,1.));
#4051 = DIRECTION('',(1.,0.,-0.));
#4052 = ADVANCED_FACE('',(#4053),#4072,.T.);
#4053 = FACE_BOUND('',#4054,.T.);
#4054 = EDGE_LOOP('',(#4055,#4063,#4070,#4071));
#4055 = ORIENTED_EDGE('',*,*,#4056,.T.);
#4056 = EDGE_CURVE('',#3869,#4057,#4059,.T.);
#4057 = VERTEX_POINT('',#4058);
#4058 = CARTESIAN_POINT('',(1.,0.625,4.E-02));
#4059 = LINE('',#4060,#4061);
#4060 = CARTESIAN_POINT('',(0.6,0.625,4.E-02));
#4061 = VECTOR('',#4062,1.);
#4062 = DIRECTION('',(1.,0.,0.));
#4063 = ORIENTED_EDGE('',*,*,#4064,.T.);
#4064 = EDGE_CURVE('',#4057,#4011,#4065,.T.);
#4065 = CIRCLE('',#4066,4.E-02);
#4066 = AXIS2_PLACEMENT_3D('',#4067,#4068,#4069);
#4067 = CARTESIAN_POINT('',(1.,0.585,4.E-02));
#4068 = DIRECTION('',(-1.,0.,0.));
#4069 = DIRECTION('',(0.,0.,1.));
#4070 = ORIENTED_EDGE('',*,*,#4018,.F.);
#4071 = ORIENTED_EDGE('',*,*,#3868,.F.);
#4072 = CYLINDRICAL_SURFACE('',#4073,4.E-02);
#4073 = AXIS2_PLACEMENT_3D('',#4074,#4075,#4076);
#4074 = CARTESIAN_POINT('',(0.6,0.585,4.E-02));
#4075 = DIRECTION('',(1.,0.,0.));
#4076 = DIRECTION('',(-0.,1.,0.));
#4077 = ADVANCED_FACE('',(#4078),#4097,.T.);
#4078 = FACE_BOUND('',#4079,.T.);
#4079 = EDGE_LOOP('',(#4080,#4081,#4082,#4091));
#4080 = ORIENTED_EDGE('',*,*,#3885,.T.);
#4081 = ORIENTED_EDGE('',*,*,#4042,.T.);
#4082 = ORIENTED_EDGE('',*,*,#4083,.F.);
#4083 = EDGE_CURVE('',#4084,#4035,#4086,.T.);
#4084 = VERTEX_POINT('',#4085);
#4085 = CARTESIAN_POINT('',(1.,0.625,1.21));
#4086 = CIRCLE('',#4087,4.E-02);
#4087 = AXIS2_PLACEMENT_3D('',#4088,#4089,#4090);
#4088 = CARTESIAN_POINT('',(1.,0.585,1.21));
#4089 = DIRECTION('',(1.,0.,-0.));
#4090 = DIRECTION('',(0.,0.,1.));
#4091 = ORIENTED_EDGE('',*,*,#4092,.F.);
#4092 = EDGE_CURVE('',#3878,#4084,#4093,.T.);
#4093 = LINE('',#4094,#4095);
#4094 = CARTESIAN_POINT('',(0.6,0.625,1.21));
#4095 = VECTOR('',#4096,1.);
#4096 = DIRECTION('',(1.,0.,0.));
#4097 = CYLINDRICAL_SURFACE('',#4098,4.E-02);
#4098 = AXIS2_PLACEMENT_3D('',#4099,#4100,#4101);
#4099 = CARTESIAN_POINT('',(0.6,0.585,1.21));
#4100 = DIRECTION('',(1.,0.,0.));
#4101 = DIRECTION('',(-0.,1.,0.));
#4102 = ADVANCED_FACE('',(#4103),#4114,.T.);
#4103 = FACE_BOUND('',#4104,.T.);
#4104 = EDGE_LOOP('',(#4105,#4111,#4112,#4113));
#4105 = ORIENTED_EDGE('',*,*,#4106,.F.);
#4106 = EDGE_CURVE('',#4057,#4084,#4107,.T.);
#4107 = LINE('',#4108,#4109);
#4108 = CARTESIAN_POINT('',(1.,0.625,0.));
#4109 = VECTOR('',#4110,1.);
#4110 = DIRECTION('',(0.,0.,1.));
#4111 = ORIENTED_EDGE('',*,*,#4056,.F.);
#4112 = ORIENTED_EDGE('',*,*,#3877,.T.);
#4113 = ORIENTED_EDGE('',*,*,#4092,.T.);
#4114 = PLANE('',#4115);
#4115 = AXIS2_PLACEMENT_3D('',#4116,#4117,#4118);
#4116 = CARTESIAN_POINT('',(0.6,0.625,0.));
#4117 = DIRECTION('',(0.,1.,0.));
#4118 = DIRECTION('',(0.,-0.,1.));
#4119 = ADVANCED_FACE('',(#4120),#4130,.T.);
#4120 = FACE_BOUND('',#4121,.T.);
#4121 = EDGE_LOOP('',(#4122,#4123,#4124,#4125,#4126,#4127,#4128,#4129));
#4122 = ORIENTED_EDGE('',*,*,#3927,.F.);
#4123 = ORIENTED_EDGE('',*,*,#3967,.T.);
#4124 = ORIENTED_EDGE('',*,*,#4010,.T.);
#4125 = ORIENTED_EDGE('',*,*,#4064,.F.);
#4126 = ORIENTED_EDGE('',*,*,#4106,.T.);
#4127 = ORIENTED_EDGE('',*,*,#4083,.T.);
#4128 = ORIENTED_EDGE('',*,*,#4034,.F.);
#4129 = ORIENTED_EDGE('',*,*,#3984,.F.);
#4130 = PLANE('',#4131);
#4131 = AXIS2_PLACEMENT_3D('',#4132,#4133,#4134);
#4132 = CARTESIAN_POINT('',(1.,-0.625,0.));
#4133 = DIRECTION('',(1.,0.,0.));
#4134 = DIRECTION('',(0.,0.,1.));
#4135 = ( GEOMETRIC_REPRESENTATION_CONTEXT(3) 
GLOBAL_UNCERTAINTY_ASSIGNED_CONTEXT((#4139)) 
GLOBAL_UNIT_ASSIGNED_CONTEXT((#4136,#4137,#4138)) REPRESENTATION_CONTEXT
('Context #1','3D Context with UNIT and UNCERTAINTY') );
#4136 = ( LENGTH_UNIT() NAMED_UNIT(*) SI_UNIT(.MILLI.,.METRE.) );
#4137 = ( NAMED_UNIT(*) PLANE_ANGLE_UNIT() SI_UNIT($,.RADIAN.) );
#4138 = ( NAMED_UNIT(*) SI_UNIT($,.STERADIAN.) SOLID_ANGLE_UNIT() );
#4139 = UNCERTAINTY_MEASURE_WITH_UNIT(LENGTH_MEASURE(1.E-07),#4136,
  'distance_accuracy_value','confusion accuracy');
#4140 = CONTEXT_DEPENDENT_SHAPE_REPRESENTATION(#4141,#4143);
#4141 = ( REPRESENTATION_RELATIONSHIP('','',#3280,#10) 
REPRESENTATION_RELATIONSHIP_WITH_TRANSFORMATION(#4142) 
SHAPE_REPRESENTATION_RELATIONSHIP() );
#4142 = ITEM_DEFINED_TRANSFORMATION('','',#11,#27);
#4143 = PRODUCT_DEFINITION_SHAPE('Placement','Placement of an item',
  #4144);
#4144 = NEXT_ASSEMBLY_USAGE_OCCURRENCE('4','C1','',#5,#3275,$);
#4145 = PRODUCT_RELATED_PRODUCT_CATEGORY('part',$,(#3277));
#4146 = SHAPE_DEFINITION_REPRESENTATION(#4147,#4153);
#4147 = PRODUCT_DEFINITION_SHAPE('','',#4148);
#4148 = PRODUCT_DEFINITION('design','',#4149,#4152);
#4149 = PRODUCT_DEFINITION_FORMATION('','',#4150);
#4150 = PRODUCT('PinHeader_1x10_P2.54mm_Vertical',
  'PinHeader_1x10_P2.54mm_Vertical','',(#4151));
#4151 = PRODUCT_CONTEXT('',#2,'mechanical');
#4152 = PRODUCT_DEFINITION_CONTEXT('part definition',#2,'design');
#4153 = ADVANCED_BREP_SHAPE_REPRESENTATION('',(#11,#4154),#10978);
#4154 = MANIFOLD_SOLID_BREP('',#4155);
#4155 = CLOSED_SHELL('',(#4156,#4196,#4227,#4258,#5079,#5900,#5917,#5934
    ,#5951,#5968,#5985,#6002,#6019,#6036,#6053,#6070,#6087,#6104,#6121,
    #6138,#6155,#6172,#6189,#6206,#6223,#6240,#6257,#6274,#6291,#6308,
    #6325,#6342,#6359,#6376,#6393,#6410,#6427,#6444,#6461,#6478,#6495,
    #6512,#6529,#6546,#6563,#6580,#6597,#6614,#6631,#6648,#6665,#6682,
    #6699,#6716,#6733,#6750,#6767,#6784,#6801,#6818,#6835,#6852,#6869,
    #6886,#6898,#6929,#6953,#6977,#6994,#7025,#7049,#7073,#7090,#7121,
    #7145,#7169,#7186,#7217,#7241,#7265,#7282,#7313,#7337,#7361,#7378,
    #7409,#7433,#7457,#7474,#7505,#7529,#7553,#7570,#7601,#7625,#7649,
    #7666,#7697,#7721,#7745,#7762,#7793,#7817,#7841,#7858,#7889,#7913,
    #7937,#7954,#7985,#8009,#8033,#8050,#8081,#8105,#8129,#8146,#8177,
    #8201,#8225,#8242,#8273,#8297,#8321,#8338,#8369,#8393,#8417,#8434,
    #8465,#8489,#8513,#8530,#8561,#8585,#8609,#8626,#8657,#8681,#8705,
    #8722,#8753,#8777,#8801,#8818,#8849,#8873,#8897,#8914,#8945,#8969,
    #8993,#9010,#9041,#9065,#9089,#9106,#9137,#9161,#9185,#9202,#9233,
    #9257,#9281,#9298,#9329,#9353,#9377,#9394,#9425,#9449,#9473,#9490,
    #9521,#9545,#9569,#9586,#9617,#9641,#9665,#9682,#9713,#9737,#9761,
    #9778,#9809,#9833,#9857,#9874,#9905,#9929,#9953,#9970,#10001,#10025,
    #10049,#10066,#10097,#10121,#10145,#10162,#10193,#10217,#10241,
    #10258,#10289,#10313,#10337,#10354,#10385,#10409,#10433,#10450,
    #10481,#10505,#10529,#10546,#10577,#10601,#10625,#10642,#10673,
    #10697,#10721,#10738,#10750,#10762,#10774,#10786,#10798,#10810,
    #10822,#10834,#10846,#10858,#10870,#10882,#10894,#10906,#10918,
    #10930,#10942,#10954,#10966));
#4156 = ADVANCED_FACE('',(#4157),#4191,.F.);
#4157 = FACE_BOUND('',#4158,.F.);
#4158 = EDGE_LOOP('',(#4159,#4169,#4177,#4185));
#4159 = ORIENTED_EDGE('',*,*,#4160,.T.);
#4160 = EDGE_CURVE('',#4161,#4163,#4165,.T.);
#4161 = VERTEX_POINT('',#4162);
#4162 = CARTESIAN_POINT('',(-1.016,1.27,0.));
#4163 = VERTEX_POINT('',#4164);
#4164 = CARTESIAN_POINT('',(-1.016,1.27,2.54));
#4165 = LINE('',#4166,#4167);
#4166 = CARTESIAN_POINT('',(-1.016,1.27,0.));
#4167 = VECTOR('',#4168,1.);
#4168 = DIRECTION('',(0.,0.,1.));
#4169 = ORIENTED_EDGE('',*,*,#4170,.T.);
#4170 = EDGE_CURVE('',#4163,#4171,#4173,.T.);
#4171 = VERTEX_POINT('',#4172);
#4172 = CARTESIAN_POINT('',(-1.27,1.016,2.54));
#4173 = LINE('',#4174,#4175);
#4174 = CARTESIAN_POINT('',(-1.016,1.27,2.54));
#4175 = VECTOR('',#4176,1.);
#4176 = DIRECTION('',(-0.707106781187,-0.707106781187,0.));
#4177 = ORIENTED_EDGE('',*,*,#4178,.F.);
#4178 = EDGE_CURVE('',#4179,#4171,#4181,.T.);
#4179 = VERTEX_POINT('',#4180);
#4180 = CARTESIAN_POINT('',(-1.27,1.016,0.));
#4181 = LINE('',#4182,#4183);
#4182 = CARTESIAN_POINT('',(-1.27,1.016,0.));
#4183 = VECTOR('',#4184,1.);
#4184 = DIRECTION('',(0.,0.,1.));
#4185 = ORIENTED_EDGE('',*,*,#4186,.F.);
#4186 = EDGE_CURVE('',#4161,#4179,#4187,.T.);
#4187 = LINE('',#4188,#4189);
#4188 = CARTESIAN_POINT('',(-1.016,1.27,0.));
#4189 = VECTOR('',#4190,1.);
#4190 = DIRECTION('',(-0.707106781187,-0.707106781187,0.));
#4191 = PLANE('',#4192);
#4192 = AXIS2_PLACEMENT_3D('',#4193,#4194,#4195);
#4193 = CARTESIAN_POINT('',(-1.016,1.27,0.));
#4194 = DIRECTION('',(0.707106781187,-0.707106781187,0.));
#4195 = DIRECTION('',(-0.707106781187,-0.707106781187,0.));
#4196 = ADVANCED_FACE('',(#4197),#4222,.F.);
#4197 = FACE_BOUND('',#4198,.F.);
#4198 = EDGE_LOOP('',(#4199,#4209,#4215,#4216));
#4199 = ORIENTED_EDGE('',*,*,#4200,.T.);
#4200 = EDGE_CURVE('',#4201,#4203,#4205,.T.);
#4201 = VERTEX_POINT('',#4202);
#4202 = CARTESIAN_POINT('',(1.016,1.27,0.));
#4203 = VERTEX_POINT('',#4204);
#4204 = CARTESIAN_POINT('',(1.016,1.27,2.54));
#4205 = LINE('',#4206,#4207);
#4206 = CARTESIAN_POINT('',(1.016,1.27,0.));
#4207 = VECTOR('',#4208,1.);
#4208 = DIRECTION('',(0.,0.,1.));
#4209 = ORIENTED_EDGE('',*,*,#4210,.T.);
#4210 = EDGE_CURVE('',#4203,#4163,#4211,.T.);
#4211 = LINE('',#4212,#4213);
#4212 = CARTESIAN_POINT('',(1.016,1.27,2.54));
#4213 = VECTOR('',#4214,1.);
#4214 = DIRECTION('',(-1.,0.,0.));
#4215 = ORIENTED_EDGE('',*,*,#4160,.F.);
#4216 = ORIENTED_EDGE('',*,*,#4217,.F.);
#4217 = EDGE_CURVE('',#4201,#4161,#4218,.T.);
#4218 = LINE('',#4219,#4220);
#4219 = CARTESIAN_POINT('',(1.016,1.27,0.));
#4220 = VECTOR('',#4221,1.);
#4221 = DIRECTION('',(-1.,0.,0.));
#4222 = PLANE('',#4223);
#4223 = AXIS2_PLACEMENT_3D('',#4224,#4225,#4226);
#4224 = CARTESIAN_POINT('',(1.016,1.27,0.));
#4225 = DIRECTION('',(0.,-1.,0.));
#4226 = DIRECTION('',(-1.,0.,0.));
#4227 = ADVANCED_FACE('',(#4228),#4253,.F.);
#4228 = FACE_BOUND('',#4229,.F.);
#4229 = EDGE_LOOP('',(#4230,#4231,#4239,#4247));
#4230 = ORIENTED_EDGE('',*,*,#4178,.T.);
#4231 = ORIENTED_EDGE('',*,*,#4232,.T.);
#4232 = EDGE_CURVE('',#4171,#4233,#4235,.T.);
#4233 = VERTEX_POINT('',#4234);
#4234 = CARTESIAN_POINT('',(-1.27,-1.016,2.54));
#4235 = LINE('',#4236,#4237);
#4236 = CARTESIAN_POINT('',(-1.27,1.016,2.54));
#4237 = VECTOR('',#4238,1.);
#4238 = DIRECTION('',(0.,-1.,0.));
#4239 = ORIENTED_EDGE('',*,*,#4240,.F.);
#4240 = EDGE_CURVE('',#4241,#4233,#4243,.T.);
#4241 = VERTEX_POINT('',#4242);
#4242 = CARTESIAN_POINT('',(-1.27,-1.016,0.));
#4243 = LINE('',#4244,#4245);
#4244 = CARTESIAN_POINT('',(-1.27,-1.016,0.));
#4245 = VECTOR('',#4246,1.);
#4246 = DIRECTION('',(0.,0.,1.));
#4247 = ORIENTED_EDGE('',*,*,#4248,.F.);
#4248 = EDGE_CURVE('',#4179,#4241,#4249,.T.);
#4249 = LINE('',#4250,#4251);
#4250 = CARTESIAN_POINT('',(-1.27,1.016,0.));
#4251 = VECTOR('',#4252,1.);
#4252 = DIRECTION('',(0.,-1.,0.));
#4253 = PLANE('',#4254);
#4254 = AXIS2_PLACEMENT_3D('',#4255,#4256,#4257);
#4255 = CARTESIAN_POINT('',(-1.27,1.016,0.));
#4256 = DIRECTION('',(1.,0.,0.));
#4257 = DIRECTION('',(0.,-1.,0.));
#4258 = ADVANCED_FACE('',(#4259,#4734,#4768,#4802,#4836,#4870,#4904,
    #4938,#4972,#5006,#5040),#5074,.F.);
#4259 = FACE_BOUND('',#4260,.F.);
#4260 = EDGE_LOOP('',(#4261,#4262,#4263,#4271,#4279,#4287,#4295,#4303,
    #4311,#4319,#4327,#4335,#4343,#4351,#4359,#4367,#4375,#4383,#4391,
    #4399,#4407,#4415,#4423,#4431,#4439,#4447,#4455,#4463,#4471,#4479,
    #4487,#4495,#4503,#4511,#4519,#4527,#4535,#4543,#4551,#4559,#4567,
    #4575,#4583,#4591,#4599,#4607,#4615,#4623,#4631,#4639,#4647,#4655,
    #4663,#4671,#4679,#4687,#4695,#4703,#4711,#4719,#4727,#4733));
#4261 = ORIENTED_EDGE('',*,*,#4186,.T.);
#4262 = ORIENTED_EDGE('',*,*,#4248,.T.);
#4263 = ORIENTED_EDGE('',*,*,#4264,.T.);
#4264 = EDGE_CURVE('',#4241,#4265,#4267,.T.);
#4265 = VERTEX_POINT('',#4266);
#4266 = CARTESIAN_POINT('',(-1.016,-1.27,0.));
#4267 = LINE('',#4268,#4269);
#4268 = CARTESIAN_POINT('',(-1.27,-1.016,0.));
#4269 = VECTOR('',#4270,1.);
#4270 = DIRECTION('',(0.707106781187,-0.707106781187,0.));
#4271 = ORIENTED_EDGE('',*,*,#4272,.T.);
#4272 = EDGE_CURVE('',#4265,#4273,#4275,.T.);
#4273 = VERTEX_POINT('',#4274);
#4274 = CARTESIAN_POINT('',(-1.27,-1.524,0.));
#4275 = LINE('',#4276,#4277);
#4276 = CARTESIAN_POINT('',(-1.016,-1.27,0.));
#4277 = VECTOR('',#4278,1.);
#4278 = DIRECTION('',(-0.707106781187,-0.707106781187,0.));
#4279 = ORIENTED_EDGE('',*,*,#4280,.T.);
#4280 = EDGE_CURVE('',#4273,#4281,#4283,.T.);
#4281 = VERTEX_POINT('',#4282);
#4282 = CARTESIAN_POINT('',(-1.27,-3.556,0.));
#4283 = LINE('',#4284,#4285);
#4284 = CARTESIAN_POINT('',(-1.27,-1.524,0.));
#4285 = VECTOR('',#4286,1.);
#4286 = DIRECTION('',(0.,-1.,0.));
#4287 = ORIENTED_EDGE('',*,*,#4288,.T.);
#4288 = EDGE_CURVE('',#4281,#4289,#4291,.T.);
#4289 = VERTEX_POINT('',#4290);
#4290 = CARTESIAN_POINT('',(-1.016,-3.81,0.));
#4291 = LINE('',#4292,#4293);
#4292 = CARTESIAN_POINT('',(-1.27,-3.556,0.));
#4293 = VECTOR('',#4294,1.);
#4294 = DIRECTION('',(0.707106781187,-0.707106781187,0.));
#4295 = ORIENTED_EDGE('',*,*,#4296,.T.);
#4296 = EDGE_CURVE('',#4289,#4297,#4299,.T.);
#4297 = VERTEX_POINT('',#4298);
#4298 = CARTESIAN_POINT('',(-1.27,-4.064,0.));
#4299 = LINE('',#4300,#4301);
#4300 = CARTESIAN_POINT('',(-1.016,-3.81,0.));
#4301 = VECTOR('',#4302,1.);
#4302 = DIRECTION('',(-0.707106781187,-0.707106781187,0.));
#4303 = ORIENTED_EDGE('',*,*,#4304,.T.);
#4304 = EDGE_CURVE('',#4297,#4305,#4307,.T.);
#4305 = VERTEX_POINT('',#4306);
#4306 = CARTESIAN_POINT('',(-1.27,-6.096,0.));
#4307 = LINE('',#4308,#4309);
#4308 = CARTESIAN_POINT('',(-1.27,-4.064,0.));
#4309 = VECTOR('',#4310,1.);
#4310 = DIRECTION('',(0.,-1.,0.));
#4311 = ORIENTED_EDGE('',*,*,#4312,.T.);
#4312 = EDGE_CURVE('',#4305,#4313,#4315,.T.);
#4313 = VERTEX_POINT('',#4314);
#4314 = CARTESIAN_POINT('',(-1.016,-6.35,0.));
#4315 = LINE('',#4316,#4317);
#4316 = CARTESIAN_POINT('',(-1.27,-6.096,0.));
#4317 = VECTOR('',#4318,1.);
#4318 = DIRECTION('',(0.707106781187,-0.707106781187,0.));
#4319 = ORIENTED_EDGE('',*,*,#4320,.T.);
#4320 = EDGE_CURVE('',#4313,#4321,#4323,.T.);
#4321 = VERTEX_POINT('',#4322);
#4322 = CARTESIAN_POINT('',(-1.27,-6.604,0.));
#4323 = LINE('',#4324,#4325);
#4324 = CARTESIAN_POINT('',(-1.016,-6.35,0.));
#4325 = VECTOR('',#4326,1.);
#4326 = DIRECTION('',(-0.707106781187,-0.707106781187,0.));
#4327 = ORIENTED_EDGE('',*,*,#4328,.T.);
#4328 = EDGE_CURVE('',#4321,#4329,#4331,.T.);
#4329 = VERTEX_POINT('',#4330);
#4330 = CARTESIAN_POINT('',(-1.27,-8.636,0.));
#4331 = LINE('',#4332,#4333);
#4332 = CARTESIAN_POINT('',(-1.27,-6.604,0.));
#4333 = VECTOR('',#4334,1.);
#4334 = DIRECTION('',(0.,-1.,0.));
#4335 = ORIENTED_EDGE('',*,*,#4336,.T.);
#4336 = EDGE_CURVE('',#4329,#4337,#4339,.T.);
#4337 = VERTEX_POINT('',#4338);
#4338 = CARTESIAN_POINT('',(-1.016,-8.89,0.));
#4339 = LINE('',#4340,#4341);
#4340 = CARTESIAN_POINT('',(-1.27,-8.636,0.));
#4341 = VECTOR('',#4342,1.);
#4342 = DIRECTION('',(0.707106781187,-0.707106781187,0.));
#4343 = ORIENTED_EDGE('',*,*,#4344,.T.);
#4344 = EDGE_CURVE('',#4337,#4345,#4347,.T.);
#4345 = VERTEX_POINT('',#4346);
#4346 = CARTESIAN_POINT('',(-1.27,-9.144,0.));
#4347 = LINE('',#4348,#4349);
#4348 = CARTESIAN_POINT('',(-1.016,-8.89,0.));
#4349 = VECTOR('',#4350,1.);
#4350 = DIRECTION('',(-0.707106781187,-0.707106781187,0.));
#4351 = ORIENTED_EDGE('',*,*,#4352,.T.);
#4352 = EDGE_CURVE('',#4345,#4353,#4355,.T.);
#4353 = VERTEX_POINT('',#4354);
#4354 = CARTESIAN_POINT('',(-1.27,-11.176,0.));
#4355 = LINE('',#4356,#4357);
#4356 = CARTESIAN_POINT('',(-1.27,-9.144,0.));
#4357 = VECTOR('',#4358,1.);
#4358 = DIRECTION('',(0.,-1.,0.));
#4359 = ORIENTED_EDGE('',*,*,#4360,.T.);
#4360 = EDGE_CURVE('',#4353,#4361,#4363,.T.);
#4361 = VERTEX_POINT('',#4362);
#4362 = CARTESIAN_POINT('',(-1.016,-11.43,0.));
#4363 = LINE('',#4364,#4365);
#4364 = CARTESIAN_POINT('',(-1.27,-11.176,0.));
#4365 = VECTOR('',#4366,1.);
#4366 = DIRECTION('',(0.707106781187,-0.707106781187,0.));
#4367 = ORIENTED_EDGE('',*,*,#4368,.T.);
#4368 = EDGE_CURVE('',#4361,#4369,#4371,.T.);
#4369 = VERTEX_POINT('',#4370);
#4370 = CARTESIAN_POINT('',(-1.27,-11.684,0.));
#4371 = LINE('',#4372,#4373);
#4372 = CARTESIAN_POINT('',(-1.016,-11.43,0.));
#4373 = VECTOR('',#4374,1.);
#4374 = DIRECTION('',(-0.707106781187,-0.707106781187,0.));
#4375 = ORIENTED_EDGE('',*,*,#4376,.T.);
#4376 = EDGE_CURVE('',#4369,#4377,#4379,.T.);
#4377 = VERTEX_POINT('',#4378);
#4378 = CARTESIAN_POINT('',(-1.27,-13.716,0.));
#4379 = LINE('',#4380,#4381);
#4380 = CARTESIAN_POINT('',(-1.27,-11.684,0.));
#4381 = VECTOR('',#4382,1.);
#4382 = DIRECTION('',(0.,-1.,0.));
#4383 = ORIENTED_EDGE('',*,*,#4384,.T.);
#4384 = EDGE_CURVE('',#4377,#4385,#4387,.T.);
#4385 = VERTEX_POINT('',#4386);
#4386 = CARTESIAN_POINT('',(-1.016,-13.97,0.));
#4387 = LINE('',#4388,#4389);
#4388 = CARTESIAN_POINT('',(-1.27,-13.716,0.));
#4389 = VECTOR('',#4390,1.);
#4390 = DIRECTION('',(0.707106781187,-0.707106781187,0.));
#4391 = ORIENTED_EDGE('',*,*,#4392,.T.);
#4392 = EDGE_CURVE('',#4385,#4393,#4395,.T.);
#4393 = VERTEX_POINT('',#4394);
#4394 = CARTESIAN_POINT('',(-1.27,-14.224,0.));
#4395 = LINE('',#4396,#4397);
#4396 = CARTESIAN_POINT('',(-1.016,-13.97,0.));
#4397 = VECTOR('',#4398,1.);
#4398 = DIRECTION('',(-0.707106781187,-0.707106781187,0.));
#4399 = ORIENTED_EDGE('',*,*,#4400,.T.);
#4400 = EDGE_CURVE('',#4393,#4401,#4403,.T.);
#4401 = VERTEX_POINT('',#4402);
#4402 = CARTESIAN_POINT('',(-1.27,-16.256,0.));
#4403 = LINE('',#4404,#4405);
#4404 = CARTESIAN_POINT('',(-1.27,-14.224,0.));
#4405 = VECTOR('',#4406,1.);
#4406 = DIRECTION('',(0.,-1.,0.));
#4407 = ORIENTED_EDGE('',*,*,#4408,.T.);
#4408 = EDGE_CURVE('',#4401,#4409,#4411,.T.);
#4409 = VERTEX_POINT('',#4410);
#4410 = CARTESIAN_POINT('',(-1.016,-16.51,0.));
#4411 = LINE('',#4412,#4413);
#4412 = CARTESIAN_POINT('',(-1.27,-16.256,0.));
#4413 = VECTOR('',#4414,1.);
#4414 = DIRECTION('',(0.707106781187,-0.707106781187,0.));
#4415 = ORIENTED_EDGE('',*,*,#4416,.T.);
#4416 = EDGE_CURVE('',#4409,#4417,#4419,.T.);
#4417 = VERTEX_POINT('',#4418);
#4418 = CARTESIAN_POINT('',(-1.27,-16.764,0.));
#4419 = LINE('',#4420,#4421);
#4420 = CARTESIAN_POINT('',(-1.016,-16.51,0.));
#4421 = VECTOR('',#4422,1.);
#4422 = DIRECTION('',(-0.707106781187,-0.707106781187,0.));
#4423 = ORIENTED_EDGE('',*,*,#4424,.T.);
#4424 = EDGE_CURVE('',#4417,#4425,#4427,.T.);
#4425 = VERTEX_POINT('',#4426);
#4426 = CARTESIAN_POINT('',(-1.27,-18.796,0.));
#4427 = LINE('',#4428,#4429);
#4428 = CARTESIAN_POINT('',(-1.27,-16.764,0.));
#4429 = VECTOR('',#4430,1.);
#4430 = DIRECTION('',(0.,-1.,0.));
#4431 = ORIENTED_EDGE('',*,*,#4432,.T.);
#4432 = EDGE_CURVE('',#4425,#4433,#4435,.T.);
#4433 = VERTEX_POINT('',#4434);
#4434 = CARTESIAN_POINT('',(-1.016,-19.05,0.));
#4435 = LINE('',#4436,#4437);
#4436 = CARTESIAN_POINT('',(-1.27,-18.796,0.));
#4437 = VECTOR('',#4438,1.);
#4438 = DIRECTION('',(0.707106781187,-0.707106781187,0.));
#4439 = ORIENTED_EDGE('',*,*,#4440,.T.);
#4440 = EDGE_CURVE('',#4433,#4441,#4443,.T.);
#4441 = VERTEX_POINT('',#4442);
#4442 = CARTESIAN_POINT('',(-1.27,-19.304,0.));
#4443 = LINE('',#4444,#4445);
#4444 = CARTESIAN_POINT('',(-1.016,-19.05,0.));
#4445 = VECTOR('',#4446,1.);
#4446 = DIRECTION('',(-0.707106781187,-0.707106781187,0.));
#4447 = ORIENTED_EDGE('',*,*,#4448,.T.);
#4448 = EDGE_CURVE('',#4441,#4449,#4451,.T.);
#4449 = VERTEX_POINT('',#4450);
#4450 = CARTESIAN_POINT('',(-1.27,-21.336,0.));
#4451 = LINE('',#4452,#4453);
#4452 = CARTESIAN_POINT('',(-1.27,-19.304,0.));
#4453 = VECTOR('',#4454,1.);
#4454 = DIRECTION('',(0.,-1.,0.));
#4455 = ORIENTED_EDGE('',*,*,#4456,.T.);
#4456 = EDGE_CURVE('',#4449,#4457,#4459,.T.);
#4457 = VERTEX_POINT('',#4458);
#4458 = CARTESIAN_POINT('',(-1.016,-21.59,0.));
#4459 = LINE('',#4460,#4461);
#4460 = CARTESIAN_POINT('',(-1.27,-21.336,0.));
#4461 = VECTOR('',#4462,1.);
#4462 = DIRECTION('',(0.707106781187,-0.707106781187,0.));
#4463 = ORIENTED_EDGE('',*,*,#4464,.T.);
#4464 = EDGE_CURVE('',#4457,#4465,#4467,.T.);
#4465 = VERTEX_POINT('',#4466);
#4466 = CARTESIAN_POINT('',(-1.27,-21.844,0.));
#4467 = LINE('',#4468,#4469);
#4468 = CARTESIAN_POINT('',(-1.016,-21.59,0.));
#4469 = VECTOR('',#4470,1.);
#4470 = DIRECTION('',(-0.707106781187,-0.707106781187,0.));
#4471 = ORIENTED_EDGE('',*,*,#4472,.T.);
#4472 = EDGE_CURVE('',#4465,#4473,#4475,.T.);
#4473 = VERTEX_POINT('',#4474);
#4474 = CARTESIAN_POINT('',(-1.27,-23.876,0.));
#4475 = LINE('',#4476,#4477);
#4476 = CARTESIAN_POINT('',(-1.27,-21.844,0.));
#4477 = VECTOR('',#4478,1.);
#4478 = DIRECTION('',(0.,-1.,0.));
#4479 = ORIENTED_EDGE('',*,*,#4480,.T.);
#4480 = EDGE_CURVE('',#4473,#4481,#4483,.T.);
#4481 = VERTEX_POINT('',#4482);
#4482 = CARTESIAN_POINT('',(-1.016,-24.13,0.));
#4483 = LINE('',#4484,#4485);
#4484 = CARTESIAN_POINT('',(-1.27,-23.876,0.));
#4485 = VECTOR('',#4486,1.);
#4486 = DIRECTION('',(0.707106781187,-0.707106781187,0.));
#4487 = ORIENTED_EDGE('',*,*,#4488,.T.);
#4488 = EDGE_CURVE('',#4481,#4489,#4491,.T.);
#4489 = VERTEX_POINT('',#4490);
#4490 = CARTESIAN_POINT('',(1.016,-24.13,0.));
#4491 = LINE('',#4492,#4493);
#4492 = CARTESIAN_POINT('',(-1.016,-24.13,0.));
#4493 = VECTOR('',#4494,1.);
#4494 = DIRECTION('',(1.,0.,0.));
#4495 = ORIENTED_EDGE('',*,*,#4496,.T.);
#4496 = EDGE_CURVE('',#4489,#4497,#4499,.T.);
#4497 = VERTEX_POINT('',#4498);
#4498 = CARTESIAN_POINT('',(1.27,-23.876,0.));
#4499 = LINE('',#4500,#4501);
#4500 = CARTESIAN_POINT('',(1.016,-24.13,0.));
#4501 = VECTOR('',#4502,1.);
#4502 = DIRECTION('',(0.707106781187,0.707106781187,0.));
#4503 = ORIENTED_EDGE('',*,*,#4504,.T.);
#4504 = EDGE_CURVE('',#4497,#4505,#4507,.T.);
#4505 = VERTEX_POINT('',#4506);
#4506 = CARTESIAN_POINT('',(1.27,-21.844,0.));
#4507 = LINE('',#4508,#4509);
#4508 = CARTESIAN_POINT('',(1.27,-23.876,0.));
#4509 = VECTOR('',#4510,1.);
#4510 = DIRECTION('',(0.,1.,0.));
#4511 = ORIENTED_EDGE('',*,*,#4512,.T.);
#4512 = EDGE_CURVE('',#4505,#4513,#4515,.T.);
#4513 = VERTEX_POINT('',#4514);
#4514 = CARTESIAN_POINT('',(1.016,-21.59,0.));
#4515 = LINE('',#4516,#4517);
#4516 = CARTESIAN_POINT('',(1.27,-21.844,0.));
#4517 = VECTOR('',#4518,1.);
#4518 = DIRECTION('',(-0.707106781187,0.707106781187,0.));
#4519 = ORIENTED_EDGE('',*,*,#4520,.T.);
#4520 = EDGE_CURVE('',#4513,#4521,#4523,.T.);
#4521 = VERTEX_POINT('',#4522);
#4522 = CARTESIAN_POINT('',(1.27,-21.336,0.));
#4523 = LINE('',#4524,#4525);
#4524 = CARTESIAN_POINT('',(1.016,-21.59,0.));
#4525 = VECTOR('',#4526,1.);
#4526 = DIRECTION('',(0.707106781187,0.707106781187,0.));
#4527 = ORIENTED_EDGE('',*,*,#4528,.T.);
#4528 = EDGE_CURVE('',#4521,#4529,#4531,.T.);
#4529 = VERTEX_POINT('',#4530);
#4530 = CARTESIAN_POINT('',(1.27,-19.304,0.));
#4531 = LINE('',#4532,#4533);
#4532 = CARTESIAN_POINT('',(1.27,-21.336,0.));
#4533 = VECTOR('',#4534,1.);
#4534 = DIRECTION('',(0.,1.,0.));
#4535 = ORIENTED_EDGE('',*,*,#4536,.T.);
#4536 = EDGE_CURVE('',#4529,#4537,#4539,.T.);
#4537 = VERTEX_POINT('',#4538);
#4538 = CARTESIAN_POINT('',(1.016,-19.05,0.));
#4539 = LINE('',#4540,#4541);
#4540 = CARTESIAN_POINT('',(1.27,-19.304,0.));
#4541 = VECTOR('',#4542,1.);
#4542 = DIRECTION('',(-0.707106781187,0.707106781187,0.));
#4543 = ORIENTED_EDGE('',*,*,#4544,.T.);
#4544 = EDGE_CURVE('',#4537,#4545,#4547,.T.);
#4545 = VERTEX_POINT('',#4546);
#4546 = CARTESIAN_POINT('',(1.27,-18.796,0.));
#4547 = LINE('',#4548,#4549);
#4548 = CARTESIAN_POINT('',(1.016,-19.05,0.));
#4549 = VECTOR('',#4550,1.);
#4550 = DIRECTION('',(0.707106781187,0.707106781187,0.));
#4551 = ORIENTED_EDGE('',*,*,#4552,.T.);
#4552 = EDGE_CURVE('',#4545,#4553,#4555,.T.);
#4553 = VERTEX_POINT('',#4554);
#4554 = CARTESIAN_POINT('',(1.27,-16.764,0.));
#4555 = LINE('',#4556,#4557);
#4556 = CARTESIAN_POINT('',(1.27,-18.796,0.));
#4557 = VECTOR('',#4558,1.);
#4558 = DIRECTION('',(0.,1.,0.));
#4559 = ORIENTED_EDGE('',*,*,#4560,.T.);
#4560 = EDGE_CURVE('',#4553,#4561,#4563,.T.);
#4561 = VERTEX_POINT('',#4562);
#4562 = CARTESIAN_POINT('',(1.016,-16.51,0.));
#4563 = LINE('',#4564,#4565);
#4564 = CARTESIAN_POINT('',(1.27,-16.764,0.));
#4565 = VECTOR('',#4566,1.);
#4566 = DIRECTION('',(-0.707106781187,0.707106781187,0.));
#4567 = ORIENTED_EDGE('',*,*,#4568,.T.);
#4568 = EDGE_CURVE('',#4561,#4569,#4571,.T.);
#4569 = VERTEX_POINT('',#4570);
#4570 = CARTESIAN_POINT('',(1.27,-16.256,0.));
#4571 = LINE('',#4572,#4573);
#4572 = CARTESIAN_POINT('',(1.016,-16.51,0.));
#4573 = VECTOR('',#4574,1.);
#4574 = DIRECTION('',(0.707106781187,0.707106781187,0.));
#4575 = ORIENTED_EDGE('',*,*,#4576,.T.);
#4576 = EDGE_CURVE('',#4569,#4577,#4579,.T.);
#4577 = VERTEX_POINT('',#4578);
#4578 = CARTESIAN_POINT('',(1.27,-14.224,0.));
#4579 = LINE('',#4580,#4581);
#4580 = CARTESIAN_POINT('',(1.27,-16.256,0.));
#4581 = VECTOR('',#4582,1.);
#4582 = DIRECTION('',(0.,1.,0.));
#4583 = ORIENTED_EDGE('',*,*,#4584,.T.);
#4584 = EDGE_CURVE('',#4577,#4585,#4587,.T.);
#4585 = VERTEX_POINT('',#4586);
#4586 = CARTESIAN_POINT('',(1.016,-13.97,0.));
#4587 = LINE('',#4588,#4589);
#4588 = CARTESIAN_POINT('',(1.27,-14.224,0.));
#4589 = VECTOR('',#4590,1.);
#4590 = DIRECTION('',(-0.707106781187,0.707106781187,0.));
#4591 = ORIENTED_EDGE('',*,*,#4592,.T.);
#4592 = EDGE_CURVE('',#4585,#4593,#4595,.T.);
#4593 = VERTEX_POINT('',#4594);
#4594 = CARTESIAN_POINT('',(1.27,-13.716,0.));
#4595 = LINE('',#4596,#4597);
#4596 = CARTESIAN_POINT('',(1.016,-13.97,0.));
#4597 = VECTOR('',#4598,1.);
#4598 = DIRECTION('',(0.707106781187,0.707106781187,0.));
#4599 = ORIENTED_EDGE('',*,*,#4600,.T.);
#4600 = EDGE_CURVE('',#4593,#4601,#4603,.T.);
#4601 = VERTEX_POINT('',#4602);
#4602 = CARTESIAN_POINT('',(1.27,-11.684,0.));
#4603 = LINE('',#4604,#4605);
#4604 = CARTESIAN_POINT('',(1.27,-13.716,0.));
#4605 = VECTOR('',#4606,1.);
#4606 = DIRECTION('',(0.,1.,0.));
#4607 = ORIENTED_EDGE('',*,*,#4608,.T.);
#4608 = EDGE_CURVE('',#4601,#4609,#4611,.T.);
#4609 = VERTEX_POINT('',#4610);
#4610 = CARTESIAN_POINT('',(1.016,-11.43,0.));
#4611 = LINE('',#4612,#4613);
#4612 = CARTESIAN_POINT('',(1.27,-11.684,0.));
#4613 = VECTOR('',#4614,1.);
#4614 = DIRECTION('',(-0.707106781187,0.707106781187,0.));
#4615 = ORIENTED_EDGE('',*,*,#4616,.T.);
#4616 = EDGE_CURVE('',#4609,#4617,#4619,.T.);
#4617 = VERTEX_POINT('',#4618);
#4618 = CARTESIAN_POINT('',(1.27,-11.176,0.));
#4619 = LINE('',#4620,#4621);
#4620 = CARTESIAN_POINT('',(1.016,-11.43,0.));
#4621 = VECTOR('',#4622,1.);
#4622 = DIRECTION('',(0.707106781187,0.707106781187,0.));
#4623 = ORIENTED_EDGE('',*,*,#4624,.T.);
#4624 = EDGE_CURVE('',#4617,#4625,#4627,.T.);
#4625 = VERTEX_POINT('',#4626);
#4626 = CARTESIAN_POINT('',(1.27,-9.144,0.));
#4627 = LINE('',#4628,#4629);
#4628 = CARTESIAN_POINT('',(1.27,-11.176,0.));
#4629 = VECTOR('',#4630,1.);
#4630 = DIRECTION('',(0.,1.,0.));
#4631 = ORIENTED_EDGE('',*,*,#4632,.T.);
#4632 = EDGE_CURVE('',#4625,#4633,#4635,.T.);
#4633 = VERTEX_POINT('',#4634);
#4634 = CARTESIAN_POINT('',(1.016,-8.89,0.));
#4635 = LINE('',#4636,#4637);
#4636 = CARTESIAN_POINT('',(1.27,-9.144,0.));
#4637 = VECTOR('',#4638,1.);
#4638 = DIRECTION('',(-0.707106781187,0.707106781187,0.));
#4639 = ORIENTED_EDGE('',*,*,#4640,.T.);
#4640 = EDGE_CURVE('',#4633,#4641,#4643,.T.);
#4641 = VERTEX_POINT('',#4642);
#4642 = CARTESIAN_POINT('',(1.27,-8.636,0.));
#4643 = LINE('',#4644,#4645);
#4644 = CARTESIAN_POINT('',(1.016,-8.89,0.));
#4645 = VECTOR('',#4646,1.);
#4646 = DIRECTION('',(0.707106781187,0.707106781187,0.));
#4647 = ORIENTED_EDGE('',*,*,#4648,.T.);
#4648 = EDGE_CURVE('',#4641,#4649,#4651,.T.);
#4649 = VERTEX_POINT('',#4650);
#4650 = CARTESIAN_POINT('',(1.27,-6.604,0.));
#4651 = LINE('',#4652,#4653);
#4652 = CARTESIAN_POINT('',(1.27,-8.636,0.));
#4653 = VECTOR('',#4654,1.);
#4654 = DIRECTION('',(0.,1.,0.));
#4655 = ORIENTED_EDGE('',*,*,#4656,.T.);
#4656 = EDGE_CURVE('',#4649,#4657,#4659,.T.);
#4657 = VERTEX_POINT('',#4658);
#4658 = CARTESIAN_POINT('',(1.016,-6.35,0.));
#4659 = LINE('',#4660,#4661);
#4660 = CARTESIAN_POINT('',(1.27,-6.604,0.));
#4661 = VECTOR('',#4662,1.);
#4662 = DIRECTION('',(-0.707106781187,0.707106781187,0.));
#4663 = ORIENTED_EDGE('',*,*,#4664,.T.);
#4664 = EDGE_CURVE('',#4657,#4665,#4667,.T.);
#4665 = VERTEX_POINT('',#4666);
#4666 = CARTESIAN_POINT('',(1.27,-6.096,0.));
#4667 = LINE('',#4668,#4669);
#4668 = CARTESIAN_POINT('',(1.016,-6.35,0.));
#4669 = VECTOR('',#4670,1.);
#4670 = DIRECTION('',(0.707106781187,0.707106781187,0.));
#4671 = ORIENTED_EDGE('',*,*,#4672,.T.);
#4672 = EDGE_CURVE('',#4665,#4673,#4675,.T.);
#4673 = VERTEX_POINT('',#4674);
#4674 = CARTESIAN_POINT('',(1.27,-4.064,0.));
#4675 = LINE('',#4676,#4677);
#4676 = CARTESIAN_POINT('',(1.27,-6.096,0.));
#4677 = VECTOR('',#4678,1.);
#4678 = DIRECTION('',(0.,1.,0.));
#4679 = ORIENTED_EDGE('',*,*,#4680,.T.);
#4680 = EDGE_CURVE('',#4673,#4681,#4683,.T.);
#4681 = VERTEX_POINT('',#4682);
#4682 = CARTESIAN_POINT('',(1.016,-3.81,0.));
#4683 = LINE('',#4684,#4685);
#4684 = CARTESIAN_POINT('',(1.27,-4.064,0.));
#4685 = VECTOR('',#4686,1.);
#4686 = DIRECTION('',(-0.707106781187,0.707106781187,0.));
#4687 = ORIENTED_EDGE('',*,*,#4688,.T.);
#4688 = EDGE_CURVE('',#4681,#4689,#4691,.T.);
#4689 = VERTEX_POINT('',#4690);
#4690 = CARTESIAN_POINT('',(1.27,-3.556,0.));
#4691 = LINE('',#4692,#4693);
#4692 = CARTESIAN_POINT('',(1.016,-3.81,0.));
#4693 = VECTOR('',#4694,1.);
#4694 = DIRECTION('',(0.707106781187,0.707106781187,0.));
#4695 = ORIENTED_EDGE('',*,*,#4696,.T.);
#4696 = EDGE_CURVE('',#4689,#4697,#4699,.T.);
#4697 = VERTEX_POINT('',#4698);
#4698 = CARTESIAN_POINT('',(1.27,-1.524,0.));
#4699 = LINE('',#4700,#4701);
#4700 = CARTESIAN_POINT('',(1.27,-3.556,0.));
#4701 = VECTOR('',#4702,1.);
#4702 = DIRECTION('',(0.,1.,0.));
#4703 = ORIENTED_EDGE('',*,*,#4704,.T.);
#4704 = EDGE_CURVE('',#4697,#4705,#4707,.T.);
#4705 = VERTEX_POINT('',#4706);
#4706 = CARTESIAN_POINT('',(1.016,-1.27,0.));
#4707 = LINE('',#4708,#4709);
#4708 = CARTESIAN_POINT('',(1.27,-1.524,0.));
#4709 = VECTOR('',#4710,1.);
#4710 = DIRECTION('',(-0.707106781187,0.707106781187,0.));
#4711 = ORIENTED_EDGE('',*,*,#4712,.T.);
#4712 = EDGE_CURVE('',#4705,#4713,#4715,.T.);
#4713 = VERTEX_POINT('',#4714);
#4714 = CARTESIAN_POINT('',(1.27,-1.016,0.));
#4715 = LINE('',#4716,#4717);
#4716 = CARTESIAN_POINT('',(1.016,-1.27,0.));
#4717 = VECTOR('',#4718,1.);
#4718 = DIRECTION('',(0.707106781187,0.707106781187,0.));
#4719 = ORIENTED_EDGE('',*,*,#4720,.T.);
#4720 = EDGE_CURVE('',#4713,#4721,#4723,.T.);
#4721 = VERTEX_POINT('',#4722);
#4722 = CARTESIAN_POINT('',(1.27,1.016,0.));
#4723 = LINE('',#4724,#4725);
#4724 = CARTESIAN_POINT('',(1.27,-1.016,0.));
#4725 = VECTOR('',#4726,1.);
#4726 = DIRECTION('',(0.,1.,0.));
#4727 = ORIENTED_EDGE('',*,*,#4728,.T.);
#4728 = EDGE_CURVE('',#4721,#4201,#4729,.T.);
#4729 = LINE('',#4730,#4731);
#4730 = CARTESIAN_POINT('',(1.27,1.016,0.));
#4731 = VECTOR('',#4732,1.);
#4732 = DIRECTION('',(-0.707106781187,0.707106781187,0.));
#4733 = ORIENTED_EDGE('',*,*,#4217,.T.);
#4734 = FACE_BOUND('',#4735,.F.);
#4735 = EDGE_LOOP('',(#4736,#4746,#4754,#4762));
#4736 = ORIENTED_EDGE('',*,*,#4737,.F.);
#4737 = EDGE_CURVE('',#4738,#4740,#4742,.T.);
#4738 = VERTEX_POINT('',#4739);
#4739 = CARTESIAN_POINT('',(0.32,-13.02,0.));
#4740 = VERTEX_POINT('',#4741);
#4741 = CARTESIAN_POINT('',(0.32,-12.38,0.));
#4742 = LINE('',#4743,#4744);
#4743 = CARTESIAN_POINT('',(0.32,-12.225,0.));
#4744 = VECTOR('',#4745,1.);
#4745 = DIRECTION('',(0.,1.,0.));
#4746 = ORIENTED_EDGE('',*,*,#4747,.T.);
#4747 = EDGE_CURVE('',#4738,#4748,#4750,.T.);
#4748 = VERTEX_POINT('',#4749);
#4749 = CARTESIAN_POINT('',(-0.32,-13.02,0.));
#4750 = LINE('',#4751,#4752);
#4751 = CARTESIAN_POINT('',(-0.16,-13.02,0.));
#4752 = VECTOR('',#4753,1.);
#4753 = DIRECTION('',(-1.,0.,0.));
#4754 = ORIENTED_EDGE('',*,*,#4755,.T.);
#4755 = EDGE_CURVE('',#4748,#4756,#4758,.T.);
#4756 = VERTEX_POINT('',#4757);
#4757 = CARTESIAN_POINT('',(-0.32,-12.38,0.));
#4758 = LINE('',#4759,#4760);
#4759 = CARTESIAN_POINT('',(-0.32,-12.225,0.));
#4760 = VECTOR('',#4761,1.);
#4761 = DIRECTION('',(0.,1.,0.));
#4762 = ORIENTED_EDGE('',*,*,#4763,.F.);
#4763 = EDGE_CURVE('',#4740,#4756,#4764,.T.);
#4764 = LINE('',#4765,#4766);
#4765 = CARTESIAN_POINT('',(-0.16,-12.38,0.));
#4766 = VECTOR('',#4767,1.);
#4767 = DIRECTION('',(-1.,0.,0.));
#4768 = FACE_BOUND('',#4769,.F.);
#4769 = EDGE_LOOP('',(#4770,#4780,#4788,#4796));
#4770 = ORIENTED_EDGE('',*,*,#4771,.F.);
#4771 = EDGE_CURVE('',#4772,#4774,#4776,.T.);
#4772 = VERTEX_POINT('',#4773);
#4773 = CARTESIAN_POINT('',(0.32,-10.48,0.));
#4774 = VERTEX_POINT('',#4775);
#4775 = CARTESIAN_POINT('',(0.32,-9.84,0.));
#4776 = LINE('',#4777,#4778);
#4777 = CARTESIAN_POINT('',(0.32,-10.955,0.));
#4778 = VECTOR('',#4779,1.);
#4779 = DIRECTION('',(0.,1.,0.));
#4780 = ORIENTED_EDGE('',*,*,#4781,.T.);
#4781 = EDGE_CURVE('',#4772,#4782,#4784,.T.);
#4782 = VERTEX_POINT('',#4783);
#4783 = CARTESIAN_POINT('',(-0.32,-10.48,0.));
#4784 = LINE('',#4785,#4786);
#4785 = CARTESIAN_POINT('',(-0.16,-10.48,0.));
#4786 = VECTOR('',#4787,1.);
#4787 = DIRECTION('',(-1.,0.,0.));
#4788 = ORIENTED_EDGE('',*,*,#4789,.T.);
#4789 = EDGE_CURVE('',#4782,#4790,#4792,.T.);
#4790 = VERTEX_POINT('',#4791);
#4791 = CARTESIAN_POINT('',(-0.32,-9.84,0.));
#4792 = LINE('',#4793,#4794);
#4793 = CARTESIAN_POINT('',(-0.32,-10.955,0.));
#4794 = VECTOR('',#4795,1.);
#4795 = DIRECTION('',(0.,1.,0.));
#4796 = ORIENTED_EDGE('',*,*,#4797,.F.);
#4797 = EDGE_CURVE('',#4774,#4790,#4798,.T.);
#4798 = LINE('',#4799,#4800);
#4799 = CARTESIAN_POINT('',(-0.16,-9.84,0.));
#4800 = VECTOR('',#4801,1.);
#4801 = DIRECTION('',(-1.,0.,0.));
#4802 = FACE_BOUND('',#4803,.F.);
#4803 = EDGE_LOOP('',(#4804,#4814,#4822,#4830));
#4804 = ORIENTED_EDGE('',*,*,#4805,.F.);
#4805 = EDGE_CURVE('',#4806,#4808,#4810,.T.);
#4806 = VERTEX_POINT('',#4807);
#4807 = CARTESIAN_POINT('',(0.32,-7.94,0.));
#4808 = VERTEX_POINT('',#4809);
#4809 = CARTESIAN_POINT('',(0.32,-7.3,0.));
#4810 = LINE('',#4811,#4812);
#4811 = CARTESIAN_POINT('',(0.32,-9.685,0.));
#4812 = VECTOR('',#4813,1.);
#4813 = DIRECTION('',(0.,1.,0.));
#4814 = ORIENTED_EDGE('',*,*,#4815,.T.);
#4815 = EDGE_CURVE('',#4806,#4816,#4818,.T.);
#4816 = VERTEX_POINT('',#4817);
#4817 = CARTESIAN_POINT('',(-0.32,-7.94,0.));
#4818 = LINE('',#4819,#4820);
#4819 = CARTESIAN_POINT('',(-0.16,-7.94,0.));
#4820 = VECTOR('',#4821,1.);
#4821 = DIRECTION('',(-1.,0.,0.));
#4822 = ORIENTED_EDGE('',*,*,#4823,.T.);
#4823 = EDGE_CURVE('',#4816,#4824,#4826,.T.);
#4824 = VERTEX_POINT('',#4825);
#4825 = CARTESIAN_POINT('',(-0.32,-7.3,0.));
#4826 = LINE('',#4827,#4828);
#4827 = CARTESIAN_POINT('',(-0.32,-9.685,0.));
#4828 = VECTOR('',#4829,1.);
#4829 = DIRECTION('',(0.,1.,0.));
#4830 = ORIENTED_EDGE('',*,*,#4831,.F.);
#4831 = EDGE_CURVE('',#4808,#4824,#4832,.T.);
#4832 = LINE('',#4833,#4834);
#4833 = CARTESIAN_POINT('',(-0.16,-7.3,0.));
#4834 = VECTOR('',#4835,1.);
#4835 = DIRECTION('',(-1.,0.,0.));
#4836 = FACE_BOUND('',#4837,.F.);
#4837 = EDGE_LOOP('',(#4838,#4848,#4856,#4864));
#4838 = ORIENTED_EDGE('',*,*,#4839,.T.);
#4839 = EDGE_CURVE('',#4840,#4842,#4844,.T.);
#4840 = VERTEX_POINT('',#4841);
#4841 = CARTESIAN_POINT('',(0.32,-18.1,0.));
#4842 = VERTEX_POINT('',#4843);
#4843 = CARTESIAN_POINT('',(-0.32,-18.1,0.));
#4844 = LINE('',#4845,#4846);
#4845 = CARTESIAN_POINT('',(-0.16,-18.1,0.));
#4846 = VECTOR('',#4847,1.);
#4847 = DIRECTION('',(-1.,0.,0.));
#4848 = ORIENTED_EDGE('',*,*,#4849,.T.);
#4849 = EDGE_CURVE('',#4842,#4850,#4852,.T.);
#4850 = VERTEX_POINT('',#4851);
#4851 = CARTESIAN_POINT('',(-0.32,-17.46,0.));
#4852 = LINE('',#4853,#4854);
#4853 = CARTESIAN_POINT('',(-0.32,-14.765,0.));
#4854 = VECTOR('',#4855,1.);
#4855 = DIRECTION('',(0.,1.,0.));
#4856 = ORIENTED_EDGE('',*,*,#4857,.F.);
#4857 = EDGE_CURVE('',#4858,#4850,#4860,.T.);
#4858 = VERTEX_POINT('',#4859);
#4859 = CARTESIAN_POINT('',(0.32,-17.46,0.));
#4860 = LINE('',#4861,#4862);
#4861 = CARTESIAN_POINT('',(-0.16,-17.46,0.));
#4862 = VECTOR('',#4863,1.);
#4863 = DIRECTION('',(-1.,0.,0.));
#4864 = ORIENTED_EDGE('',*,*,#4865,.F.);
#4865 = EDGE_CURVE('',#4840,#4858,#4866,.T.);
#4866 = LINE('',#4867,#4868);
#4867 = CARTESIAN_POINT('',(0.32,-14.765,0.));
#4868 = VECTOR('',#4869,1.);
#4869 = DIRECTION('',(0.,1.,0.));
#4870 = FACE_BOUND('',#4871,.F.);
#4871 = EDGE_LOOP('',(#4872,#4882,#4890,#4898));
#4872 = ORIENTED_EDGE('',*,*,#4873,.F.);
#4873 = EDGE_CURVE('',#4874,#4876,#4878,.T.);
#4874 = VERTEX_POINT('',#4875);
#4875 = CARTESIAN_POINT('',(0.32,-15.56,0.));
#4876 = VERTEX_POINT('',#4877);
#4877 = CARTESIAN_POINT('',(0.32,-14.92,0.));
#4878 = LINE('',#4879,#4880);
#4879 = CARTESIAN_POINT('',(0.32,-13.495,0.));
#4880 = VECTOR('',#4881,1.);
#4881 = DIRECTION('',(0.,1.,0.));
#4882 = ORIENTED_EDGE('',*,*,#4883,.T.);
#4883 = EDGE_CURVE('',#4874,#4884,#4886,.T.);
#4884 = VERTEX_POINT('',#4885);
#4885 = CARTESIAN_POINT('',(-0.32,-15.56,0.));
#4886 = LINE('',#4887,#4888);
#4887 = CARTESIAN_POINT('',(-0.16,-15.56,0.));
#4888 = VECTOR('',#4889,1.);
#4889 = DIRECTION('',(-1.,0.,0.));
#4890 = ORIENTED_EDGE('',*,*,#4891,.T.);
#4891 = EDGE_CURVE('',#4884,#4892,#4894,.T.);
#4892 = VERTEX_POINT('',#4893);
#4893 = CARTESIAN_POINT('',(-0.32,-14.92,0.));
#4894 = LINE('',#4895,#4896);
#4895 = CARTESIAN_POINT('',(-0.32,-13.495,0.));
#4896 = VECTOR('',#4897,1.);
#4897 = DIRECTION('',(0.,1.,0.));
#4898 = ORIENTED_EDGE('',*,*,#4899,.F.);
#4899 = EDGE_CURVE('',#4876,#4892,#4900,.T.);
#4900 = LINE('',#4901,#4902);
#4901 = CARTESIAN_POINT('',(-0.16,-14.92,0.));
#4902 = VECTOR('',#4903,1.);
#4903 = DIRECTION('',(-1.,0.,0.));
#4904 = FACE_BOUND('',#4905,.F.);
#4905 = EDGE_LOOP('',(#4906,#4916,#4924,#4932));
#4906 = ORIENTED_EDGE('',*,*,#4907,.F.);
#4907 = EDGE_CURVE('',#4908,#4910,#4912,.T.);
#4908 = VERTEX_POINT('',#4909);
#4909 = CARTESIAN_POINT('',(0.32,-23.18,0.));
#4910 = VERTEX_POINT('',#4911);
#4911 = CARTESIAN_POINT('',(0.32,-22.54,0.));
#4912 = LINE('',#4913,#4914);
#4913 = CARTESIAN_POINT('',(0.32,-17.305,0.));
#4914 = VECTOR('',#4915,1.);
#4915 = DIRECTION('',(0.,1.,0.));
#4916 = ORIENTED_EDGE('',*,*,#4917,.T.);
#4917 = EDGE_CURVE('',#4908,#4918,#4920,.T.);
#4918 = VERTEX_POINT('',#4919);
#4919 = CARTESIAN_POINT('',(-0.32,-23.18,0.));
#4920 = LINE('',#4921,#4922);
#4921 = CARTESIAN_POINT('',(-0.16,-23.18,0.));
#4922 = VECTOR('',#4923,1.);
#4923 = DIRECTION('',(-1.,0.,0.));
#4924 = ORIENTED_EDGE('',*,*,#4925,.T.);
#4925 = EDGE_CURVE('',#4918,#4926,#4928,.T.);
#4926 = VERTEX_POINT('',#4927);
#4927 = CARTESIAN_POINT('',(-0.32,-22.54,0.));
#4928 = LINE('',#4929,#4930);
#4929 = CARTESIAN_POINT('',(-0.32,-17.305,0.));
#4930 = VECTOR('',#4931,1.);
#4931 = DIRECTION('',(0.,1.,0.));
#4932 = ORIENTED_EDGE('',*,*,#4933,.F.);
#4933 = EDGE_CURVE('',#4910,#4926,#4934,.T.);
#4934 = LINE('',#4935,#4936);
#4935 = CARTESIAN_POINT('',(-0.16,-22.54,0.));
#4936 = VECTOR('',#4937,1.);
#4937 = DIRECTION('',(-1.,0.,0.));
#4938 = FACE_BOUND('',#4939,.F.);
#4939 = EDGE_LOOP('',(#4940,#4950,#4958,#4966));
#4940 = ORIENTED_EDGE('',*,*,#4941,.T.);
#4941 = EDGE_CURVE('',#4942,#4944,#4946,.T.);
#4942 = VERTEX_POINT('',#4943);
#4943 = CARTESIAN_POINT('',(0.32,-20.64,0.));
#4944 = VERTEX_POINT('',#4945);
#4945 = CARTESIAN_POINT('',(-0.32,-20.64,0.));
#4946 = LINE('',#4947,#4948);
#4947 = CARTESIAN_POINT('',(-0.16,-20.64,0.));
#4948 = VECTOR('',#4949,1.);
#4949 = DIRECTION('',(-1.,0.,0.));
#4950 = ORIENTED_EDGE('',*,*,#4951,.T.);
#4951 = EDGE_CURVE('',#4944,#4952,#4954,.T.);
#4952 = VERTEX_POINT('',#4953);
#4953 = CARTESIAN_POINT('',(-0.32,-20.,0.));
#4954 = LINE('',#4955,#4956);
#4955 = CARTESIAN_POINT('',(-0.32,-16.035,0.));
#4956 = VECTOR('',#4957,1.);
#4957 = DIRECTION('',(0.,1.,0.));
#4958 = ORIENTED_EDGE('',*,*,#4959,.F.);
#4959 = EDGE_CURVE('',#4960,#4952,#4962,.T.);
#4960 = VERTEX_POINT('',#4961);
#4961 = CARTESIAN_POINT('',(0.32,-20.,0.));
#4962 = LINE('',#4963,#4964);
#4963 = CARTESIAN_POINT('',(-0.16,-20.,0.));
#4964 = VECTOR('',#4965,1.);
#4965 = DIRECTION('',(-1.,0.,0.));
#4966 = ORIENTED_EDGE('',*,*,#4967,.F.);
#4967 = EDGE_CURVE('',#4942,#4960,#4968,.T.);
#4968 = LINE('',#4969,#4970);
#4969 = CARTESIAN_POINT('',(0.32,-16.035,0.));
#4970 = VECTOR('',#4971,1.);
#4971 = DIRECTION('',(0.,1.,0.));
#4972 = FACE_BOUND('',#4973,.F.);
#4973 = EDGE_LOOP('',(#4974,#4984,#4992,#5000));
#4974 = ORIENTED_EDGE('',*,*,#4975,.T.);
#4975 = EDGE_CURVE('',#4976,#4978,#4980,.T.);
#4976 = VERTEX_POINT('',#4977);
#4977 = CARTESIAN_POINT('',(0.32,-0.32,0.));
#4978 = VERTEX_POINT('',#4979);
#4979 = CARTESIAN_POINT('',(-0.32,-0.32,0.));
#4980 = LINE('',#4981,#4982);
#4981 = CARTESIAN_POINT('',(-0.16,-0.32,0.));
#4982 = VECTOR('',#4983,1.);
#4983 = DIRECTION('',(-1.,0.,0.));
#4984 = ORIENTED_EDGE('',*,*,#4985,.T.);
#4985 = EDGE_CURVE('',#4978,#4986,#4988,.T.);
#4986 = VERTEX_POINT('',#4987);
#4987 = CARTESIAN_POINT('',(-0.32,0.32,0.));
#4988 = LINE('',#4989,#4990);
#4989 = CARTESIAN_POINT('',(-0.32,-5.875,0.));
#4990 = VECTOR('',#4991,1.);
#4991 = DIRECTION('',(0.,1.,0.));
#4992 = ORIENTED_EDGE('',*,*,#4993,.F.);
#4993 = EDGE_CURVE('',#4994,#4986,#4996,.T.);
#4994 = VERTEX_POINT('',#4995);
#4995 = CARTESIAN_POINT('',(0.32,0.32,0.));
#4996 = LINE('',#4997,#4998);
#4997 = CARTESIAN_POINT('',(-0.16,0.32,0.));
#4998 = VECTOR('',#4999,1.);
#4999 = DIRECTION('',(-1.,0.,0.));
#5000 = ORIENTED_EDGE('',*,*,#5001,.F.);
#5001 = EDGE_CURVE('',#4976,#4994,#5002,.T.);
#5002 = LINE('',#5003,#5004);
#5003 = CARTESIAN_POINT('',(0.32,-5.875,0.));
#5004 = VECTOR('',#5005,1.);
#5005 = DIRECTION('',(0.,1.,0.));
#5006 = FACE_BOUND('',#5007,.F.);
#5007 = EDGE_LOOP('',(#5008,#5018,#5026,#5034));
#5008 = ORIENTED_EDGE('',*,*,#5009,.F.);
#5009 = EDGE_CURVE('',#5010,#5012,#5014,.T.);
#5010 = VERTEX_POINT('',#5011);
#5011 = CARTESIAN_POINT('',(0.32,-2.86,0.));
#5012 = VERTEX_POINT('',#5013);
#5013 = CARTESIAN_POINT('',(0.32,-2.22,0.));
#5014 = LINE('',#5015,#5016);
#5015 = CARTESIAN_POINT('',(0.32,-7.145,0.));
#5016 = VECTOR('',#5017,1.);
#5017 = DIRECTION('',(0.,1.,0.));
#5018 = ORIENTED_EDGE('',*,*,#5019,.T.);
#5019 = EDGE_CURVE('',#5010,#5020,#5022,.T.);
#5020 = VERTEX_POINT('',#5021);
#5021 = CARTESIAN_POINT('',(-0.32,-2.86,0.));
#5022 = LINE('',#5023,#5024);
#5023 = CARTESIAN_POINT('',(-0.16,-2.86,0.));
#5024 = VECTOR('',#5025,1.);
#5025 = DIRECTION('',(-1.,0.,0.));
#5026 = ORIENTED_EDGE('',*,*,#5027,.T.);
#5027 = EDGE_CURVE('',#5020,#5028,#5030,.T.);
#5028 = VERTEX_POINT('',#5029);
#5029 = CARTESIAN_POINT('',(-0.32,-2.22,0.));
#5030 = LINE('',#5031,#5032);
#5031 = CARTESIAN_POINT('',(-0.32,-7.145,0.));
#5032 = VECTOR('',#5033,1.);
#5033 = DIRECTION('',(0.,1.,0.));
#5034 = ORIENTED_EDGE('',*,*,#5035,.F.);
#5035 = EDGE_CURVE('',#5012,#5028,#5036,.T.);
#5036 = LINE('',#5037,#5038);
#5037 = CARTESIAN_POINT('',(-0.16,-2.22,0.));
#5038 = VECTOR('',#5039,1.);
#5039 = DIRECTION('',(-1.,0.,0.));
#5040 = FACE_BOUND('',#5041,.F.);
#5041 = EDGE_LOOP('',(#5042,#5052,#5060,#5068));
#5042 = ORIENTED_EDGE('',*,*,#5043,.F.);
#5043 = EDGE_CURVE('',#5044,#5046,#5048,.T.);
#5044 = VERTEX_POINT('',#5045);
#5045 = CARTESIAN_POINT('',(0.32,-5.4,0.));
#5046 = VERTEX_POINT('',#5047);
#5047 = CARTESIAN_POINT('',(0.32,-4.76,0.));
#5048 = LINE('',#5049,#5050);
#5049 = CARTESIAN_POINT('',(0.32,-8.415,0.));
#5050 = VECTOR('',#5051,1.);
#5051 = DIRECTION('',(0.,1.,0.));
#5052 = ORIENTED_EDGE('',*,*,#5053,.T.);
#5053 = EDGE_CURVE('',#5044,#5054,#5056,.T.);
#5054 = VERTEX_POINT('',#5055);
#5055 = CARTESIAN_POINT('',(-0.32,-5.4,0.));
#5056 = LINE('',#5057,#5058);
#5057 = CARTESIAN_POINT('',(-0.16,-5.4,0.));
#5058 = VECTOR('',#5059,1.);
#5059 = DIRECTION('',(-1.,0.,0.));
#5060 = ORIENTED_EDGE('',*,*,#5061,.T.);
#5061 = EDGE_CURVE('',#5054,#5062,#5064,.T.);
#5062 = VERTEX_POINT('',#5063);
#5063 = CARTESIAN_POINT('',(-0.32,-4.76,0.));
#5064 = LINE('',#5065,#5066);
#5065 = CARTESIAN_POINT('',(-0.32,-8.415,0.));
#5066 = VECTOR('',#5067,1.);
#5067 = DIRECTION('',(0.,1.,0.));
#5068 = ORIENTED_EDGE('',*,*,#5069,.F.);
#5069 = EDGE_CURVE('',#5046,#5062,#5070,.T.);
#5070 = LINE('',#5071,#5072);
#5071 = CARTESIAN_POINT('',(-0.16,-4.76,0.));
#5072 = VECTOR('',#5073,1.);
#5073 = DIRECTION('',(-1.,0.,0.));
#5074 = PLANE('',#5075);
#5075 = AXIS2_PLACEMENT_3D('',#5076,#5077,#5078);
#5076 = CARTESIAN_POINT('',(-1.127656408637E-17,-11.43,0.));
#5077 = DIRECTION('',(0.,0.,1.));
#5078 = DIRECTION('',(1.,0.,-0.));
#5079 = ADVANCED_FACE('',(#5080,#5555,#5589,#5623,#5657,#5691,#5725,
    #5759,#5793,#5827,#5861),#5895,.T.);
#5080 = FACE_BOUND('',#5081,.T.);
#5081 = EDGE_LOOP('',(#5082,#5083,#5084,#5092,#5100,#5108,#5116,#5124,
    #5132,#5140,#5148,#5156,#5164,#5172,#5180,#5188,#5196,#5204,#5212,
    #5220,#5228,#5236,#5244,#5252,#5260,#5268,#5276,#5284,#5292,#5300,
    #5308,#5316,#5324,#5332,#5340,#5348,#5356,#5364,#5372,#5380,#5388,
    #5396,#5404,#5412,#5420,#5428,#5436,#5444,#5452,#5460,#5468,#5476,
    #5484,#5492,#5500,#5508,#5516,#5524,#5532,#5540,#5548,#5554));
#5082 = ORIENTED_EDGE('',*,*,#4170,.T.);
#5083 = ORIENTED_EDGE('',*,*,#4232,.T.);
#5084 = ORIENTED_EDGE('',*,*,#5085,.T.);
#5085 = EDGE_CURVE('',#4233,#5086,#5088,.T.);
#5086 = VERTEX_POINT('',#5087);
#5087 = CARTESIAN_POINT('',(-1.016,-1.27,2.54));
#5088 = LINE('',#5089,#5090);
#5089 = CARTESIAN_POINT('',(-1.27,-1.016,2.54));
#5090 = VECTOR('',#5091,1.);
#5091 = DIRECTION('',(0.707106781187,-0.707106781187,0.));
#5092 = ORIENTED_EDGE('',*,*,#5093,.T.);
#5093 = EDGE_CURVE('',#5086,#5094,#5096,.T.);
#5094 = VERTEX_POINT('',#5095);
#5095 = CARTESIAN_POINT('',(-1.27,-1.524,2.54));
#5096 = LINE('',#5097,#5098);
#5097 = CARTESIAN_POINT('',(-1.016,-1.27,2.54));
#5098 = VECTOR('',#5099,1.);
#5099 = DIRECTION('',(-0.707106781187,-0.707106781187,0.));
#5100 = ORIENTED_EDGE('',*,*,#5101,.T.);
#5101 = EDGE_CURVE('',#5094,#5102,#5104,.T.);
#5102 = VERTEX_POINT('',#5103);
#5103 = CARTESIAN_POINT('',(-1.27,-3.556,2.54));
#5104 = LINE('',#5105,#5106);
#5105 = CARTESIAN_POINT('',(-1.27,-1.524,2.54));
#5106 = VECTOR('',#5107,1.);
#5107 = DIRECTION('',(0.,-1.,0.));
#5108 = ORIENTED_EDGE('',*,*,#5109,.T.);
#5109 = EDGE_CURVE('',#5102,#5110,#5112,.T.);
#5110 = VERTEX_POINT('',#5111);
#5111 = CARTESIAN_POINT('',(-1.016,-3.81,2.54));
#5112 = LINE('',#5113,#5114);
#5113 = CARTESIAN_POINT('',(-1.27,-3.556,2.54));
#5114 = VECTOR('',#5115,1.);
#5115 = DIRECTION('',(0.707106781187,-0.707106781187,0.));
#5116 = ORIENTED_EDGE('',*,*,#5117,.T.);
#5117 = EDGE_CURVE('',#5110,#5118,#5120,.T.);
#5118 = VERTEX_POINT('',#5119);
#5119 = CARTESIAN_POINT('',(-1.27,-4.064,2.54));
#5120 = LINE('',#5121,#5122);
#5121 = CARTESIAN_POINT('',(-1.016,-3.81,2.54));
#5122 = VECTOR('',#5123,1.);
#5123 = DIRECTION('',(-0.707106781187,-0.707106781187,0.));
#5124 = ORIENTED_EDGE('',*,*,#5125,.T.);
#5125 = EDGE_CURVE('',#5118,#5126,#5128,.T.);
#5126 = VERTEX_POINT('',#5127);
#5127 = CARTESIAN_POINT('',(-1.27,-6.096,2.54));
#5128 = LINE('',#5129,#5130);
#5129 = CARTESIAN_POINT('',(-1.27,-4.064,2.54));
#5130 = VECTOR('',#5131,1.);
#5131 = DIRECTION('',(0.,-1.,0.));
#5132 = ORIENTED_EDGE('',*,*,#5133,.T.);
#5133 = EDGE_CURVE('',#5126,#5134,#5136,.T.);
#5134 = VERTEX_POINT('',#5135);
#5135 = CARTESIAN_POINT('',(-1.016,-6.35,2.54));
#5136 = LINE('',#5137,#5138);
#5137 = CARTESIAN_POINT('',(-1.27,-6.096,2.54));
#5138 = VECTOR('',#5139,1.);
#5139 = DIRECTION('',(0.707106781187,-0.707106781187,0.));
#5140 = ORIENTED_EDGE('',*,*,#5141,.T.);
#5141 = EDGE_CURVE('',#5134,#5142,#5144,.T.);
#5142 = VERTEX_POINT('',#5143);
#5143 = CARTESIAN_POINT('',(-1.27,-6.604,2.54));
#5144 = LINE('',#5145,#5146);
#5145 = CARTESIAN_POINT('',(-1.016,-6.35,2.54));
#5146 = VECTOR('',#5147,1.);
#5147 = DIRECTION('',(-0.707106781187,-0.707106781187,0.));
#5148 = ORIENTED_EDGE('',*,*,#5149,.T.);
#5149 = EDGE_CURVE('',#5142,#5150,#5152,.T.);
#5150 = VERTEX_POINT('',#5151);
#5151 = CARTESIAN_POINT('',(-1.27,-8.636,2.54));
#5152 = LINE('',#5153,#5154);
#5153 = CARTESIAN_POINT('',(-1.27,-6.604,2.54));
#5154 = VECTOR('',#5155,1.);
#5155 = DIRECTION('',(0.,-1.,0.));
#5156 = ORIENTED_EDGE('',*,*,#5157,.T.);
#5157 = EDGE_CURVE('',#5150,#5158,#5160,.T.);
#5158 = VERTEX_POINT('',#5159);
#5159 = CARTESIAN_POINT('',(-1.016,-8.89,2.54));
#5160 = LINE('',#5161,#5162);
#5161 = CARTESIAN_POINT('',(-1.27,-8.636,2.54));
#5162 = VECTOR('',#5163,1.);
#5163 = DIRECTION('',(0.707106781187,-0.707106781187,0.));
#5164 = ORIENTED_EDGE('',*,*,#5165,.T.);
#5165 = EDGE_CURVE('',#5158,#5166,#5168,.T.);
#5166 = VERTEX_POINT('',#5167);
#5167 = CARTESIAN_POINT('',(-1.27,-9.144,2.54));
#5168 = LINE('',#5169,#5170);
#5169 = CARTESIAN_POINT('',(-1.016,-8.89,2.54));
#5170 = VECTOR('',#5171,1.);
#5171 = DIRECTION('',(-0.707106781187,-0.707106781187,0.));
#5172 = ORIENTED_EDGE('',*,*,#5173,.T.);
#5173 = EDGE_CURVE('',#5166,#5174,#5176,.T.);
#5174 = VERTEX_POINT('',#5175);
#5175 = CARTESIAN_POINT('',(-1.27,-11.176,2.54));
#5176 = LINE('',#5177,#5178);
#5177 = CARTESIAN_POINT('',(-1.27,-9.144,2.54));
#5178 = VECTOR('',#5179,1.);
#5179 = DIRECTION('',(0.,-1.,0.));
#5180 = ORIENTED_EDGE('',*,*,#5181,.T.);
#5181 = EDGE_CURVE('',#5174,#5182,#5184,.T.);
#5182 = VERTEX_POINT('',#5183);
#5183 = CARTESIAN_POINT('',(-1.016,-11.43,2.54));
#5184 = LINE('',#5185,#5186);
#5185 = CARTESIAN_POINT('',(-1.27,-11.176,2.54));
#5186 = VECTOR('',#5187,1.);
#5187 = DIRECTION('',(0.707106781187,-0.707106781187,0.));
#5188 = ORIENTED_EDGE('',*,*,#5189,.T.);
#5189 = EDGE_CURVE('',#5182,#5190,#5192,.T.);
#5190 = VERTEX_POINT('',#5191);
#5191 = CARTESIAN_POINT('',(-1.27,-11.684,2.54));
#5192 = LINE('',#5193,#5194);
#5193 = CARTESIAN_POINT('',(-1.016,-11.43,2.54));
#5194 = VECTOR('',#5195,1.);
#5195 = DIRECTION('',(-0.707106781187,-0.707106781187,0.));
#5196 = ORIENTED_EDGE('',*,*,#5197,.T.);
#5197 = EDGE_CURVE('',#5190,#5198,#5200,.T.);
#5198 = VERTEX_POINT('',#5199);
#5199 = CARTESIAN_POINT('',(-1.27,-13.716,2.54));
#5200 = LINE('',#5201,#5202);
#5201 = CARTESIAN_POINT('',(-1.27,-11.684,2.54));
#5202 = VECTOR('',#5203,1.);
#5203 = DIRECTION('',(0.,-1.,0.));
#5204 = ORIENTED_EDGE('',*,*,#5205,.T.);
#5205 = EDGE_CURVE('',#5198,#5206,#5208,.T.);
#5206 = VERTEX_POINT('',#5207);
#5207 = CARTESIAN_POINT('',(-1.016,-13.97,2.54));
#5208 = LINE('',#5209,#5210);
#5209 = CARTESIAN_POINT('',(-1.27,-13.716,2.54));
#5210 = VECTOR('',#5211,1.);
#5211 = DIRECTION('',(0.707106781187,-0.707106781187,0.));
#5212 = ORIENTED_EDGE('',*,*,#5213,.T.);
#5213 = EDGE_CURVE('',#5206,#5214,#5216,.T.);
#5214 = VERTEX_POINT('',#5215);
#5215 = CARTESIAN_POINT('',(-1.27,-14.224,2.54));
#5216 = LINE('',#5217,#5218);
#5217 = CARTESIAN_POINT('',(-1.016,-13.97,2.54));
#5218 = VECTOR('',#5219,1.);
#5219 = DIRECTION('',(-0.707106781187,-0.707106781187,0.));
#5220 = ORIENTED_EDGE('',*,*,#5221,.T.);
#5221 = EDGE_CURVE('',#5214,#5222,#5224,.T.);
#5222 = VERTEX_POINT('',#5223);
#5223 = CARTESIAN_POINT('',(-1.27,-16.256,2.54));
#5224 = LINE('',#5225,#5226);
#5225 = CARTESIAN_POINT('',(-1.27,-14.224,2.54));
#5226 = VECTOR('',#5227,1.);
#5227 = DIRECTION('',(0.,-1.,0.));
#5228 = ORIENTED_EDGE('',*,*,#5229,.T.);
#5229 = EDGE_CURVE('',#5222,#5230,#5232,.T.);
#5230 = VERTEX_POINT('',#5231);
#5231 = CARTESIAN_POINT('',(-1.016,-16.51,2.54));
#5232 = LINE('',#5233,#5234);
#5233 = CARTESIAN_POINT('',(-1.27,-16.256,2.54));
#5234 = VECTOR('',#5235,1.);
#5235 = DIRECTION('',(0.707106781187,-0.707106781187,0.));
#5236 = ORIENTED_EDGE('',*,*,#5237,.T.);
#5237 = EDGE_CURVE('',#5230,#5238,#5240,.T.);
#5238 = VERTEX_POINT('',#5239);
#5239 = CARTESIAN_POINT('',(-1.27,-16.764,2.54));
#5240 = LINE('',#5241,#5242);
#5241 = CARTESIAN_POINT('',(-1.016,-16.51,2.54));
#5242 = VECTOR('',#5243,1.);
#5243 = DIRECTION('',(-0.707106781187,-0.707106781187,0.));
#5244 = ORIENTED_EDGE('',*,*,#5245,.T.);
#5245 = EDGE_CURVE('',#5238,#5246,#5248,.T.);
#5246 = VERTEX_POINT('',#5247);
#5247 = CARTESIAN_POINT('',(-1.27,-18.796,2.54));
#5248 = LINE('',#5249,#5250);
#5249 = CARTESIAN_POINT('',(-1.27,-16.764,2.54));
#5250 = VECTOR('',#5251,1.);
#5251 = DIRECTION('',(0.,-1.,0.));
#5252 = ORIENTED_EDGE('',*,*,#5253,.T.);
#5253 = EDGE_CURVE('',#5246,#5254,#5256,.T.);
#5254 = VERTEX_POINT('',#5255);
#5255 = CARTESIAN_POINT('',(-1.016,-19.05,2.54));
#5256 = LINE('',#5257,#5258);
#5257 = CARTESIAN_POINT('',(-1.27,-18.796,2.54));
#5258 = VECTOR('',#5259,1.);
#5259 = DIRECTION('',(0.707106781187,-0.707106781187,0.));
#5260 = ORIENTED_EDGE('',*,*,#5261,.T.);
#5261 = EDGE_CURVE('',#5254,#5262,#5264,.T.);
#5262 = VERTEX_POINT('',#5263);
#5263 = CARTESIAN_POINT('',(-1.27,-19.304,2.54));
#5264 = LINE('',#5265,#5266);
#5265 = CARTESIAN_POINT('',(-1.016,-19.05,2.54));
#5266 = VECTOR('',#5267,1.);
#5267 = DIRECTION('',(-0.707106781187,-0.707106781187,0.));
#5268 = ORIENTED_EDGE('',*,*,#5269,.T.);
#5269 = EDGE_CURVE('',#5262,#5270,#5272,.T.);
#5270 = VERTEX_POINT('',#5271);
#5271 = CARTESIAN_POINT('',(-1.27,-21.336,2.54));
#5272 = LINE('',#5273,#5274);
#5273 = CARTESIAN_POINT('',(-1.27,-19.304,2.54));
#5274 = VECTOR('',#5275,1.);
#5275 = DIRECTION('',(0.,-1.,0.));
#5276 = ORIENTED_EDGE('',*,*,#5277,.T.);
#5277 = EDGE_CURVE('',#5270,#5278,#5280,.T.);
#5278 = VERTEX_POINT('',#5279);
#5279 = CARTESIAN_POINT('',(-1.016,-21.59,2.54));
#5280 = LINE('',#5281,#5282);
#5281 = CARTESIAN_POINT('',(-1.27,-21.336,2.54));
#5282 = VECTOR('',#5283,1.);
#5283 = DIRECTION('',(0.707106781187,-0.707106781187,0.));
#5284 = ORIENTED_EDGE('',*,*,#5285,.T.);
#5285 = EDGE_CURVE('',#5278,#5286,#5288,.T.);
#5286 = VERTEX_POINT('',#5287);
#5287 = CARTESIAN_POINT('',(-1.27,-21.844,2.54));
#5288 = LINE('',#5289,#5290);
#5289 = CARTESIAN_POINT('',(-1.016,-21.59,2.54));
#5290 = VECTOR('',#5291,1.);
#5291 = DIRECTION('',(-0.707106781187,-0.707106781187,0.));
#5292 = ORIENTED_EDGE('',*,*,#5293,.T.);
#5293 = EDGE_CURVE('',#5286,#5294,#5296,.T.);
#5294 = VERTEX_POINT('',#5295);
#5295 = CARTESIAN_POINT('',(-1.27,-23.876,2.54));
#5296 = LINE('',#5297,#5298);
#5297 = CARTESIAN_POINT('',(-1.27,-21.844,2.54));
#5298 = VECTOR('',#5299,1.);
#5299 = DIRECTION('',(0.,-1.,0.));
#5300 = ORIENTED_EDGE('',*,*,#5301,.T.);
#5301 = EDGE_CURVE('',#5294,#5302,#5304,.T.);
#5302 = VERTEX_POINT('',#5303);
#5303 = CARTESIAN_POINT('',(-1.016,-24.13,2.54));
#5304 = LINE('',#5305,#5306);
#5305 = CARTESIAN_POINT('',(-1.27,-23.876,2.54));
#5306 = VECTOR('',#5307,1.);
#5307 = DIRECTION('',(0.707106781187,-0.707106781187,0.));
#5308 = ORIENTED_EDGE('',*,*,#5309,.T.);
#5309 = EDGE_CURVE('',#5302,#5310,#5312,.T.);
#5310 = VERTEX_POINT('',#5311);
#5311 = CARTESIAN_POINT('',(1.016,-24.13,2.54));
#5312 = LINE('',#5313,#5314);
#5313 = CARTESIAN_POINT('',(-1.016,-24.13,2.54));
#5314 = VECTOR('',#5315,1.);
#5315 = DIRECTION('',(1.,0.,0.));
#5316 = ORIENTED_EDGE('',*,*,#5317,.T.);
#5317 = EDGE_CURVE('',#5310,#5318,#5320,.T.);
#5318 = VERTEX_POINT('',#5319);
#5319 = CARTESIAN_POINT('',(1.27,-23.876,2.54));
#5320 = LINE('',#5321,#5322);
#5321 = CARTESIAN_POINT('',(1.016,-24.13,2.54));
#5322 = VECTOR('',#5323,1.);
#5323 = DIRECTION('',(0.707106781187,0.707106781187,0.));
#5324 = ORIENTED_EDGE('',*,*,#5325,.T.);
#5325 = EDGE_CURVE('',#5318,#5326,#5328,.T.);
#5326 = VERTEX_POINT('',#5327);
#5327 = CARTESIAN_POINT('',(1.27,-21.844,2.54));
#5328 = LINE('',#5329,#5330);
#5329 = CARTESIAN_POINT('',(1.27,-23.876,2.54));
#5330 = VECTOR('',#5331,1.);
#5331 = DIRECTION('',(0.,1.,0.));
#5332 = ORIENTED_EDGE('',*,*,#5333,.T.);
#5333 = EDGE_CURVE('',#5326,#5334,#5336,.T.);
#5334 = VERTEX_POINT('',#5335);
#5335 = CARTESIAN_POINT('',(1.016,-21.59,2.54));
#5336 = LINE('',#5337,#5338);
#5337 = CARTESIAN_POINT('',(1.27,-21.844,2.54));
#5338 = VECTOR('',#5339,1.);
#5339 = DIRECTION('',(-0.707106781187,0.707106781187,0.));
#5340 = ORIENTED_EDGE('',*,*,#5341,.T.);
#5341 = EDGE_CURVE('',#5334,#5342,#5344,.T.);
#5342 = VERTEX_POINT('',#5343);
#5343 = CARTESIAN_POINT('',(1.27,-21.336,2.54));
#5344 = LINE('',#5345,#5346);
#5345 = CARTESIAN_POINT('',(1.016,-21.59,2.54));
#5346 = VECTOR('',#5347,1.);
#5347 = DIRECTION('',(0.707106781187,0.707106781187,0.));
#5348 = ORIENTED_EDGE('',*,*,#5349,.T.);
#5349 = EDGE_CURVE('',#5342,#5350,#5352,.T.);
#5350 = VERTEX_POINT('',#5351);
#5351 = CARTESIAN_POINT('',(1.27,-19.304,2.54));
#5352 = LINE('',#5353,#5354);
#5353 = CARTESIAN_POINT('',(1.27,-21.336,2.54));
#5354 = VECTOR('',#5355,1.);
#5355 = DIRECTION('',(0.,1.,0.));
#5356 = ORIENTED_EDGE('',*,*,#5357,.T.);
#5357 = EDGE_CURVE('',#5350,#5358,#5360,.T.);
#5358 = VERTEX_POINT('',#5359);
#5359 = CARTESIAN_POINT('',(1.016,-19.05,2.54));
#5360 = LINE('',#5361,#5362);
#5361 = CARTESIAN_POINT('',(1.27,-19.304,2.54));
#5362 = VECTOR('',#5363,1.);
#5363 = DIRECTION('',(-0.707106781187,0.707106781187,0.));
#5364 = ORIENTED_EDGE('',*,*,#5365,.T.);
#5365 = EDGE_CURVE('',#5358,#5366,#5368,.T.);
#5366 = VERTEX_POINT('',#5367);
#5367 = CARTESIAN_POINT('',(1.27,-18.796,2.54));
#5368 = LINE('',#5369,#5370);
#5369 = CARTESIAN_POINT('',(1.016,-19.05,2.54));
#5370 = VECTOR('',#5371,1.);
#5371 = DIRECTION('',(0.707106781187,0.707106781187,0.));
#5372 = ORIENTED_EDGE('',*,*,#5373,.T.);
#5373 = EDGE_CURVE('',#5366,#5374,#5376,.T.);
#5374 = VERTEX_POINT('',#5375);
#5375 = CARTESIAN_POINT('',(1.27,-16.764,2.54));
#5376 = LINE('',#5377,#5378);
#5377 = CARTESIAN_POINT('',(1.27,-18.796,2.54));
#5378 = VECTOR('',#5379,1.);
#5379 = DIRECTION('',(0.,1.,0.));
#5380 = ORIENTED_EDGE('',*,*,#5381,.T.);
#5381 = EDGE_CURVE('',#5374,#5382,#5384,.T.);
#5382 = VERTEX_POINT('',#5383);
#5383 = CARTESIAN_POINT('',(1.016,-16.51,2.54));
#5384 = LINE('',#5385,#5386);
#5385 = CARTESIAN_POINT('',(1.27,-16.764,2.54));
#5386 = VECTOR('',#5387,1.);
#5387 = DIRECTION('',(-0.707106781187,0.707106781187,0.));
#5388 = ORIENTED_EDGE('',*,*,#5389,.T.);
#5389 = EDGE_CURVE('',#5382,#5390,#5392,.T.);
#5390 = VERTEX_POINT('',#5391);
#5391 = CARTESIAN_POINT('',(1.27,-16.256,2.54));
#5392 = LINE('',#5393,#5394);
#5393 = CARTESIAN_POINT('',(1.016,-16.51,2.54));
#5394 = VECTOR('',#5395,1.);
#5395 = DIRECTION('',(0.707106781187,0.707106781187,0.));
#5396 = ORIENTED_EDGE('',*,*,#5397,.T.);
#5397 = EDGE_CURVE('',#5390,#5398,#5400,.T.);
#5398 = VERTEX_POINT('',#5399);
#5399 = CARTESIAN_POINT('',(1.27,-14.224,2.54));
#5400 = LINE('',#5401,#5402);
#5401 = CARTESIAN_POINT('',(1.27,-16.256,2.54));
#5402 = VECTOR('',#5403,1.);
#5403 = DIRECTION('',(0.,1.,0.));
#5404 = ORIENTED_EDGE('',*,*,#5405,.T.);
#5405 = EDGE_CURVE('',#5398,#5406,#5408,.T.);
#5406 = VERTEX_POINT('',#5407);
#5407 = CARTESIAN_POINT('',(1.016,-13.97,2.54));
#5408 = LINE('',#5409,#5410);
#5409 = CARTESIAN_POINT('',(1.27,-14.224,2.54));
#5410 = VECTOR('',#5411,1.);
#5411 = DIRECTION('',(-0.707106781187,0.707106781187,0.));
#5412 = ORIENTED_EDGE('',*,*,#5413,.T.);
#5413 = EDGE_CURVE('',#5406,#5414,#5416,.T.);
#5414 = VERTEX_POINT('',#5415);
#5415 = CARTESIAN_POINT('',(1.27,-13.716,2.54));
#5416 = LINE('',#5417,#5418);
#5417 = CARTESIAN_POINT('',(1.016,-13.97,2.54));
#5418 = VECTOR('',#5419,1.);
#5419 = DIRECTION('',(0.707106781187,0.707106781187,0.));
#5420 = ORIENTED_EDGE('',*,*,#5421,.T.);
#5421 = EDGE_CURVE('',#5414,#5422,#5424,.T.);
#5422 = VERTEX_POINT('',#5423);
#5423 = CARTESIAN_POINT('',(1.27,-11.684,2.54));
#5424 = LINE('',#5425,#5426);
#5425 = CARTESIAN_POINT('',(1.27,-13.716,2.54));
#5426 = VECTOR('',#5427,1.);
#5427 = DIRECTION('',(0.,1.,0.));
#5428 = ORIENTED_EDGE('',*,*,#5429,.T.);
#5429 = EDGE_CURVE('',#5422,#5430,#5432,.T.);
#5430 = VERTEX_POINT('',#5431);
#5431 = CARTESIAN_POINT('',(1.016,-11.43,2.54));
#5432 = LINE('',#5433,#5434);
#5433 = CARTESIAN_POINT('',(1.27,-11.684,2.54));
#5434 = VECTOR('',#5435,1.);
#5435 = DIRECTION('',(-0.707106781187,0.707106781187,0.));
#5436 = ORIENTED_EDGE('',*,*,#5437,.T.);
#5437 = EDGE_CURVE('',#5430,#5438,#5440,.T.);
#5438 = VERTEX_POINT('',#5439);
#5439 = CARTESIAN_POINT('',(1.27,-11.176,2.54));
#5440 = LINE('',#5441,#5442);
#5441 = CARTESIAN_POINT('',(1.016,-11.43,2.54));
#5442 = VECTOR('',#5443,1.);
#5443 = DIRECTION('',(0.707106781187,0.707106781187,0.));
#5444 = ORIENTED_EDGE('',*,*,#5445,.T.);
#5445 = EDGE_CURVE('',#5438,#5446,#5448,.T.);
#5446 = VERTEX_POINT('',#5447);
#5447 = CARTESIAN_POINT('',(1.27,-9.144,2.54));
#5448 = LINE('',#5449,#5450);
#5449 = CARTESIAN_POINT('',(1.27,-11.176,2.54));
#5450 = VECTOR('',#5451,1.);
#5451 = DIRECTION('',(0.,1.,0.));
#5452 = ORIENTED_EDGE('',*,*,#5453,.T.);
#5453 = EDGE_CURVE('',#5446,#5454,#5456,.T.);
#5454 = VERTEX_POINT('',#5455);
#5455 = CARTESIAN_POINT('',(1.016,-8.89,2.54));
#5456 = LINE('',#5457,#5458);
#5457 = CARTESIAN_POINT('',(1.27,-9.144,2.54));
#5458 = VECTOR('',#5459,1.);
#5459 = DIRECTION('',(-0.707106781187,0.707106781187,0.));
#5460 = ORIENTED_EDGE('',*,*,#5461,.T.);
#5461 = EDGE_CURVE('',#5454,#5462,#5464,.T.);
#5462 = VERTEX_POINT('',#5463);
#5463 = CARTESIAN_POINT('',(1.27,-8.636,2.54));
#5464 = LINE('',#5465,#5466);
#5465 = CARTESIAN_POINT('',(1.016,-8.89,2.54));
#5466 = VECTOR('',#5467,1.);
#5467 = DIRECTION('',(0.707106781187,0.707106781187,0.));
#5468 = ORIENTED_EDGE('',*,*,#5469,.T.);
#5469 = EDGE_CURVE('',#5462,#5470,#5472,.T.);
#5470 = VERTEX_POINT('',#5471);
#5471 = CARTESIAN_POINT('',(1.27,-6.604,2.54));
#5472 = LINE('',#5473,#5474);
#5473 = CARTESIAN_POINT('',(1.27,-8.636,2.54));
#5474 = VECTOR('',#5475,1.);
#5475 = DIRECTION('',(0.,1.,0.));
#5476 = ORIENTED_EDGE('',*,*,#5477,.T.);
#5477 = EDGE_CURVE('',#5470,#5478,#5480,.T.);
#5478 = VERTEX_POINT('',#5479);
#5479 = CARTESIAN_POINT('',(1.016,-6.35,2.54));
#5480 = LINE('',#5481,#5482);
#5481 = CARTESIAN_POINT('',(1.27,-6.604,2.54));
#5482 = VECTOR('',#5483,1.);
#5483 = DIRECTION('',(-0.707106781187,0.707106781187,0.));
#5484 = ORIENTED_EDGE('',*,*,#5485,.T.);
#5485 = EDGE_CURVE('',#5478,#5486,#5488,.T.);
#5486 = VERTEX_POINT('',#5487);
#5487 = CARTESIAN_POINT('',(1.27,-6.096,2.54));
#5488 = LINE('',#5489,#5490);
#5489 = CARTESIAN_POINT('',(1.016,-6.35,2.54));
#5490 = VECTOR('',#5491,1.);
#5491 = DIRECTION('',(0.707106781187,0.707106781187,0.));
#5492 = ORIENTED_EDGE('',*,*,#5493,.T.);
#5493 = EDGE_CURVE('',#5486,#5494,#5496,.T.);
#5494 = VERTEX_POINT('',#5495);
#5495 = CARTESIAN_POINT('',(1.27,-4.064,2.54));
#5496 = LINE('',#5497,#5498);
#5497 = CARTESIAN_POINT('',(1.27,-6.096,2.54));
#5498 = VECTOR('',#5499,1.);
#5499 = DIRECTION('',(0.,1.,0.));
#5500 = ORIENTED_EDGE('',*,*,#5501,.T.);
#5501 = EDGE_CURVE('',#5494,#5502,#5504,.T.);
#5502 = VERTEX_POINT('',#5503);
#5503 = CARTESIAN_POINT('',(1.016,-3.81,2.54));
#5504 = LINE('',#5505,#5506);
#5505 = CARTESIAN_POINT('',(1.27,-4.064,2.54));
#5506 = VECTOR('',#5507,1.);
#5507 = DIRECTION('',(-0.707106781187,0.707106781187,0.));
#5508 = ORIENTED_EDGE('',*,*,#5509,.T.);
#5509 = EDGE_CURVE('',#5502,#5510,#5512,.T.);
#5510 = VERTEX_POINT('',#5511);
#5511 = CARTESIAN_POINT('',(1.27,-3.556,2.54));
#5512 = LINE('',#5513,#5514);
#5513 = CARTESIAN_POINT('',(1.016,-3.81,2.54));
#5514 = VECTOR('',#5515,1.);
#5515 = DIRECTION('',(0.707106781187,0.707106781187,0.));
#5516 = ORIENTED_EDGE('',*,*,#5517,.T.);
#5517 = EDGE_CURVE('',#5510,#5518,#5520,.T.);
#5518 = VERTEX_POINT('',#5519);
#5519 = CARTESIAN_POINT('',(1.27,-1.524,2.54));
#5520 = LINE('',#5521,#5522);
#5521 = CARTESIAN_POINT('',(1.27,-3.556,2.54));
#5522 = VECTOR('',#5523,1.);
#5523 = DIRECTION('',(0.,1.,0.));
#5524 = ORIENTED_EDGE('',*,*,#5525,.T.);
#5525 = EDGE_CURVE('',#5518,#5526,#5528,.T.);
#5526 = VERTEX_POINT('',#5527);
#5527 = CARTESIAN_POINT('',(1.016,-1.27,2.54));
#5528 = LINE('',#5529,#5530);
#5529 = CARTESIAN_POINT('',(1.27,-1.524,2.54));
#5530 = VECTOR('',#5531,1.);
#5531 = DIRECTION('',(-0.707106781187,0.707106781187,0.));
#5532 = ORIENTED_EDGE('',*,*,#5533,.T.);
#5533 = EDGE_CURVE('',#5526,#5534,#5536,.T.);
#5534 = VERTEX_POINT('',#5535);
#5535 = CARTESIAN_POINT('',(1.27,-1.016,2.54));
#5536 = LINE('',#5537,#5538);
#5537 = CARTESIAN_POINT('',(1.016,-1.27,2.54));
#5538 = VECTOR('',#5539,1.);
#5539 = DIRECTION('',(0.707106781187,0.707106781187,0.));
#5540 = ORIENTED_EDGE('',*,*,#5541,.T.);
#5541 = EDGE_CURVE('',#5534,#5542,#5544,.T.);
#5542 = VERTEX_POINT('',#5543);
#5543 = CARTESIAN_POINT('',(1.27,1.016,2.54));
#5544 = LINE('',#5545,#5546);
#5545 = CARTESIAN_POINT('',(1.27,-1.016,2.54));
#5546 = VECTOR('',#5547,1.);
#5547 = DIRECTION('',(0.,1.,0.));
#5548 = ORIENTED_EDGE('',*,*,#5549,.T.);
#5549 = EDGE_CURVE('',#5542,#4203,#5550,.T.);
#5550 = LINE('',#5551,#5552);
#5551 = CARTESIAN_POINT('',(1.27,1.016,2.54));
#5552 = VECTOR('',#5553,1.);
#5553 = DIRECTION('',(-0.707106781187,0.707106781187,0.));
#5554 = ORIENTED_EDGE('',*,*,#4210,.T.);
#5555 = FACE_BOUND('',#5556,.T.);
#5556 = EDGE_LOOP('',(#5557,#5567,#5575,#5583));
#5557 = ORIENTED_EDGE('',*,*,#5558,.F.);
#5558 = EDGE_CURVE('',#5559,#5561,#5563,.T.);
#5559 = VERTEX_POINT('',#5560);
#5560 = CARTESIAN_POINT('',(0.32,-13.02,2.54));
#5561 = VERTEX_POINT('',#5562);
#5562 = CARTESIAN_POINT('',(0.32,-12.38,2.54));
#5563 = LINE('',#5564,#5565);
#5564 = CARTESIAN_POINT('',(0.32,-12.225,2.54));
#5565 = VECTOR('',#5566,1.);
#5566 = DIRECTION('',(0.,1.,0.));
#5567 = ORIENTED_EDGE('',*,*,#5568,.T.);
#5568 = EDGE_CURVE('',#5559,#5569,#5571,.T.);
#5569 = VERTEX_POINT('',#5570);
#5570 = CARTESIAN_POINT('',(-0.32,-13.02,2.54));
#5571 = LINE('',#5572,#5573);
#5572 = CARTESIAN_POINT('',(-0.16,-13.02,2.54));
#5573 = VECTOR('',#5574,1.);
#5574 = DIRECTION('',(-1.,0.,0.));
#5575 = ORIENTED_EDGE('',*,*,#5576,.T.);
#5576 = EDGE_CURVE('',#5569,#5577,#5579,.T.);
#5577 = VERTEX_POINT('',#5578);
#5578 = CARTESIAN_POINT('',(-0.32,-12.38,2.54));
#5579 = LINE('',#5580,#5581);
#5580 = CARTESIAN_POINT('',(-0.32,-12.225,2.54));
#5581 = VECTOR('',#5582,1.);
#5582 = DIRECTION('',(0.,1.,0.));
#5583 = ORIENTED_EDGE('',*,*,#5584,.F.);
#5584 = EDGE_CURVE('',#5561,#5577,#5585,.T.);
#5585 = LINE('',#5586,#5587);
#5586 = CARTESIAN_POINT('',(-0.16,-12.38,2.54));
#5587 = VECTOR('',#5588,1.);
#5588 = DIRECTION('',(-1.,0.,0.));
#5589 = FACE_BOUND('',#5590,.T.);
#5590 = EDGE_LOOP('',(#5591,#5601,#5609,#5617));
#5591 = ORIENTED_EDGE('',*,*,#5592,.F.);
#5592 = EDGE_CURVE('',#5593,#5595,#5597,.T.);
#5593 = VERTEX_POINT('',#5594);
#5594 = CARTESIAN_POINT('',(0.32,-10.48,2.54));
#5595 = VERTEX_POINT('',#5596);
#5596 = CARTESIAN_POINT('',(0.32,-9.84,2.54));
#5597 = LINE('',#5598,#5599);
#5598 = CARTESIAN_POINT('',(0.32,-10.955,2.54));
#5599 = VECTOR('',#5600,1.);
#5600 = DIRECTION('',(0.,1.,0.));
#5601 = ORIENTED_EDGE('',*,*,#5602,.T.);
#5602 = EDGE_CURVE('',#5593,#5603,#5605,.T.);
#5603 = VERTEX_POINT('',#5604);
#5604 = CARTESIAN_POINT('',(-0.32,-10.48,2.54));
#5605 = LINE('',#5606,#5607);
#5606 = CARTESIAN_POINT('',(-0.16,-10.48,2.54));
#5607 = VECTOR('',#5608,1.);
#5608 = DIRECTION('',(-1.,0.,0.));
#5609 = ORIENTED_EDGE('',*,*,#5610,.T.);
#5610 = EDGE_CURVE('',#5603,#5611,#5613,.T.);
#5611 = VERTEX_POINT('',#5612);
#5612 = CARTESIAN_POINT('',(-0.32,-9.84,2.54));
#5613 = LINE('',#5614,#5615);
#5614 = CARTESIAN_POINT('',(-0.32,-10.955,2.54));
#5615 = VECTOR('',#5616,1.);
#5616 = DIRECTION('',(0.,1.,0.));
#5617 = ORIENTED_EDGE('',*,*,#5618,.F.);
#5618 = EDGE_CURVE('',#5595,#5611,#5619,.T.);
#5619 = LINE('',#5620,#5621);
#5620 = CARTESIAN_POINT('',(-0.16,-9.84,2.54));
#5621 = VECTOR('',#5622,1.);
#5622 = DIRECTION('',(-1.,0.,0.));
#5623 = FACE_BOUND('',#5624,.T.);
#5624 = EDGE_LOOP('',(#5625,#5635,#5643,#5651));
#5625 = ORIENTED_EDGE('',*,*,#5626,.F.);
#5626 = EDGE_CURVE('',#5627,#5629,#5631,.T.);
#5627 = VERTEX_POINT('',#5628);
#5628 = CARTESIAN_POINT('',(0.32,-7.94,2.54));
#5629 = VERTEX_POINT('',#5630);
#5630 = CARTESIAN_POINT('',(0.32,-7.3,2.54));
#5631 = LINE('',#5632,#5633);
#5632 = CARTESIAN_POINT('',(0.32,-9.685,2.54));
#5633 = VECTOR('',#5634,1.);
#5634 = DIRECTION('',(0.,1.,0.));
#5635 = ORIENTED_EDGE('',*,*,#5636,.T.);
#5636 = EDGE_CURVE('',#5627,#5637,#5639,.T.);
#5637 = VERTEX_POINT('',#5638);
#5638 = CARTESIAN_POINT('',(-0.32,-7.94,2.54));
#5639 = LINE('',#5640,#5641);
#5640 = CARTESIAN_POINT('',(-0.16,-7.94,2.54));
#5641 = VECTOR('',#5642,1.);
#5642 = DIRECTION('',(-1.,0.,0.));
#5643 = ORIENTED_EDGE('',*,*,#5644,.T.);
#5644 = EDGE_CURVE('',#5637,#5645,#5647,.T.);
#5645 = VERTEX_POINT('',#5646);
#5646 = CARTESIAN_POINT('',(-0.32,-7.3,2.54));
#5647 = LINE('',#5648,#5649);
#5648 = CARTESIAN_POINT('',(-0.32,-9.685,2.54));
#5649 = VECTOR('',#5650,1.);
#5650 = DIRECTION('',(0.,1.,0.));
#5651 = ORIENTED_EDGE('',*,*,#5652,.F.);
#5652 = EDGE_CURVE('',#5629,#5645,#5653,.T.);
#5653 = LINE('',#5654,#5655);
#5654 = CARTESIAN_POINT('',(-0.16,-7.3,2.54));
#5655 = VECTOR('',#5656,1.);
#5656 = DIRECTION('',(-1.,0.,0.));
#5657 = FACE_BOUND('',#5658,.T.);
#5658 = EDGE_LOOP('',(#5659,#5669,#5677,#5685));
#5659 = ORIENTED_EDGE('',*,*,#5660,.T.);
#5660 = EDGE_CURVE('',#5661,#5663,#5665,.T.);
#5661 = VERTEX_POINT('',#5662);
#5662 = CARTESIAN_POINT('',(0.32,-18.1,2.54));
#5663 = VERTEX_POINT('',#5664);
#5664 = CARTESIAN_POINT('',(-0.32,-18.1,2.54));
#5665 = LINE('',#5666,#5667);
#5666 = CARTESIAN_POINT('',(-0.16,-18.1,2.54));
#5667 = VECTOR('',#5668,1.);
#5668 = DIRECTION('',(-1.,0.,0.));
#5669 = ORIENTED_EDGE('',*,*,#5670,.T.);
#5670 = EDGE_CURVE('',#5663,#5671,#5673,.T.);
#5671 = VERTEX_POINT('',#5672);
#5672 = CARTESIAN_POINT('',(-0.32,-17.46,2.54));
#5673 = LINE('',#5674,#5675);
#5674 = CARTESIAN_POINT('',(-0.32,-14.765,2.54));
#5675 = VECTOR('',#5676,1.);
#5676 = DIRECTION('',(0.,1.,0.));
#5677 = ORIENTED_EDGE('',*,*,#5678,.F.);
#5678 = EDGE_CURVE('',#5679,#5671,#5681,.T.);
#5679 = VERTEX_POINT('',#5680);
#5680 = CARTESIAN_POINT('',(0.32,-17.46,2.54));
#5681 = LINE('',#5682,#5683);
#5682 = CARTESIAN_POINT('',(-0.16,-17.46,2.54));
#5683 = VECTOR('',#5684,1.);
#5684 = DIRECTION('',(-1.,0.,0.));
#5685 = ORIENTED_EDGE('',*,*,#5686,.F.);
#5686 = EDGE_CURVE('',#5661,#5679,#5687,.T.);
#5687 = LINE('',#5688,#5689);
#5688 = CARTESIAN_POINT('',(0.32,-14.765,2.54));
#5689 = VECTOR('',#5690,1.);
#5690 = DIRECTION('',(0.,1.,0.));
#5691 = FACE_BOUND('',#5692,.T.);
#5692 = EDGE_LOOP('',(#5693,#5703,#5711,#5719));
#5693 = ORIENTED_EDGE('',*,*,#5694,.F.);
#5694 = EDGE_CURVE('',#5695,#5697,#5699,.T.);
#5695 = VERTEX_POINT('',#5696);
#5696 = CARTESIAN_POINT('',(0.32,-15.56,2.54));
#5697 = VERTEX_POINT('',#5698);
#5698 = CARTESIAN_POINT('',(0.32,-14.92,2.54));
#5699 = LINE('',#5700,#5701);
#5700 = CARTESIAN_POINT('',(0.32,-13.495,2.54));
#5701 = VECTOR('',#5702,1.);
#5702 = DIRECTION('',(0.,1.,0.));
#5703 = ORIENTED_EDGE('',*,*,#5704,.T.);
#5704 = EDGE_CURVE('',#5695,#5705,#5707,.T.);
#5705 = VERTEX_POINT('',#5706);
#5706 = CARTESIAN_POINT('',(-0.32,-15.56,2.54));
#5707 = LINE('',#5708,#5709);
#5708 = CARTESIAN_POINT('',(-0.16,-15.56,2.54));
#5709 = VECTOR('',#5710,1.);
#5710 = DIRECTION('',(-1.,0.,0.));
#5711 = ORIENTED_EDGE('',*,*,#5712,.T.);
#5712 = EDGE_CURVE('',#5705,#5713,#5715,.T.);
#5713 = VERTEX_POINT('',#5714);
#5714 = CARTESIAN_POINT('',(-0.32,-14.92,2.54));
#5715 = LINE('',#5716,#5717);
#5716 = CARTESIAN_POINT('',(-0.32,-13.495,2.54));
#5717 = VECTOR('',#5718,1.);
#5718 = DIRECTION('',(0.,1.,0.));
#5719 = ORIENTED_EDGE('',*,*,#5720,.F.);
#5720 = EDGE_CURVE('',#5697,#5713,#5721,.T.);
#5721 = LINE('',#5722,#5723);
#5722 = CARTESIAN_POINT('',(-0.16,-14.92,2.54));
#5723 = VECTOR('',#5724,1.);
#5724 = DIRECTION('',(-1.,0.,0.));
#5725 = FACE_BOUND('',#5726,.T.);
#5726 = EDGE_LOOP('',(#5727,#5737,#5745,#5753));
#5727 = ORIENTED_EDGE('',*,*,#5728,.F.);
#5728 = EDGE_CURVE('',#5729,#5731,#5733,.T.);
#5729 = VERTEX_POINT('',#5730);
#5730 = CARTESIAN_POINT('',(0.32,-23.18,2.54));
#5731 = VERTEX_POINT('',#5732);
#5732 = CARTESIAN_POINT('',(0.32,-22.54,2.54));
#5733 = LINE('',#5734,#5735);
#5734 = CARTESIAN_POINT('',(0.32,-17.305,2.54));
#5735 = VECTOR('',#5736,1.);
#5736 = DIRECTION('',(0.,1.,0.));
#5737 = ORIENTED_EDGE('',*,*,#5738,.T.);
#5738 = EDGE_CURVE('',#5729,#5739,#5741,.T.);
#5739 = VERTEX_POINT('',#5740);
#5740 = CARTESIAN_POINT('',(-0.32,-23.18,2.54));
#5741 = LINE('',#5742,#5743);
#5742 = CARTESIAN_POINT('',(-0.16,-23.18,2.54));
#5743 = VECTOR('',#5744,1.);
#5744 = DIRECTION('',(-1.,0.,0.));
#5745 = ORIENTED_EDGE('',*,*,#5746,.T.);
#5746 = EDGE_CURVE('',#5739,#5747,#5749,.T.);
#5747 = VERTEX_POINT('',#5748);
#5748 = CARTESIAN_POINT('',(-0.32,-22.54,2.54));
#5749 = LINE('',#5750,#5751);
#5750 = CARTESIAN_POINT('',(-0.32,-17.305,2.54));
#5751 = VECTOR('',#5752,1.);
#5752 = DIRECTION('',(0.,1.,0.));
#5753 = ORIENTED_EDGE('',*,*,#5754,.F.);
#5754 = EDGE_CURVE('',#5731,#5747,#5755,.T.);
#5755 = LINE('',#5756,#5757);
#5756 = CARTESIAN_POINT('',(-0.16,-22.54,2.54));
#5757 = VECTOR('',#5758,1.);
#5758 = DIRECTION('',(-1.,0.,0.));
#5759 = FACE_BOUND('',#5760,.T.);
#5760 = EDGE_LOOP('',(#5761,#5771,#5779,#5787));
#5761 = ORIENTED_EDGE('',*,*,#5762,.T.);
#5762 = EDGE_CURVE('',#5763,#5765,#5767,.T.);
#5763 = VERTEX_POINT('',#5764);
#5764 = CARTESIAN_POINT('',(0.32,-20.64,2.54));
#5765 = VERTEX_POINT('',#5766);
#5766 = CARTESIAN_POINT('',(-0.32,-20.64,2.54));
#5767 = LINE('',#5768,#5769);
#5768 = CARTESIAN_POINT('',(-0.16,-20.64,2.54));
#5769 = VECTOR('',#5770,1.);
#5770 = DIRECTION('',(-1.,0.,0.));
#5771 = ORIENTED_EDGE('',*,*,#5772,.T.);
#5772 = EDGE_CURVE('',#5765,#5773,#5775,.T.);
#5773 = VERTEX_POINT('',#5774);
#5774 = CARTESIAN_POINT('',(-0.32,-20.,2.54));
#5775 = LINE('',#5776,#5777);
#5776 = CARTESIAN_POINT('',(-0.32,-16.035,2.54));
#5777 = VECTOR('',#5778,1.);
#5778 = DIRECTION('',(0.,1.,0.));
#5779 = ORIENTED_EDGE('',*,*,#5780,.F.);
#5780 = EDGE_CURVE('',#5781,#5773,#5783,.T.);
#5781 = VERTEX_POINT('',#5782);
#5782 = CARTESIAN_POINT('',(0.32,-20.,2.54));
#5783 = LINE('',#5784,#5785);
#5784 = CARTESIAN_POINT('',(-0.16,-20.,2.54));
#5785 = VECTOR('',#5786,1.);
#5786 = DIRECTION('',(-1.,0.,0.));
#5787 = ORIENTED_EDGE('',*,*,#5788,.F.);
#5788 = EDGE_CURVE('',#5763,#5781,#5789,.T.);
#5789 = LINE('',#5790,#5791);
#5790 = CARTESIAN_POINT('',(0.32,-16.035,2.54));
#5791 = VECTOR('',#5792,1.);
#5792 = DIRECTION('',(0.,1.,0.));
#5793 = FACE_BOUND('',#5794,.T.);
#5794 = EDGE_LOOP('',(#5795,#5805,#5813,#5821));
#5795 = ORIENTED_EDGE('',*,*,#5796,.T.);
#5796 = EDGE_CURVE('',#5797,#5799,#5801,.T.);
#5797 = VERTEX_POINT('',#5798);
#5798 = CARTESIAN_POINT('',(0.32,-0.32,2.54));
#5799 = VERTEX_POINT('',#5800);
#5800 = CARTESIAN_POINT('',(-0.32,-0.32,2.54));
#5801 = LINE('',#5802,#5803);
#5802 = CARTESIAN_POINT('',(-0.16,-0.32,2.54));
#5803 = VECTOR('',#5804,1.);
#5804 = DIRECTION('',(-1.,0.,0.));
#5805 = ORIENTED_EDGE('',*,*,#5806,.T.);
#5806 = EDGE_CURVE('',#5799,#5807,#5809,.T.);
#5807 = VERTEX_POINT('',#5808);
#5808 = CARTESIAN_POINT('',(-0.32,0.32,2.54));
#5809 = LINE('',#5810,#5811);
#5810 = CARTESIAN_POINT('',(-0.32,-5.875,2.54));
#5811 = VECTOR('',#5812,1.);
#5812 = DIRECTION('',(0.,1.,0.));
#5813 = ORIENTED_EDGE('',*,*,#5814,.F.);
#5814 = EDGE_CURVE('',#5815,#5807,#5817,.T.);
#5815 = VERTEX_POINT('',#5816);
#5816 = CARTESIAN_POINT('',(0.32,0.32,2.54));
#5817 = LINE('',#5818,#5819);
#5818 = CARTESIAN_POINT('',(-0.16,0.32,2.54));
#5819 = VECTOR('',#5820,1.);
#5820 = DIRECTION('',(-1.,0.,0.));
#5821 = ORIENTED_EDGE('',*,*,#5822,.F.);
#5822 = EDGE_CURVE('',#5797,#5815,#5823,.T.);
#5823 = LINE('',#5824,#5825);
#5824 = CARTESIAN_POINT('',(0.32,-5.875,2.54));
#5825 = VECTOR('',#5826,1.);
#5826 = DIRECTION('',(0.,1.,0.));
#5827 = FACE_BOUND('',#5828,.T.);
#5828 = EDGE_LOOP('',(#5829,#5839,#5847,#5855));
#5829 = ORIENTED_EDGE('',*,*,#5830,.F.);
#5830 = EDGE_CURVE('',#5831,#5833,#5835,.T.);
#5831 = VERTEX_POINT('',#5832);
#5832 = CARTESIAN_POINT('',(0.32,-2.86,2.54));
#5833 = VERTEX_POINT('',#5834);
#5834 = CARTESIAN_POINT('',(0.32,-2.22,2.54));
#5835 = LINE('',#5836,#5837);
#5836 = CARTESIAN_POINT('',(0.32,-7.145,2.54));
#5837 = VECTOR('',#5838,1.);
#5838 = DIRECTION('',(0.,1.,0.));
#5839 = ORIENTED_EDGE('',*,*,#5840,.T.);
#5840 = EDGE_CURVE('',#5831,#5841,#5843,.T.);
#5841 = VERTEX_POINT('',#5842);
#5842 = CARTESIAN_POINT('',(-0.32,-2.86,2.54));
#5843 = LINE('',#5844,#5845);
#5844 = CARTESIAN_POINT('',(-0.16,-2.86,2.54));
#5845 = VECTOR('',#5846,1.);
#5846 = DIRECTION('',(-1.,0.,0.));
#5847 = ORIENTED_EDGE('',*,*,#5848,.T.);
#5848 = EDGE_CURVE('',#5841,#5849,#5851,.T.);
#5849 = VERTEX_POINT('',#5850);
#5850 = CARTESIAN_POINT('',(-0.32,-2.22,2.54));
#5851 = LINE('',#5852,#5853);
#5852 = CARTESIAN_POINT('',(-0.32,-7.145,2.54));
#5853 = VECTOR('',#5854,1.);
#5854 = DIRECTION('',(0.,1.,0.));
#5855 = ORIENTED_EDGE('',*,*,#5856,.F.);
#5856 = EDGE_CURVE('',#5833,#5849,#5857,.T.);
#5857 = LINE('',#5858,#5859);
#5858 = CARTESIAN_POINT('',(-0.16,-2.22,2.54));
#5859 = VECTOR('',#5860,1.);
#5860 = DIRECTION('',(-1.,0.,0.));
#5861 = FACE_BOUND('',#5862,.T.);
#5862 = EDGE_LOOP('',(#5863,#5873,#5881,#5889));
#5863 = ORIENTED_EDGE('',*,*,#5864,.F.);
#5864 = EDGE_CURVE('',#5865,#5867,#5869,.T.);
#5865 = VERTEX_POINT('',#5866);
#5866 = CARTESIAN_POINT('',(0.32,-5.4,2.54));
#5867 = VERTEX_POINT('',#5868);
#5868 = CARTESIAN_POINT('',(0.32,-4.76,2.54));
#5869 = LINE('',#5870,#5871);
#5870 = CARTESIAN_POINT('',(0.32,-8.415,2.54));
#5871 = VECTOR('',#5872,1.);
#5872 = DIRECTION('',(0.,1.,0.));
#5873 = ORIENTED_EDGE('',*,*,#5874,.T.);
#5874 = EDGE_CURVE('',#5865,#5875,#5877,.T.);
#5875 = VERTEX_POINT('',#5876);
#5876 = CARTESIAN_POINT('',(-0.32,-5.4,2.54));
#5877 = LINE('',#5878,#5879);
#5878 = CARTESIAN_POINT('',(-0.16,-5.4,2.54));
#5879 = VECTOR('',#5880,1.);
#5880 = DIRECTION('',(-1.,0.,0.));
#5881 = ORIENTED_EDGE('',*,*,#5882,.T.);
#5882 = EDGE_CURVE('',#5875,#5883,#5885,.T.);
#5883 = VERTEX_POINT('',#5884);
#5884 = CARTESIAN_POINT('',(-0.32,-4.76,2.54));
#5885 = LINE('',#5886,#5887);
#5886 = CARTESIAN_POINT('',(-0.32,-8.415,2.54));
#5887 = VECTOR('',#5888,1.);
#5888 = DIRECTION('',(0.,1.,0.));
#5889 = ORIENTED_EDGE('',*,*,#5890,.F.);
#5890 = EDGE_CURVE('',#5867,#5883,#5891,.T.);
#5891 = LINE('',#5892,#5893);
#5892 = CARTESIAN_POINT('',(-0.16,-4.76,2.54));
#5893 = VECTOR('',#5894,1.);
#5894 = DIRECTION('',(-1.,0.,0.));
#5895 = PLANE('',#5896);
#5896 = AXIS2_PLACEMENT_3D('',#5897,#5898,#5899);
#5897 = CARTESIAN_POINT('',(-1.127656408637E-17,-11.43,2.54));
#5898 = DIRECTION('',(0.,0.,1.));
#5899 = DIRECTION('',(1.,0.,-0.));
#5900 = ADVANCED_FACE('',(#5901),#5912,.F.);
#5901 = FACE_BOUND('',#5902,.F.);
#5902 = EDGE_LOOP('',(#5903,#5909,#5910,#5911));
#5903 = ORIENTED_EDGE('',*,*,#5904,.T.);
#5904 = EDGE_CURVE('',#4721,#5542,#5905,.T.);
#5905 = LINE('',#5906,#5907);
#5906 = CARTESIAN_POINT('',(1.27,1.016,0.));
#5907 = VECTOR('',#5908,1.);
#5908 = DIRECTION('',(0.,0.,1.));
#5909 = ORIENTED_EDGE('',*,*,#5549,.T.);
#5910 = ORIENTED_EDGE('',*,*,#4200,.F.);
#5911 = ORIENTED_EDGE('',*,*,#4728,.F.);
#5912 = PLANE('',#5913);
#5913 = AXIS2_PLACEMENT_3D('',#5914,#5915,#5916);
#5914 = CARTESIAN_POINT('',(1.27,1.016,0.));
#5915 = DIRECTION('',(-0.707106781187,-0.707106781187,0.));
#5916 = DIRECTION('',(-0.707106781187,0.707106781187,0.));
#5917 = ADVANCED_FACE('',(#5918),#5929,.F.);
#5918 = FACE_BOUND('',#5919,.F.);
#5919 = EDGE_LOOP('',(#5920,#5921,#5922,#5928));
#5920 = ORIENTED_EDGE('',*,*,#4240,.T.);
#5921 = ORIENTED_EDGE('',*,*,#5085,.T.);
#5922 = ORIENTED_EDGE('',*,*,#5923,.F.);
#5923 = EDGE_CURVE('',#4265,#5086,#5924,.T.);
#5924 = LINE('',#5925,#5926);
#5925 = CARTESIAN_POINT('',(-1.016,-1.27,0.));
#5926 = VECTOR('',#5927,1.);
#5927 = DIRECTION('',(0.,0.,1.));
#5928 = ORIENTED_EDGE('',*,*,#4264,.F.);
#5929 = PLANE('',#5930);
#5930 = AXIS2_PLACEMENT_3D('',#5931,#5932,#5933);
#5931 = CARTESIAN_POINT('',(-1.27,-1.016,0.));
#5932 = DIRECTION('',(0.707106781187,0.707106781187,0.));
#5933 = DIRECTION('',(0.707106781187,-0.707106781187,0.));
#5934 = ADVANCED_FACE('',(#5935),#5946,.F.);
#5935 = FACE_BOUND('',#5936,.F.);
#5936 = EDGE_LOOP('',(#5937,#5943,#5944,#5945));
#5937 = ORIENTED_EDGE('',*,*,#5938,.T.);
#5938 = EDGE_CURVE('',#4713,#5534,#5939,.T.);
#5939 = LINE('',#5940,#5941);
#5940 = CARTESIAN_POINT('',(1.27,-1.016,0.));
#5941 = VECTOR('',#5942,1.);
#5942 = DIRECTION('',(0.,0.,1.));
#5943 = ORIENTED_EDGE('',*,*,#5541,.T.);
#5944 = ORIENTED_EDGE('',*,*,#5904,.F.);
#5945 = ORIENTED_EDGE('',*,*,#4720,.F.);
#5946 = PLANE('',#5947);
#5947 = AXIS2_PLACEMENT_3D('',#5948,#5949,#5950);
#5948 = CARTESIAN_POINT('',(1.27,-1.016,0.));
#5949 = DIRECTION('',(-1.,0.,0.));
#5950 = DIRECTION('',(0.,1.,0.));
#5951 = ADVANCED_FACE('',(#5952),#5963,.F.);
#5952 = FACE_BOUND('',#5953,.F.);
#5953 = EDGE_LOOP('',(#5954,#5955,#5956,#5962));
#5954 = ORIENTED_EDGE('',*,*,#5923,.T.);
#5955 = ORIENTED_EDGE('',*,*,#5093,.T.);
#5956 = ORIENTED_EDGE('',*,*,#5957,.F.);
#5957 = EDGE_CURVE('',#4273,#5094,#5958,.T.);
#5958 = LINE('',#5959,#5960);
#5959 = CARTESIAN_POINT('',(-1.27,-1.524,0.));
#5960 = VECTOR('',#5961,1.);
#5961 = DIRECTION('',(0.,0.,1.));
#5962 = ORIENTED_EDGE('',*,*,#4272,.F.);
#5963 = PLANE('',#5964);
#5964 = AXIS2_PLACEMENT_3D('',#5965,#5966,#5967);
#5965 = CARTESIAN_POINT('',(-1.016,-1.27,0.));
#5966 = DIRECTION('',(0.707106781187,-0.707106781187,0.));
#5967 = DIRECTION('',(-0.707106781187,-0.707106781187,0.));
#5968 = ADVANCED_FACE('',(#5969),#5980,.F.);
#5969 = FACE_BOUND('',#5970,.F.);
#5970 = EDGE_LOOP('',(#5971,#5977,#5978,#5979));
#5971 = ORIENTED_EDGE('',*,*,#5972,.T.);
#5972 = EDGE_CURVE('',#4705,#5526,#5973,.T.);
#5973 = LINE('',#5974,#5975);
#5974 = CARTESIAN_POINT('',(1.016,-1.27,0.));
#5975 = VECTOR('',#5976,1.);
#5976 = DIRECTION('',(0.,0.,1.));
#5977 = ORIENTED_EDGE('',*,*,#5533,.T.);
#5978 = ORIENTED_EDGE('',*,*,#5938,.F.);
#5979 = ORIENTED_EDGE('',*,*,#4712,.F.);
#5980 = PLANE('',#5981);
#5981 = AXIS2_PLACEMENT_3D('',#5982,#5983,#5984);
#5982 = CARTESIAN_POINT('',(1.016,-1.27,0.));
#5983 = DIRECTION('',(-0.707106781187,0.707106781187,0.));
#5984 = DIRECTION('',(0.707106781187,0.707106781187,0.));
#5985 = ADVANCED_FACE('',(#5986),#5997,.F.);
#5986 = FACE_BOUND('',#5987,.F.);
#5987 = EDGE_LOOP('',(#5988,#5989,#5990,#5996));
#5988 = ORIENTED_EDGE('',*,*,#5957,.T.);
#5989 = ORIENTED_EDGE('',*,*,#5101,.T.);
#5990 = ORIENTED_EDGE('',*,*,#5991,.F.);
#5991 = EDGE_CURVE('',#4281,#5102,#5992,.T.);
#5992 = LINE('',#5993,#5994);
#5993 = CARTESIAN_POINT('',(-1.27,-3.556,0.));
#5994 = VECTOR('',#5995,1.);
#5995 = DIRECTION('',(0.,0.,1.));
#5996 = ORIENTED_EDGE('',*,*,#4280,.F.);
#5997 = PLANE('',#5998);
#5998 = AXIS2_PLACEMENT_3D('',#5999,#6000,#6001);
#5999 = CARTESIAN_POINT('',(-1.27,-1.524,0.));
#6000 = DIRECTION('',(1.,0.,0.));
#6001 = DIRECTION('',(0.,-1.,0.));
#6002 = ADVANCED_FACE('',(#6003),#6014,.F.);
#6003 = FACE_BOUND('',#6004,.F.);
#6004 = EDGE_LOOP('',(#6005,#6011,#6012,#6013));
#6005 = ORIENTED_EDGE('',*,*,#6006,.T.);
#6006 = EDGE_CURVE('',#4697,#5518,#6007,.T.);
#6007 = LINE('',#6008,#6009);
#6008 = CARTESIAN_POINT('',(1.27,-1.524,0.));
#6009 = VECTOR('',#6010,1.);
#6010 = DIRECTION('',(0.,0.,1.));
#6011 = ORIENTED_EDGE('',*,*,#5525,.T.);
#6012 = ORIENTED_EDGE('',*,*,#5972,.F.);
#6013 = ORIENTED_EDGE('',*,*,#4704,.F.);
#6014 = PLANE('',#6015);
#6015 = AXIS2_PLACEMENT_3D('',#6016,#6017,#6018);
#6016 = CARTESIAN_POINT('',(1.27,-1.524,0.));
#6017 = DIRECTION('',(-0.707106781187,-0.707106781187,0.));
#6018 = DIRECTION('',(-0.707106781187,0.707106781187,0.));
#6019 = ADVANCED_FACE('',(#6020),#6031,.F.);
#6020 = FACE_BOUND('',#6021,.F.);
#6021 = EDGE_LOOP('',(#6022,#6023,#6024,#6030));
#6022 = ORIENTED_EDGE('',*,*,#5991,.T.);
#6023 = ORIENTED_EDGE('',*,*,#5109,.T.);
#6024 = ORIENTED_EDGE('',*,*,#6025,.F.);
#6025 = EDGE_CURVE('',#4289,#5110,#6026,.T.);
#6026 = LINE('',#6027,#6028);
#6027 = CARTESIAN_POINT('',(-1.016,-3.81,0.));
#6028 = VECTOR('',#6029,1.);
#6029 = DIRECTION('',(0.,0.,1.));
#6030 = ORIENTED_EDGE('',*,*,#4288,.F.);
#6031 = PLANE('',#6032);
#6032 = AXIS2_PLACEMENT_3D('',#6033,#6034,#6035);
#6033 = CARTESIAN_POINT('',(-1.27,-3.556,0.));
#6034 = DIRECTION('',(0.707106781187,0.707106781187,0.));
#6035 = DIRECTION('',(0.707106781187,-0.707106781187,0.));
#6036 = ADVANCED_FACE('',(#6037),#6048,.F.);
#6037 = FACE_BOUND('',#6038,.F.);
#6038 = EDGE_LOOP('',(#6039,#6045,#6046,#6047));
#6039 = ORIENTED_EDGE('',*,*,#6040,.T.);
#6040 = EDGE_CURVE('',#4689,#5510,#6041,.T.);
#6041 = LINE('',#6042,#6043);
#6042 = CARTESIAN_POINT('',(1.27,-3.556,0.));
#6043 = VECTOR('',#6044,1.);
#6044 = DIRECTION('',(0.,0.,1.));
#6045 = ORIENTED_EDGE('',*,*,#5517,.T.);
#6046 = ORIENTED_EDGE('',*,*,#6006,.F.);
#6047 = ORIENTED_EDGE('',*,*,#4696,.F.);
#6048 = PLANE('',#6049);
#6049 = AXIS2_PLACEMENT_3D('',#6050,#6051,#6052);
#6050 = CARTESIAN_POINT('',(1.27,-3.556,0.));
#6051 = DIRECTION('',(-1.,0.,0.));
#6052 = DIRECTION('',(0.,1.,0.));
#6053 = ADVANCED_FACE('',(#6054),#6065,.F.);
#6054 = FACE_BOUND('',#6055,.F.);
#6055 = EDGE_LOOP('',(#6056,#6057,#6058,#6064));
#6056 = ORIENTED_EDGE('',*,*,#6025,.T.);
#6057 = ORIENTED_EDGE('',*,*,#5117,.T.);
#6058 = ORIENTED_EDGE('',*,*,#6059,.F.);
#6059 = EDGE_CURVE('',#4297,#5118,#6060,.T.);
#6060 = LINE('',#6061,#6062);
#6061 = CARTESIAN_POINT('',(-1.27,-4.064,0.));
#6062 = VECTOR('',#6063,1.);
#6063 = DIRECTION('',(0.,0.,1.));
#6064 = ORIENTED_EDGE('',*,*,#4296,.F.);
#6065 = PLANE('',#6066);
#6066 = AXIS2_PLACEMENT_3D('',#6067,#6068,#6069);
#6067 = CARTESIAN_POINT('',(-1.016,-3.81,0.));
#6068 = DIRECTION('',(0.707106781187,-0.707106781187,0.));
#6069 = DIRECTION('',(-0.707106781187,-0.707106781187,0.));
#6070 = ADVANCED_FACE('',(#6071),#6082,.F.);
#6071 = FACE_BOUND('',#6072,.F.);
#6072 = EDGE_LOOP('',(#6073,#6079,#6080,#6081));
#6073 = ORIENTED_EDGE('',*,*,#6074,.T.);
#6074 = EDGE_CURVE('',#4681,#5502,#6075,.T.);
#6075 = LINE('',#6076,#6077);
#6076 = CARTESIAN_POINT('',(1.016,-3.81,0.));
#6077 = VECTOR('',#6078,1.);
#6078 = DIRECTION('',(0.,0.,1.));
#6079 = ORIENTED_EDGE('',*,*,#5509,.T.);
#6080 = ORIENTED_EDGE('',*,*,#6040,.F.);
#6081 = ORIENTED_EDGE('',*,*,#4688,.F.);
#6082 = PLANE('',#6083);
#6083 = AXIS2_PLACEMENT_3D('',#6084,#6085,#6086);
#6084 = CARTESIAN_POINT('',(1.016,-3.81,0.));
#6085 = DIRECTION('',(-0.707106781187,0.707106781187,0.));
#6086 = DIRECTION('',(0.707106781187,0.707106781187,0.));
#6087 = ADVANCED_FACE('',(#6088),#6099,.F.);
#6088 = FACE_BOUND('',#6089,.F.);
#6089 = EDGE_LOOP('',(#6090,#6091,#6092,#6098));
#6090 = ORIENTED_EDGE('',*,*,#6059,.T.);
#6091 = ORIENTED_EDGE('',*,*,#5125,.T.);
#6092 = ORIENTED_EDGE('',*,*,#6093,.F.);
#6093 = EDGE_CURVE('',#4305,#5126,#6094,.T.);
#6094 = LINE('',#6095,#6096);
#6095 = CARTESIAN_POINT('',(-1.27,-6.096,0.));
#6096 = VECTOR('',#6097,1.);
#6097 = DIRECTION('',(0.,0.,1.));
#6098 = ORIENTED_EDGE('',*,*,#4304,.F.);
#6099 = PLANE('',#6100);
#6100 = AXIS2_PLACEMENT_3D('',#6101,#6102,#6103);
#6101 = CARTESIAN_POINT('',(-1.27,-4.064,0.));
#6102 = DIRECTION('',(1.,0.,0.));
#6103 = DIRECTION('',(0.,-1.,0.));
#6104 = ADVANCED_FACE('',(#6105),#6116,.F.);
#6105 = FACE_BOUND('',#6106,.F.);
#6106 = EDGE_LOOP('',(#6107,#6113,#6114,#6115));
#6107 = ORIENTED_EDGE('',*,*,#6108,.T.);
#6108 = EDGE_CURVE('',#4673,#5494,#6109,.T.);
#6109 = LINE('',#6110,#6111);
#6110 = CARTESIAN_POINT('',(1.27,-4.064,0.));
#6111 = VECTOR('',#6112,1.);
#6112 = DIRECTION('',(0.,0.,1.));
#6113 = ORIENTED_EDGE('',*,*,#5501,.T.);
#6114 = ORIENTED_EDGE('',*,*,#6074,.F.);
#6115 = ORIENTED_EDGE('',*,*,#4680,.F.);
#6116 = PLANE('',#6117);
#6117 = AXIS2_PLACEMENT_3D('',#6118,#6119,#6120);
#6118 = CARTESIAN_POINT('',(1.27,-4.064,0.));
#6119 = DIRECTION('',(-0.707106781187,-0.707106781187,0.));
#6120 = DIRECTION('',(-0.707106781187,0.707106781187,0.));
#6121 = ADVANCED_FACE('',(#6122),#6133,.F.);
#6122 = FACE_BOUND('',#6123,.F.);
#6123 = EDGE_LOOP('',(#6124,#6125,#6126,#6132));
#6124 = ORIENTED_EDGE('',*,*,#6093,.T.);
#6125 = ORIENTED_EDGE('',*,*,#5133,.T.);
#6126 = ORIENTED_EDGE('',*,*,#6127,.F.);
#6127 = EDGE_CURVE('',#4313,#5134,#6128,.T.);
#6128 = LINE('',#6129,#6130);
#6129 = CARTESIAN_POINT('',(-1.016,-6.35,0.));
#6130 = VECTOR('',#6131,1.);
#6131 = DIRECTION('',(0.,0.,1.));
#6132 = ORIENTED_EDGE('',*,*,#4312,.F.);
#6133 = PLANE('',#6134);
#6134 = AXIS2_PLACEMENT_3D('',#6135,#6136,#6137);
#6135 = CARTESIAN_POINT('',(-1.27,-6.096,0.));
#6136 = DIRECTION('',(0.707106781187,0.707106781187,0.));
#6137 = DIRECTION('',(0.707106781187,-0.707106781187,0.));
#6138 = ADVANCED_FACE('',(#6139),#6150,.F.);
#6139 = FACE_BOUND('',#6140,.F.);
#6140 = EDGE_LOOP('',(#6141,#6147,#6148,#6149));
#6141 = ORIENTED_EDGE('',*,*,#6142,.T.);
#6142 = EDGE_CURVE('',#4665,#5486,#6143,.T.);
#6143 = LINE('',#6144,#6145);
#6144 = CARTESIAN_POINT('',(1.27,-6.096,0.));
#6145 = VECTOR('',#6146,1.);
#6146 = DIRECTION('',(0.,0.,1.));
#6147 = ORIENTED_EDGE('',*,*,#5493,.T.);
#6148 = ORIENTED_EDGE('',*,*,#6108,.F.);
#6149 = ORIENTED_EDGE('',*,*,#4672,.F.);
#6150 = PLANE('',#6151);
#6151 = AXIS2_PLACEMENT_3D('',#6152,#6153,#6154);
#6152 = CARTESIAN_POINT('',(1.27,-6.096,0.));
#6153 = DIRECTION('',(-1.,0.,0.));
#6154 = DIRECTION('',(0.,1.,0.));
#6155 = ADVANCED_FACE('',(#6156),#6167,.F.);
#6156 = FACE_BOUND('',#6157,.F.);
#6157 = EDGE_LOOP('',(#6158,#6159,#6160,#6166));
#6158 = ORIENTED_EDGE('',*,*,#6127,.T.);
#6159 = ORIENTED_EDGE('',*,*,#5141,.T.);
#6160 = ORIENTED_EDGE('',*,*,#6161,.F.);
#6161 = EDGE_CURVE('',#4321,#5142,#6162,.T.);
#6162 = LINE('',#6163,#6164);
#6163 = CARTESIAN_POINT('',(-1.27,-6.604,0.));
#6164 = VECTOR('',#6165,1.);
#6165 = DIRECTION('',(0.,0.,1.));
#6166 = ORIENTED_EDGE('',*,*,#4320,.F.);
#6167 = PLANE('',#6168);
#6168 = AXIS2_PLACEMENT_3D('',#6169,#6170,#6171);
#6169 = CARTESIAN_POINT('',(-1.016,-6.35,0.));
#6170 = DIRECTION('',(0.707106781187,-0.707106781187,0.));
#6171 = DIRECTION('',(-0.707106781187,-0.707106781187,0.));
#6172 = ADVANCED_FACE('',(#6173),#6184,.F.);
#6173 = FACE_BOUND('',#6174,.F.);
#6174 = EDGE_LOOP('',(#6175,#6181,#6182,#6183));
#6175 = ORIENTED_EDGE('',*,*,#6176,.T.);
#6176 = EDGE_CURVE('',#4657,#5478,#6177,.T.);
#6177 = LINE('',#6178,#6179);
#6178 = CARTESIAN_POINT('',(1.016,-6.35,0.));
#6179 = VECTOR('',#6180,1.);
#6180 = DIRECTION('',(0.,0.,1.));
#6181 = ORIENTED_EDGE('',*,*,#5485,.T.);
#6182 = ORIENTED_EDGE('',*,*,#6142,.F.);
#6183 = ORIENTED_EDGE('',*,*,#4664,.F.);
#6184 = PLANE('',#6185);
#6185 = AXIS2_PLACEMENT_3D('',#6186,#6187,#6188);
#6186 = CARTESIAN_POINT('',(1.016,-6.35,0.));
#6187 = DIRECTION('',(-0.707106781187,0.707106781187,0.));
#6188 = DIRECTION('',(0.707106781187,0.707106781187,0.));
#6189 = ADVANCED_FACE('',(#6190),#6201,.F.);
#6190 = FACE_BOUND('',#6191,.F.);
#6191 = EDGE_LOOP('',(#6192,#6193,#6194,#6200));
#6192 = ORIENTED_EDGE('',*,*,#6161,.T.);
#6193 = ORIENTED_EDGE('',*,*,#5149,.T.);
#6194 = ORIENTED_EDGE('',*,*,#6195,.F.);
#6195 = EDGE_CURVE('',#4329,#5150,#6196,.T.);
#6196 = LINE('',#6197,#6198);
#6197 = CARTESIAN_POINT('',(-1.27,-8.636,0.));
#6198 = VECTOR('',#6199,1.);
#6199 = DIRECTION('',(0.,0.,1.));
#6200 = ORIENTED_EDGE('',*,*,#4328,.F.);
#6201 = PLANE('',#6202);
#6202 = AXIS2_PLACEMENT_3D('',#6203,#6204,#6205);
#6203 = CARTESIAN_POINT('',(-1.27,-6.604,0.));
#6204 = DIRECTION('',(1.,0.,0.));
#6205 = DIRECTION('',(0.,-1.,0.));
#6206 = ADVANCED_FACE('',(#6207),#6218,.F.);
#6207 = FACE_BOUND('',#6208,.F.);
#6208 = EDGE_LOOP('',(#6209,#6215,#6216,#6217));
#6209 = ORIENTED_EDGE('',*,*,#6210,.T.);
#6210 = EDGE_CURVE('',#4649,#5470,#6211,.T.);
#6211 = LINE('',#6212,#6213);
#6212 = CARTESIAN_POINT('',(1.27,-6.604,0.));
#6213 = VECTOR('',#6214,1.);
#6214 = DIRECTION('',(0.,0.,1.));
#6215 = ORIENTED_EDGE('',*,*,#5477,.T.);
#6216 = ORIENTED_EDGE('',*,*,#6176,.F.);
#6217 = ORIENTED_EDGE('',*,*,#4656,.F.);
#6218 = PLANE('',#6219);
#6219 = AXIS2_PLACEMENT_3D('',#6220,#6221,#6222);
#6220 = CARTESIAN_POINT('',(1.27,-6.604,0.));
#6221 = DIRECTION('',(-0.707106781187,-0.707106781187,0.));
#6222 = DIRECTION('',(-0.707106781187,0.707106781187,0.));
#6223 = ADVANCED_FACE('',(#6224),#6235,.F.);
#6224 = FACE_BOUND('',#6225,.F.);
#6225 = EDGE_LOOP('',(#6226,#6227,#6228,#6234));
#6226 = ORIENTED_EDGE('',*,*,#6195,.T.);
#6227 = ORIENTED_EDGE('',*,*,#5157,.T.);
#6228 = ORIENTED_EDGE('',*,*,#6229,.F.);
#6229 = EDGE_CURVE('',#4337,#5158,#6230,.T.);
#6230 = LINE('',#6231,#6232);
#6231 = CARTESIAN_POINT('',(-1.016,-8.89,0.));
#6232 = VECTOR('',#6233,1.);
#6233 = DIRECTION('',(0.,0.,1.));
#6234 = ORIENTED_EDGE('',*,*,#4336,.F.);
#6235 = PLANE('',#6236);
#6236 = AXIS2_PLACEMENT_3D('',#6237,#6238,#6239);
#6237 = CARTESIAN_POINT('',(-1.27,-8.636,0.));
#6238 = DIRECTION('',(0.707106781187,0.707106781187,0.));
#6239 = DIRECTION('',(0.707106781187,-0.707106781187,0.));
#6240 = ADVANCED_FACE('',(#6241),#6252,.F.);
#6241 = FACE_BOUND('',#6242,.F.);
#6242 = EDGE_LOOP('',(#6243,#6249,#6250,#6251));
#6243 = ORIENTED_EDGE('',*,*,#6244,.T.);
#6244 = EDGE_CURVE('',#4641,#5462,#6245,.T.);
#6245 = LINE('',#6246,#6247);
#6246 = CARTESIAN_POINT('',(1.27,-8.636,0.));
#6247 = VECTOR('',#6248,1.);
#6248 = DIRECTION('',(0.,0.,1.));
#6249 = ORIENTED_EDGE('',*,*,#5469,.T.);
#6250 = ORIENTED_EDGE('',*,*,#6210,.F.);
#6251 = ORIENTED_EDGE('',*,*,#4648,.F.);
#6252 = PLANE('',#6253);
#6253 = AXIS2_PLACEMENT_3D('',#6254,#6255,#6256);
#6254 = CARTESIAN_POINT('',(1.27,-8.636,0.));
#6255 = DIRECTION('',(-1.,0.,0.));
#6256 = DIRECTION('',(0.,1.,0.));
#6257 = ADVANCED_FACE('',(#6258),#6269,.F.);
#6258 = FACE_BOUND('',#6259,.F.);
#6259 = EDGE_LOOP('',(#6260,#6261,#6262,#6268));
#6260 = ORIENTED_EDGE('',*,*,#6229,.T.);
#6261 = ORIENTED_EDGE('',*,*,#5165,.T.);
#6262 = ORIENTED_EDGE('',*,*,#6263,.F.);
#6263 = EDGE_CURVE('',#4345,#5166,#6264,.T.);
#6264 = LINE('',#6265,#6266);
#6265 = CARTESIAN_POINT('',(-1.27,-9.144,0.));
#6266 = VECTOR('',#6267,1.);
#6267 = DIRECTION('',(0.,0.,1.));
#6268 = ORIENTED_EDGE('',*,*,#4344,.F.);
#6269 = PLANE('',#6270);
#6270 = AXIS2_PLACEMENT_3D('',#6271,#6272,#6273);
#6271 = CARTESIAN_POINT('',(-1.016,-8.89,0.));
#6272 = DIRECTION('',(0.707106781187,-0.707106781187,0.));
#6273 = DIRECTION('',(-0.707106781187,-0.707106781187,0.));
#6274 = ADVANCED_FACE('',(#6275),#6286,.F.);
#6275 = FACE_BOUND('',#6276,.F.);
#6276 = EDGE_LOOP('',(#6277,#6283,#6284,#6285));
#6277 = ORIENTED_EDGE('',*,*,#6278,.T.);
#6278 = EDGE_CURVE('',#4633,#5454,#6279,.T.);
#6279 = LINE('',#6280,#6281);
#6280 = CARTESIAN_POINT('',(1.016,-8.89,0.));
#6281 = VECTOR('',#6282,1.);
#6282 = DIRECTION('',(0.,0.,1.));
#6283 = ORIENTED_EDGE('',*,*,#5461,.T.);
#6284 = ORIENTED_EDGE('',*,*,#6244,.F.);
#6285 = ORIENTED_EDGE('',*,*,#4640,.F.);
#6286 = PLANE('',#6287);
#6287 = AXIS2_PLACEMENT_3D('',#6288,#6289,#6290);
#6288 = CARTESIAN_POINT('',(1.016,-8.89,0.));
#6289 = DIRECTION('',(-0.707106781187,0.707106781187,0.));
#6290 = DIRECTION('',(0.707106781187,0.707106781187,0.));
#6291 = ADVANCED_FACE('',(#6292),#6303,.F.);
#6292 = FACE_BOUND('',#6293,.F.);
#6293 = EDGE_LOOP('',(#6294,#6295,#6296,#6302));
#6294 = ORIENTED_EDGE('',*,*,#6263,.T.);
#6295 = ORIENTED_EDGE('',*,*,#5173,.T.);
#6296 = ORIENTED_EDGE('',*,*,#6297,.F.);
#6297 = EDGE_CURVE('',#4353,#5174,#6298,.T.);
#6298 = LINE('',#6299,#6300);
#6299 = CARTESIAN_POINT('',(-1.27,-11.176,0.));
#6300 = VECTOR('',#6301,1.);
#6301 = DIRECTION('',(0.,0.,1.));
#6302 = ORIENTED_EDGE('',*,*,#4352,.F.);
#6303 = PLANE('',#6304);
#6304 = AXIS2_PLACEMENT_3D('',#6305,#6306,#6307);
#6305 = CARTESIAN_POINT('',(-1.27,-9.144,0.));
#6306 = DIRECTION('',(1.,0.,0.));
#6307 = DIRECTION('',(0.,-1.,0.));
#6308 = ADVANCED_FACE('',(#6309),#6320,.F.);
#6309 = FACE_BOUND('',#6310,.F.);
#6310 = EDGE_LOOP('',(#6311,#6317,#6318,#6319));
#6311 = ORIENTED_EDGE('',*,*,#6312,.T.);
#6312 = EDGE_CURVE('',#4625,#5446,#6313,.T.);
#6313 = LINE('',#6314,#6315);
#6314 = CARTESIAN_POINT('',(1.27,-9.144,0.));
#6315 = VECTOR('',#6316,1.);
#6316 = DIRECTION('',(0.,0.,1.));
#6317 = ORIENTED_EDGE('',*,*,#5453,.T.);
#6318 = ORIENTED_EDGE('',*,*,#6278,.F.);
#6319 = ORIENTED_EDGE('',*,*,#4632,.F.);
#6320 = PLANE('',#6321);
#6321 = AXIS2_PLACEMENT_3D('',#6322,#6323,#6324);
#6322 = CARTESIAN_POINT('',(1.27,-9.144,0.));
#6323 = DIRECTION('',(-0.707106781187,-0.707106781187,0.));
#6324 = DIRECTION('',(-0.707106781187,0.707106781187,0.));
#6325 = ADVANCED_FACE('',(#6326),#6337,.F.);
#6326 = FACE_BOUND('',#6327,.F.);
#6327 = EDGE_LOOP('',(#6328,#6329,#6330,#6336));
#6328 = ORIENTED_EDGE('',*,*,#6297,.T.);
#6329 = ORIENTED_EDGE('',*,*,#5181,.T.);
#6330 = ORIENTED_EDGE('',*,*,#6331,.F.);
#6331 = EDGE_CURVE('',#4361,#5182,#6332,.T.);
#6332 = LINE('',#6333,#6334);
#6333 = CARTESIAN_POINT('',(-1.016,-11.43,0.));
#6334 = VECTOR('',#6335,1.);
#6335 = DIRECTION('',(0.,0.,1.));
#6336 = ORIENTED_EDGE('',*,*,#4360,.F.);
#6337 = PLANE('',#6338);
#6338 = AXIS2_PLACEMENT_3D('',#6339,#6340,#6341);
#6339 = CARTESIAN_POINT('',(-1.27,-11.176,0.));
#6340 = DIRECTION('',(0.707106781187,0.707106781187,0.));
#6341 = DIRECTION('',(0.707106781187,-0.707106781187,0.));
#6342 = ADVANCED_FACE('',(#6343),#6354,.F.);
#6343 = FACE_BOUND('',#6344,.F.);
#6344 = EDGE_LOOP('',(#6345,#6351,#6352,#6353));
#6345 = ORIENTED_EDGE('',*,*,#6346,.T.);
#6346 = EDGE_CURVE('',#4617,#5438,#6347,.T.);
#6347 = LINE('',#6348,#6349);
#6348 = CARTESIAN_POINT('',(1.27,-11.176,0.));
#6349 = VECTOR('',#6350,1.);
#6350 = DIRECTION('',(0.,0.,1.));
#6351 = ORIENTED_EDGE('',*,*,#5445,.T.);
#6352 = ORIENTED_EDGE('',*,*,#6312,.F.);
#6353 = ORIENTED_EDGE('',*,*,#4624,.F.);
#6354 = PLANE('',#6355);
#6355 = AXIS2_PLACEMENT_3D('',#6356,#6357,#6358);
#6356 = CARTESIAN_POINT('',(1.27,-11.176,0.));
#6357 = DIRECTION('',(-1.,0.,0.));
#6358 = DIRECTION('',(0.,1.,0.));
#6359 = ADVANCED_FACE('',(#6360),#6371,.F.);
#6360 = FACE_BOUND('',#6361,.F.);
#6361 = EDGE_LOOP('',(#6362,#6363,#6364,#6370));
#6362 = ORIENTED_EDGE('',*,*,#6331,.T.);
#6363 = ORIENTED_EDGE('',*,*,#5189,.T.);
#6364 = ORIENTED_EDGE('',*,*,#6365,.F.);
#6365 = EDGE_CURVE('',#4369,#5190,#6366,.T.);
#6366 = LINE('',#6367,#6368);
#6367 = CARTESIAN_POINT('',(-1.27,-11.684,0.));
#6368 = VECTOR('',#6369,1.);
#6369 = DIRECTION('',(0.,0.,1.));
#6370 = ORIENTED_EDGE('',*,*,#4368,.F.);
#6371 = PLANE('',#6372);
#6372 = AXIS2_PLACEMENT_3D('',#6373,#6374,#6375);
#6373 = CARTESIAN_POINT('',(-1.016,-11.43,0.));
#6374 = DIRECTION('',(0.707106781187,-0.707106781187,0.));
#6375 = DIRECTION('',(-0.707106781187,-0.707106781187,0.));
#6376 = ADVANCED_FACE('',(#6377),#6388,.F.);
#6377 = FACE_BOUND('',#6378,.F.);
#6378 = EDGE_LOOP('',(#6379,#6385,#6386,#6387));
#6379 = ORIENTED_EDGE('',*,*,#6380,.T.);
#6380 = EDGE_CURVE('',#4609,#5430,#6381,.T.);
#6381 = LINE('',#6382,#6383);
#6382 = CARTESIAN_POINT('',(1.016,-11.43,0.));
#6383 = VECTOR('',#6384,1.);
#6384 = DIRECTION('',(0.,0.,1.));
#6385 = ORIENTED_EDGE('',*,*,#5437,.T.);
#6386 = ORIENTED_EDGE('',*,*,#6346,.F.);
#6387 = ORIENTED_EDGE('',*,*,#4616,.F.);
#6388 = PLANE('',#6389);
#6389 = AXIS2_PLACEMENT_3D('',#6390,#6391,#6392);
#6390 = CARTESIAN_POINT('',(1.016,-11.43,0.));
#6391 = DIRECTION('',(-0.707106781187,0.707106781187,0.));
#6392 = DIRECTION('',(0.707106781187,0.707106781187,0.));
#6393 = ADVANCED_FACE('',(#6394),#6405,.F.);
#6394 = FACE_BOUND('',#6395,.F.);
#6395 = EDGE_LOOP('',(#6396,#6397,#6398,#6404));
#6396 = ORIENTED_EDGE('',*,*,#6365,.T.);
#6397 = ORIENTED_EDGE('',*,*,#5197,.T.);
#6398 = ORIENTED_EDGE('',*,*,#6399,.F.);
#6399 = EDGE_CURVE('',#4377,#5198,#6400,.T.);
#6400 = LINE('',#6401,#6402);
#6401 = CARTESIAN_POINT('',(-1.27,-13.716,0.));
#6402 = VECTOR('',#6403,1.);
#6403 = DIRECTION('',(0.,0.,1.));
#6404 = ORIENTED_EDGE('',*,*,#4376,.F.);
#6405 = PLANE('',#6406);
#6406 = AXIS2_PLACEMENT_3D('',#6407,#6408,#6409);
#6407 = CARTESIAN_POINT('',(-1.27,-11.684,0.));
#6408 = DIRECTION('',(1.,0.,0.));
#6409 = DIRECTION('',(0.,-1.,0.));
#6410 = ADVANCED_FACE('',(#6411),#6422,.F.);
#6411 = FACE_BOUND('',#6412,.F.);
#6412 = EDGE_LOOP('',(#6413,#6419,#6420,#6421));
#6413 = ORIENTED_EDGE('',*,*,#6414,.T.);
#6414 = EDGE_CURVE('',#4601,#5422,#6415,.T.);
#6415 = LINE('',#6416,#6417);
#6416 = CARTESIAN_POINT('',(1.27,-11.684,0.));
#6417 = VECTOR('',#6418,1.);
#6418 = DIRECTION('',(0.,0.,1.));
#6419 = ORIENTED_EDGE('',*,*,#5429,.T.);
#6420 = ORIENTED_EDGE('',*,*,#6380,.F.);
#6421 = ORIENTED_EDGE('',*,*,#4608,.F.);
#6422 = PLANE('',#6423);
#6423 = AXIS2_PLACEMENT_3D('',#6424,#6425,#6426);
#6424 = CARTESIAN_POINT('',(1.27,-11.684,0.));
#6425 = DIRECTION('',(-0.707106781187,-0.707106781187,0.));
#6426 = DIRECTION('',(-0.707106781187,0.707106781187,0.));
#6427 = ADVANCED_FACE('',(#6428),#6439,.F.);
#6428 = FACE_BOUND('',#6429,.F.);
#6429 = EDGE_LOOP('',(#6430,#6431,#6432,#6438));
#6430 = ORIENTED_EDGE('',*,*,#6399,.T.);
#6431 = ORIENTED_EDGE('',*,*,#5205,.T.);
#6432 = ORIENTED_EDGE('',*,*,#6433,.F.);
#6433 = EDGE_CURVE('',#4385,#5206,#6434,.T.);
#6434 = LINE('',#6435,#6436);
#6435 = CARTESIAN_POINT('',(-1.016,-13.97,0.));
#6436 = VECTOR('',#6437,1.);
#6437 = DIRECTION('',(0.,0.,1.));
#6438 = ORIENTED_EDGE('',*,*,#4384,.F.);
#6439 = PLANE('',#6440);
#6440 = AXIS2_PLACEMENT_3D('',#6441,#6442,#6443);
#6441 = CARTESIAN_POINT('',(-1.27,-13.716,0.));
#6442 = DIRECTION('',(0.707106781187,0.707106781187,0.));
#6443 = DIRECTION('',(0.707106781187,-0.707106781187,0.));
#6444 = ADVANCED_FACE('',(#6445),#6456,.F.);
#6445 = FACE_BOUND('',#6446,.F.);
#6446 = EDGE_LOOP('',(#6447,#6453,#6454,#6455));
#6447 = ORIENTED_EDGE('',*,*,#6448,.T.);
#6448 = EDGE_CURVE('',#4593,#5414,#6449,.T.);
#6449 = LINE('',#6450,#6451);
#6450 = CARTESIAN_POINT('',(1.27,-13.716,0.));
#6451 = VECTOR('',#6452,1.);
#6452 = DIRECTION('',(0.,0.,1.));
#6453 = ORIENTED_EDGE('',*,*,#5421,.T.);
#6454 = ORIENTED_EDGE('',*,*,#6414,.F.);
#6455 = ORIENTED_EDGE('',*,*,#4600,.F.);
#6456 = PLANE('',#6457);
#6457 = AXIS2_PLACEMENT_3D('',#6458,#6459,#6460);
#6458 = CARTESIAN_POINT('',(1.27,-13.716,0.));
#6459 = DIRECTION('',(-1.,0.,0.));
#6460 = DIRECTION('',(0.,1.,0.));
#6461 = ADVANCED_FACE('',(#6462),#6473,.F.);
#6462 = FACE_BOUND('',#6463,.F.);
#6463 = EDGE_LOOP('',(#6464,#6465,#6466,#6472));
#6464 = ORIENTED_EDGE('',*,*,#6433,.T.);
#6465 = ORIENTED_EDGE('',*,*,#5213,.T.);
#6466 = ORIENTED_EDGE('',*,*,#6467,.F.);
#6467 = EDGE_CURVE('',#4393,#5214,#6468,.T.);
#6468 = LINE('',#6469,#6470);
#6469 = CARTESIAN_POINT('',(-1.27,-14.224,0.));
#6470 = VECTOR('',#6471,1.);
#6471 = DIRECTION('',(0.,0.,1.));
#6472 = ORIENTED_EDGE('',*,*,#4392,.F.);
#6473 = PLANE('',#6474);
#6474 = AXIS2_PLACEMENT_3D('',#6475,#6476,#6477);
#6475 = CARTESIAN_POINT('',(-1.016,-13.97,0.));
#6476 = DIRECTION('',(0.707106781187,-0.707106781187,0.));
#6477 = DIRECTION('',(-0.707106781187,-0.707106781187,0.));
#6478 = ADVANCED_FACE('',(#6479),#6490,.F.);
#6479 = FACE_BOUND('',#6480,.F.);
#6480 = EDGE_LOOP('',(#6481,#6487,#6488,#6489));
#6481 = ORIENTED_EDGE('',*,*,#6482,.T.);
#6482 = EDGE_CURVE('',#4585,#5406,#6483,.T.);
#6483 = LINE('',#6484,#6485);
#6484 = CARTESIAN_POINT('',(1.016,-13.97,0.));
#6485 = VECTOR('',#6486,1.);
#6486 = DIRECTION('',(0.,0.,1.));
#6487 = ORIENTED_EDGE('',*,*,#5413,.T.);
#6488 = ORIENTED_EDGE('',*,*,#6448,.F.);
#6489 = ORIENTED_EDGE('',*,*,#4592,.F.);
#6490 = PLANE('',#6491);
#6491 = AXIS2_PLACEMENT_3D('',#6492,#6493,#6494);
#6492 = CARTESIAN_POINT('',(1.016,-13.97,0.));
#6493 = DIRECTION('',(-0.707106781187,0.707106781187,0.));
#6494 = DIRECTION('',(0.707106781187,0.707106781187,0.));
#6495 = ADVANCED_FACE('',(#6496),#6507,.F.);
#6496 = FACE_BOUND('',#6497,.F.);
#6497 = EDGE_LOOP('',(#6498,#6499,#6500,#6506));
#6498 = ORIENTED_EDGE('',*,*,#6467,.T.);
#6499 = ORIENTED_EDGE('',*,*,#5221,.T.);
#6500 = ORIENTED_EDGE('',*,*,#6501,.F.);
#6501 = EDGE_CURVE('',#4401,#5222,#6502,.T.);
#6502 = LINE('',#6503,#6504);
#6503 = CARTESIAN_POINT('',(-1.27,-16.256,0.));
#6504 = VECTOR('',#6505,1.);
#6505 = DIRECTION('',(0.,0.,1.));
#6506 = ORIENTED_EDGE('',*,*,#4400,.F.);
#6507 = PLANE('',#6508);
#6508 = AXIS2_PLACEMENT_3D('',#6509,#6510,#6511);
#6509 = CARTESIAN_POINT('',(-1.27,-14.224,0.));
#6510 = DIRECTION('',(1.,0.,0.));
#6511 = DIRECTION('',(0.,-1.,0.));
#6512 = ADVANCED_FACE('',(#6513),#6524,.F.);
#6513 = FACE_BOUND('',#6514,.F.);
#6514 = EDGE_LOOP('',(#6515,#6521,#6522,#6523));
#6515 = ORIENTED_EDGE('',*,*,#6516,.T.);
#6516 = EDGE_CURVE('',#4577,#5398,#6517,.T.);
#6517 = LINE('',#6518,#6519);
#6518 = CARTESIAN_POINT('',(1.27,-14.224,0.));
#6519 = VECTOR('',#6520,1.);
#6520 = DIRECTION('',(0.,0.,1.));
#6521 = ORIENTED_EDGE('',*,*,#5405,.T.);
#6522 = ORIENTED_EDGE('',*,*,#6482,.F.);
#6523 = ORIENTED_EDGE('',*,*,#4584,.F.);
#6524 = PLANE('',#6525);
#6525 = AXIS2_PLACEMENT_3D('',#6526,#6527,#6528);
#6526 = CARTESIAN_POINT('',(1.27,-14.224,0.));
#6527 = DIRECTION('',(-0.707106781187,-0.707106781187,0.));
#6528 = DIRECTION('',(-0.707106781187,0.707106781187,0.));
#6529 = ADVANCED_FACE('',(#6530),#6541,.F.);
#6530 = FACE_BOUND('',#6531,.F.);
#6531 = EDGE_LOOP('',(#6532,#6533,#6534,#6540));
#6532 = ORIENTED_EDGE('',*,*,#6501,.T.);
#6533 = ORIENTED_EDGE('',*,*,#5229,.T.);
#6534 = ORIENTED_EDGE('',*,*,#6535,.F.);
#6535 = EDGE_CURVE('',#4409,#5230,#6536,.T.);
#6536 = LINE('',#6537,#6538);
#6537 = CARTESIAN_POINT('',(-1.016,-16.51,0.));
#6538 = VECTOR('',#6539,1.);
#6539 = DIRECTION('',(0.,0.,1.));
#6540 = ORIENTED_EDGE('',*,*,#4408,.F.);
#6541 = PLANE('',#6542);
#6542 = AXIS2_PLACEMENT_3D('',#6543,#6544,#6545);
#6543 = CARTESIAN_POINT('',(-1.27,-16.256,0.));
#6544 = DIRECTION('',(0.707106781187,0.707106781187,0.));
#6545 = DIRECTION('',(0.707106781187,-0.707106781187,0.));
#6546 = ADVANCED_FACE('',(#6547),#6558,.F.);
#6547 = FACE_BOUND('',#6548,.F.);
#6548 = EDGE_LOOP('',(#6549,#6555,#6556,#6557));
#6549 = ORIENTED_EDGE('',*,*,#6550,.T.);
#6550 = EDGE_CURVE('',#4569,#5390,#6551,.T.);
#6551 = LINE('',#6552,#6553);
#6552 = CARTESIAN_POINT('',(1.27,-16.256,0.));
#6553 = VECTOR('',#6554,1.);
#6554 = DIRECTION('',(0.,0.,1.));
#6555 = ORIENTED_EDGE('',*,*,#5397,.T.);
#6556 = ORIENTED_EDGE('',*,*,#6516,.F.);
#6557 = ORIENTED_EDGE('',*,*,#4576,.F.);
#6558 = PLANE('',#6559);
#6559 = AXIS2_PLACEMENT_3D('',#6560,#6561,#6562);
#6560 = CARTESIAN_POINT('',(1.27,-16.256,0.));
#6561 = DIRECTION('',(-1.,0.,0.));
#6562 = DIRECTION('',(0.,1.,0.));
#6563 = ADVANCED_FACE('',(#6564),#6575,.F.);
#6564 = FACE_BOUND('',#6565,.F.);
#6565 = EDGE_LOOP('',(#6566,#6567,#6568,#6574));
#6566 = ORIENTED_EDGE('',*,*,#6535,.T.);
#6567 = ORIENTED_EDGE('',*,*,#5237,.T.);
#6568 = ORIENTED_EDGE('',*,*,#6569,.F.);
#6569 = EDGE_CURVE('',#4417,#5238,#6570,.T.);
#6570 = LINE('',#6571,#6572);
#6571 = CARTESIAN_POINT('',(-1.27,-16.764,0.));
#6572 = VECTOR('',#6573,1.);
#6573 = DIRECTION('',(0.,0.,1.));
#6574 = ORIENTED_EDGE('',*,*,#4416,.F.);
#6575 = PLANE('',#6576);
#6576 = AXIS2_PLACEMENT_3D('',#6577,#6578,#6579);
#6577 = CARTESIAN_POINT('',(-1.016,-16.51,0.));
#6578 = DIRECTION('',(0.707106781187,-0.707106781187,0.));
#6579 = DIRECTION('',(-0.707106781187,-0.707106781187,0.));
#6580 = ADVANCED_FACE('',(#6581),#6592,.F.);
#6581 = FACE_BOUND('',#6582,.F.);
#6582 = EDGE_LOOP('',(#6583,#6589,#6590,#6591));
#6583 = ORIENTED_EDGE('',*,*,#6584,.T.);
#6584 = EDGE_CURVE('',#4561,#5382,#6585,.T.);
#6585 = LINE('',#6586,#6587);
#6586 = CARTESIAN_POINT('',(1.016,-16.51,0.));
#6587 = VECTOR('',#6588,1.);
#6588 = DIRECTION('',(0.,0.,1.));
#6589 = ORIENTED_EDGE('',*,*,#5389,.T.);
#6590 = ORIENTED_EDGE('',*,*,#6550,.F.);
#6591 = ORIENTED_EDGE('',*,*,#4568,.F.);
#6592 = PLANE('',#6593);
#6593 = AXIS2_PLACEMENT_3D('',#6594,#6595,#6596);
#6594 = CARTESIAN_POINT('',(1.016,-16.51,0.));
#6595 = DIRECTION('',(-0.707106781187,0.707106781187,0.));
#6596 = DIRECTION('',(0.707106781187,0.707106781187,0.));
#6597 = ADVANCED_FACE('',(#6598),#6609,.F.);
#6598 = FACE_BOUND('',#6599,.F.);
#6599 = EDGE_LOOP('',(#6600,#6601,#6602,#6608));
#6600 = ORIENTED_EDGE('',*,*,#6569,.T.);
#6601 = ORIENTED_EDGE('',*,*,#5245,.T.);
#6602 = ORIENTED_EDGE('',*,*,#6603,.F.);
#6603 = EDGE_CURVE('',#4425,#5246,#6604,.T.);
#6604 = LINE('',#6605,#6606);
#6605 = CARTESIAN_POINT('',(-1.27,-18.796,0.));
#6606 = VECTOR('',#6607,1.);
#6607 = DIRECTION('',(0.,0.,1.));
#6608 = ORIENTED_EDGE('',*,*,#4424,.F.);
#6609 = PLANE('',#6610);
#6610 = AXIS2_PLACEMENT_3D('',#6611,#6612,#6613);
#6611 = CARTESIAN_POINT('',(-1.27,-16.764,0.));
#6612 = DIRECTION('',(1.,0.,0.));
#6613 = DIRECTION('',(0.,-1.,0.));
#6614 = ADVANCED_FACE('',(#6615),#6626,.F.);
#6615 = FACE_BOUND('',#6616,.F.);
#6616 = EDGE_LOOP('',(#6617,#6623,#6624,#6625));
#6617 = ORIENTED_EDGE('',*,*,#6618,.T.);
#6618 = EDGE_CURVE('',#4553,#5374,#6619,.T.);
#6619 = LINE('',#6620,#6621);
#6620 = CARTESIAN_POINT('',(1.27,-16.764,0.));
#6621 = VECTOR('',#6622,1.);
#6622 = DIRECTION('',(0.,0.,1.));
#6623 = ORIENTED_EDGE('',*,*,#5381,.T.);
#6624 = ORIENTED_EDGE('',*,*,#6584,.F.);
#6625 = ORIENTED_EDGE('',*,*,#4560,.F.);
#6626 = PLANE('',#6627);
#6627 = AXIS2_PLACEMENT_3D('',#6628,#6629,#6630);
#6628 = CARTESIAN_POINT('',(1.27,-16.764,0.));
#6629 = DIRECTION('',(-0.707106781187,-0.707106781187,0.));
#6630 = DIRECTION('',(-0.707106781187,0.707106781187,0.));
#6631 = ADVANCED_FACE('',(#6632),#6643,.F.);
#6632 = FACE_BOUND('',#6633,.F.);
#6633 = EDGE_LOOP('',(#6634,#6635,#6636,#6642));
#6634 = ORIENTED_EDGE('',*,*,#6603,.T.);
#6635 = ORIENTED_EDGE('',*,*,#5253,.T.);
#6636 = ORIENTED_EDGE('',*,*,#6637,.F.);
#6637 = EDGE_CURVE('',#4433,#5254,#6638,.T.);
#6638 = LINE('',#6639,#6640);
#6639 = CARTESIAN_POINT('',(-1.016,-19.05,0.));
#6640 = VECTOR('',#6641,1.);
#6641 = DIRECTION('',(0.,0.,1.));
#6642 = ORIENTED_EDGE('',*,*,#4432,.F.);
#6643 = PLANE('',#6644);
#6644 = AXIS2_PLACEMENT_3D('',#6645,#6646,#6647);
#6645 = CARTESIAN_POINT('',(-1.27,-18.796,0.));
#6646 = DIRECTION('',(0.707106781187,0.707106781187,0.));
#6647 = DIRECTION('',(0.707106781187,-0.707106781187,0.));
#6648 = ADVANCED_FACE('',(#6649),#6660,.F.);
#6649 = FACE_BOUND('',#6650,.F.);
#6650 = EDGE_LOOP('',(#6651,#6657,#6658,#6659));
#6651 = ORIENTED_EDGE('',*,*,#6652,.T.);
#6652 = EDGE_CURVE('',#4545,#5366,#6653,.T.);
#6653 = LINE('',#6654,#6655);
#6654 = CARTESIAN_POINT('',(1.27,-18.796,0.));
#6655 = VECTOR('',#6656,1.);
#6656 = DIRECTION('',(0.,0.,1.));
#6657 = ORIENTED_EDGE('',*,*,#5373,.T.);
#6658 = ORIENTED_EDGE('',*,*,#6618,.F.);
#6659 = ORIENTED_EDGE('',*,*,#4552,.F.);
#6660 = PLANE('',#6661);
#6661 = AXIS2_PLACEMENT_3D('',#6662,#6663,#6664);
#6662 = CARTESIAN_POINT('',(1.27,-18.796,0.));
#6663 = DIRECTION('',(-1.,0.,0.));
#6664 = DIRECTION('',(0.,1.,0.));
#6665 = ADVANCED_FACE('',(#6666),#6677,.F.);
#6666 = FACE_BOUND('',#6667,.F.);
#6667 = EDGE_LOOP('',(#6668,#6669,#6670,#6676));
#6668 = ORIENTED_EDGE('',*,*,#6637,.T.);
#6669 = ORIENTED_EDGE('',*,*,#5261,.T.);
#6670 = ORIENTED_EDGE('',*,*,#6671,.F.);
#6671 = EDGE_CURVE('',#4441,#5262,#6672,.T.);
#6672 = LINE('',#6673,#6674);
#6673 = CARTESIAN_POINT('',(-1.27,-19.304,0.));
#6674 = VECTOR('',#6675,1.);
#6675 = DIRECTION('',(0.,0.,1.));
#6676 = ORIENTED_EDGE('',*,*,#4440,.F.);
#6677 = PLANE('',#6678);
#6678 = AXIS2_PLACEMENT_3D('',#6679,#6680,#6681);
#6679 = CARTESIAN_POINT('',(-1.016,-19.05,0.));
#6680 = DIRECTION('',(0.707106781187,-0.707106781187,0.));
#6681 = DIRECTION('',(-0.707106781187,-0.707106781187,0.));
#6682 = ADVANCED_FACE('',(#6683),#6694,.F.);
#6683 = FACE_BOUND('',#6684,.F.);
#6684 = EDGE_LOOP('',(#6685,#6691,#6692,#6693));
#6685 = ORIENTED_EDGE('',*,*,#6686,.T.);
#6686 = EDGE_CURVE('',#4537,#5358,#6687,.T.);
#6687 = LINE('',#6688,#6689);
#6688 = CARTESIAN_POINT('',(1.016,-19.05,0.));
#6689 = VECTOR('',#6690,1.);
#6690 = DIRECTION('',(0.,0.,1.));
#6691 = ORIENTED_EDGE('',*,*,#5365,.T.);
#6692 = ORIENTED_EDGE('',*,*,#6652,.F.);
#6693 = ORIENTED_EDGE('',*,*,#4544,.F.);
#6694 = PLANE('',#6695);
#6695 = AXIS2_PLACEMENT_3D('',#6696,#6697,#6698);
#6696 = CARTESIAN_POINT('',(1.016,-19.05,0.));
#6697 = DIRECTION('',(-0.707106781187,0.707106781187,0.));
#6698 = DIRECTION('',(0.707106781187,0.707106781187,0.));
#6699 = ADVANCED_FACE('',(#6700),#6711,.F.);
#6700 = FACE_BOUND('',#6701,.F.);
#6701 = EDGE_LOOP('',(#6702,#6703,#6704,#6710));
#6702 = ORIENTED_EDGE('',*,*,#6671,.T.);
#6703 = ORIENTED_EDGE('',*,*,#5269,.T.);
#6704 = ORIENTED_EDGE('',*,*,#6705,.F.);
#6705 = EDGE_CURVE('',#4449,#5270,#6706,.T.);
#6706 = LINE('',#6707,#6708);
#6707 = CARTESIAN_POINT('',(-1.27,-21.336,0.));
#6708 = VECTOR('',#6709,1.);
#6709 = DIRECTION('',(0.,0.,1.));
#6710 = ORIENTED_EDGE('',*,*,#4448,.F.);
#6711 = PLANE('',#6712);
#6712 = AXIS2_PLACEMENT_3D('',#6713,#6714,#6715);
#6713 = CARTESIAN_POINT('',(-1.27,-19.304,0.));
#6714 = DIRECTION('',(1.,0.,0.));
#6715 = DIRECTION('',(0.,-1.,0.));
#6716 = ADVANCED_FACE('',(#6717),#6728,.F.);
#6717 = FACE_BOUND('',#6718,.F.);
#6718 = EDGE_LOOP('',(#6719,#6725,#6726,#6727));
#6719 = ORIENTED_EDGE('',*,*,#6720,.T.);
#6720 = EDGE_CURVE('',#4529,#5350,#6721,.T.);
#6721 = LINE('',#6722,#6723);
#6722 = CARTESIAN_POINT('',(1.27,-19.304,0.));
#6723 = VECTOR('',#6724,1.);
#6724 = DIRECTION('',(0.,0.,1.));
#6725 = ORIENTED_EDGE('',*,*,#5357,.T.);
#6726 = ORIENTED_EDGE('',*,*,#6686,.F.);
#6727 = ORIENTED_EDGE('',*,*,#4536,.F.);
#6728 = PLANE('',#6729);
#6729 = AXIS2_PLACEMENT_3D('',#6730,#6731,#6732);
#6730 = CARTESIAN_POINT('',(1.27,-19.304,0.));
#6731 = DIRECTION('',(-0.707106781187,-0.707106781187,0.));
#6732 = DIRECTION('',(-0.707106781187,0.707106781187,0.));
#6733 = ADVANCED_FACE('',(#6734),#6745,.F.);
#6734 = FACE_BOUND('',#6735,.F.);
#6735 = EDGE_LOOP('',(#6736,#6737,#6738,#6744));
#6736 = ORIENTED_EDGE('',*,*,#6705,.T.);
#6737 = ORIENTED_EDGE('',*,*,#5277,.T.);
#6738 = ORIENTED_EDGE('',*,*,#6739,.F.);
#6739 = EDGE_CURVE('',#4457,#5278,#6740,.T.);
#6740 = LINE('',#6741,#6742);
#6741 = CARTESIAN_POINT('',(-1.016,-21.59,0.));
#6742 = VECTOR('',#6743,1.);
#6743 = DIRECTION('',(0.,0.,1.));
#6744 = ORIENTED_EDGE('',*,*,#4456,.F.);
#6745 = PLANE('',#6746);
#6746 = AXIS2_PLACEMENT_3D('',#6747,#6748,#6749);
#6747 = CARTESIAN_POINT('',(-1.27,-21.336,0.));
#6748 = DIRECTION('',(0.707106781187,0.707106781187,0.));
#6749 = DIRECTION('',(0.707106781187,-0.707106781187,0.));
#6750 = ADVANCED_FACE('',(#6751),#6762,.F.);
#6751 = FACE_BOUND('',#6752,.F.);
#6752 = EDGE_LOOP('',(#6753,#6759,#6760,#6761));
#6753 = ORIENTED_EDGE('',*,*,#6754,.T.);
#6754 = EDGE_CURVE('',#4521,#5342,#6755,.T.);
#6755 = LINE('',#6756,#6757);
#6756 = CARTESIAN_POINT('',(1.27,-21.336,0.));
#6757 = VECTOR('',#6758,1.);
#6758 = DIRECTION('',(0.,0.,1.));
#6759 = ORIENTED_EDGE('',*,*,#5349,.T.);
#6760 = ORIENTED_EDGE('',*,*,#6720,.F.);
#6761 = ORIENTED_EDGE('',*,*,#4528,.F.);
#6762 = PLANE('',#6763);
#6763 = AXIS2_PLACEMENT_3D('',#6764,#6765,#6766);
#6764 = CARTESIAN_POINT('',(1.27,-21.336,0.));
#6765 = DIRECTION('',(-1.,0.,0.));
#6766 = DIRECTION('',(0.,1.,0.));
#6767 = ADVANCED_FACE('',(#6768),#6779,.F.);
#6768 = FACE_BOUND('',#6769,.F.);
#6769 = EDGE_LOOP('',(#6770,#6771,#6772,#6778));
#6770 = ORIENTED_EDGE('',*,*,#6739,.T.);
#6771 = ORIENTED_EDGE('',*,*,#5285,.T.);
#6772 = ORIENTED_EDGE('',*,*,#6773,.F.);
#6773 = EDGE_CURVE('',#4465,#5286,#6774,.T.);
#6774 = LINE('',#6775,#6776);
#6775 = CARTESIAN_POINT('',(-1.27,-21.844,0.));
#6776 = VECTOR('',#6777,1.);
#6777 = DIRECTION('',(0.,0.,1.));
#6778 = ORIENTED_EDGE('',*,*,#4464,.F.);
#6779 = PLANE('',#6780);
#6780 = AXIS2_PLACEMENT_3D('',#6781,#6782,#6783);
#6781 = CARTESIAN_POINT('',(-1.016,-21.59,0.));
#6782 = DIRECTION('',(0.707106781187,-0.707106781187,0.));
#6783 = DIRECTION('',(-0.707106781187,-0.707106781187,0.));
#6784 = ADVANCED_FACE('',(#6785),#6796,.F.);
#6785 = FACE_BOUND('',#6786,.F.);
#6786 = EDGE_LOOP('',(#6787,#6793,#6794,#6795));
#6787 = ORIENTED_EDGE('',*,*,#6788,.T.);
#6788 = EDGE_CURVE('',#4513,#5334,#6789,.T.);
#6789 = LINE('',#6790,#6791);
#6790 = CARTESIAN_POINT('',(1.016,-21.59,0.));
#6791 = VECTOR('',#6792,1.);
#6792 = DIRECTION('',(0.,0.,1.));
#6793 = ORIENTED_EDGE('',*,*,#5341,.T.);
#6794 = ORIENTED_EDGE('',*,*,#6754,.F.);
#6795 = ORIENTED_EDGE('',*,*,#4520,.F.);
#6796 = PLANE('',#6797);
#6797 = AXIS2_PLACEMENT_3D('',#6798,#6799,#6800);
#6798 = CARTESIAN_POINT('',(1.016,-21.59,0.));
#6799 = DIRECTION('',(-0.707106781187,0.707106781187,0.));
#6800 = DIRECTION('',(0.707106781187,0.707106781187,0.));
#6801 = ADVANCED_FACE('',(#6802),#6813,.F.);
#6802 = FACE_BOUND('',#6803,.F.);
#6803 = EDGE_LOOP('',(#6804,#6805,#6806,#6812));
#6804 = ORIENTED_EDGE('',*,*,#6773,.T.);
#6805 = ORIENTED_EDGE('',*,*,#5293,.T.);
#6806 = ORIENTED_EDGE('',*,*,#6807,.F.);
#6807 = EDGE_CURVE('',#4473,#5294,#6808,.T.);
#6808 = LINE('',#6809,#6810);
#6809 = CARTESIAN_POINT('',(-1.27,-23.876,0.));
#6810 = VECTOR('',#6811,1.);
#6811 = DIRECTION('',(0.,0.,1.));
#6812 = ORIENTED_EDGE('',*,*,#4472,.F.);
#6813 = PLANE('',#6814);
#6814 = AXIS2_PLACEMENT_3D('',#6815,#6816,#6817);
#6815 = CARTESIAN_POINT('',(-1.27,-21.844,0.));
#6816 = DIRECTION('',(1.,0.,0.));
#6817 = DIRECTION('',(0.,-1.,0.));
#6818 = ADVANCED_FACE('',(#6819),#6830,.F.);
#6819 = FACE_BOUND('',#6820,.F.);
#6820 = EDGE_LOOP('',(#6821,#6827,#6828,#6829));
#6821 = ORIENTED_EDGE('',*,*,#6822,.T.);
#6822 = EDGE_CURVE('',#4505,#5326,#6823,.T.);
#6823 = LINE('',#6824,#6825);
#6824 = CARTESIAN_POINT('',(1.27,-21.844,0.));
#6825 = VECTOR('',#6826,1.);
#6826 = DIRECTION('',(0.,0.,1.));
#6827 = ORIENTED_EDGE('',*,*,#5333,.T.);
#6828 = ORIENTED_EDGE('',*,*,#6788,.F.);
#6829 = ORIENTED_EDGE('',*,*,#4512,.F.);
#6830 = PLANE('',#6831);
#6831 = AXIS2_PLACEMENT_3D('',#6832,#6833,#6834);
#6832 = CARTESIAN_POINT('',(1.27,-21.844,0.));
#6833 = DIRECTION('',(-0.707106781187,-0.707106781187,0.));
#6834 = DIRECTION('',(-0.707106781187,0.707106781187,0.));
#6835 = ADVANCED_FACE('',(#6836),#6847,.F.);
#6836 = FACE_BOUND('',#6837,.F.);
#6837 = EDGE_LOOP('',(#6838,#6839,#6840,#6846));
#6838 = ORIENTED_EDGE('',*,*,#6807,.T.);
#6839 = ORIENTED_EDGE('',*,*,#5301,.T.);
#6840 = ORIENTED_EDGE('',*,*,#6841,.F.);
#6841 = EDGE_CURVE('',#4481,#5302,#6842,.T.);
#6842 = LINE('',#6843,#6844);
#6843 = CARTESIAN_POINT('',(-1.016,-24.13,0.));
#6844 = VECTOR('',#6845,1.);
#6845 = DIRECTION('',(0.,0.,1.));
#6846 = ORIENTED_EDGE('',*,*,#4480,.F.);
#6847 = PLANE('',#6848);
#6848 = AXIS2_PLACEMENT_3D('',#6849,#6850,#6851);
#6849 = CARTESIAN_POINT('',(-1.27,-23.876,0.));
#6850 = DIRECTION('',(0.707106781187,0.707106781187,0.));
#6851 = DIRECTION('',(0.707106781187,-0.707106781187,0.));
#6852 = ADVANCED_FACE('',(#6853),#6864,.F.);
#6853 = FACE_BOUND('',#6854,.F.);
#6854 = EDGE_LOOP('',(#6855,#6861,#6862,#6863));
#6855 = ORIENTED_EDGE('',*,*,#6856,.T.);
#6856 = EDGE_CURVE('',#4497,#5318,#6857,.T.);
#6857 = LINE('',#6858,#6859);
#6858 = CARTESIAN_POINT('',(1.27,-23.876,0.));
#6859 = VECTOR('',#6860,1.);
#6860 = DIRECTION('',(0.,0.,1.));
#6861 = ORIENTED_EDGE('',*,*,#5325,.T.);
#6862 = ORIENTED_EDGE('',*,*,#6822,.F.);
#6863 = ORIENTED_EDGE('',*,*,#4504,.F.);
#6864 = PLANE('',#6865);
#6865 = AXIS2_PLACEMENT_3D('',#6866,#6867,#6868);
#6866 = CARTESIAN_POINT('',(1.27,-23.876,0.));
#6867 = DIRECTION('',(-1.,0.,0.));
#6868 = DIRECTION('',(0.,1.,0.));
#6869 = ADVANCED_FACE('',(#6870),#6881,.F.);
#6870 = FACE_BOUND('',#6871,.F.);
#6871 = EDGE_LOOP('',(#6872,#6873,#6874,#6880));
#6872 = ORIENTED_EDGE('',*,*,#6841,.T.);
#6873 = ORIENTED_EDGE('',*,*,#5309,.T.);
#6874 = ORIENTED_EDGE('',*,*,#6875,.F.);
#6875 = EDGE_CURVE('',#4489,#5310,#6876,.T.);
#6876 = LINE('',#6877,#6878);
#6877 = CARTESIAN_POINT('',(1.016,-24.13,0.));
#6878 = VECTOR('',#6879,1.);
#6879 = DIRECTION('',(0.,0.,1.));
#6880 = ORIENTED_EDGE('',*,*,#4488,.F.);
#6881 = PLANE('',#6882);
#6882 = AXIS2_PLACEMENT_3D('',#6883,#6884,#6885);
#6883 = CARTESIAN_POINT('',(-1.016,-24.13,0.));
#6884 = DIRECTION('',(0.,1.,0.));
#6885 = DIRECTION('',(1.,0.,0.));
#6886 = ADVANCED_FACE('',(#6887),#6893,.F.);
#6887 = FACE_BOUND('',#6888,.F.);
#6888 = EDGE_LOOP('',(#6889,#6890,#6891,#6892));
#6889 = ORIENTED_EDGE('',*,*,#6875,.T.);
#6890 = ORIENTED_EDGE('',*,*,#5317,.T.);
#6891 = ORIENTED_EDGE('',*,*,#6856,.F.);
#6892 = ORIENTED_EDGE('',*,*,#4496,.F.);
#6893 = PLANE('',#6894);
#6894 = AXIS2_PLACEMENT_3D('',#6895,#6896,#6897);
#6895 = CARTESIAN_POINT('',(1.016,-24.13,0.));
#6896 = DIRECTION('',(-0.707106781187,0.707106781187,0.));
#6897 = DIRECTION('',(0.707106781187,0.707106781187,0.));
#6898 = ADVANCED_FACE('',(#6899),#6924,.T.);
#6899 = FACE_BOUND('',#6900,.T.);
#6900 = EDGE_LOOP('',(#6901,#6909,#6917,#6923));
#6901 = ORIENTED_EDGE('',*,*,#6902,.F.);
#6902 = EDGE_CURVE('',#6903,#4738,#6905,.T.);
#6903 = VERTEX_POINT('',#6904);
#6904 = CARTESIAN_POINT('',(0.32,-13.02,-2.84));
#6905 = LINE('',#6906,#6907);
#6906 = CARTESIAN_POINT('',(0.32,-13.02,-3.));
#6907 = VECTOR('',#6908,1.);
#6908 = DIRECTION('',(0.,0.,1.));
#6909 = ORIENTED_EDGE('',*,*,#6910,.T.);
#6910 = EDGE_CURVE('',#6903,#6911,#6913,.T.);
#6911 = VERTEX_POINT('',#6912);
#6912 = CARTESIAN_POINT('',(0.32,-12.38,-2.84));
#6913 = LINE('',#6914,#6915);
#6914 = CARTESIAN_POINT('',(0.32,-13.02,-2.84));
#6915 = VECTOR('',#6916,1.);
#6916 = DIRECTION('',(0.,1.,0.));
#6917 = ORIENTED_EDGE('',*,*,#6918,.T.);
#6918 = EDGE_CURVE('',#6911,#4740,#6919,.T.);
#6919 = LINE('',#6920,#6921);
#6920 = CARTESIAN_POINT('',(0.32,-12.38,-3.));
#6921 = VECTOR('',#6922,1.);
#6922 = DIRECTION('',(0.,0.,1.));
#6923 = ORIENTED_EDGE('',*,*,#4737,.F.);
#6924 = PLANE('',#6925);
#6925 = AXIS2_PLACEMENT_3D('',#6926,#6927,#6928);
#6926 = CARTESIAN_POINT('',(0.32,-13.02,-3.));
#6927 = DIRECTION('',(1.,0.,0.));
#6928 = DIRECTION('',(0.,0.,1.));
#6929 = ADVANCED_FACE('',(#6930),#6948,.T.);
#6930 = FACE_BOUND('',#6931,.T.);
#6931 = EDGE_LOOP('',(#6932,#6933,#6941,#6947));
#6932 = ORIENTED_EDGE('',*,*,#6918,.F.);
#6933 = ORIENTED_EDGE('',*,*,#6934,.F.);
#6934 = EDGE_CURVE('',#6935,#6911,#6937,.T.);
#6935 = VERTEX_POINT('',#6936);
#6936 = CARTESIAN_POINT('',(-0.32,-12.38,-2.84));
#6937 = LINE('',#6938,#6939);
#6938 = CARTESIAN_POINT('',(-0.32,-12.38,-2.84));
#6939 = VECTOR('',#6940,1.);
#6940 = DIRECTION('',(1.,0.,0.));
#6941 = ORIENTED_EDGE('',*,*,#6942,.T.);
#6942 = EDGE_CURVE('',#6935,#4756,#6943,.T.);
#6943 = LINE('',#6944,#6945);
#6944 = CARTESIAN_POINT('',(-0.32,-12.38,-3.));
#6945 = VECTOR('',#6946,1.);
#6946 = DIRECTION('',(0.,0.,1.));
#6947 = ORIENTED_EDGE('',*,*,#4763,.F.);
#6948 = PLANE('',#6949);
#6949 = AXIS2_PLACEMENT_3D('',#6950,#6951,#6952);
#6950 = CARTESIAN_POINT('',(-0.32,-12.38,-3.));
#6951 = DIRECTION('',(0.,1.,0.));
#6952 = DIRECTION('',(0.,-0.,1.));
#6953 = ADVANCED_FACE('',(#6954),#6972,.F.);
#6954 = FACE_BOUND('',#6955,.F.);
#6955 = EDGE_LOOP('',(#6956,#6964,#6970,#6971));
#6956 = ORIENTED_EDGE('',*,*,#6957,.F.);
#6957 = EDGE_CURVE('',#6958,#4748,#6960,.T.);
#6958 = VERTEX_POINT('',#6959);
#6959 = CARTESIAN_POINT('',(-0.32,-13.02,-2.84));
#6960 = LINE('',#6961,#6962);
#6961 = CARTESIAN_POINT('',(-0.32,-13.02,-3.));
#6962 = VECTOR('',#6963,1.);
#6963 = DIRECTION('',(0.,0.,1.));
#6964 = ORIENTED_EDGE('',*,*,#6965,.T.);
#6965 = EDGE_CURVE('',#6958,#6935,#6966,.T.);
#6966 = LINE('',#6967,#6968);
#6967 = CARTESIAN_POINT('',(-0.32,-13.02,-2.84));
#6968 = VECTOR('',#6969,1.);
#6969 = DIRECTION('',(0.,1.,0.));
#6970 = ORIENTED_EDGE('',*,*,#6942,.T.);
#6971 = ORIENTED_EDGE('',*,*,#4755,.F.);
#6972 = PLANE('',#6973);
#6973 = AXIS2_PLACEMENT_3D('',#6974,#6975,#6976);
#6974 = CARTESIAN_POINT('',(-0.32,-13.02,-3.));
#6975 = DIRECTION('',(1.,0.,0.));
#6976 = DIRECTION('',(0.,0.,1.));
#6977 = ADVANCED_FACE('',(#6978),#6989,.F.);
#6978 = FACE_BOUND('',#6979,.F.);
#6979 = EDGE_LOOP('',(#6980,#6981,#6987,#6988));
#6980 = ORIENTED_EDGE('',*,*,#6902,.F.);
#6981 = ORIENTED_EDGE('',*,*,#6982,.F.);
#6982 = EDGE_CURVE('',#6958,#6903,#6983,.T.);
#6983 = LINE('',#6984,#6985);
#6984 = CARTESIAN_POINT('',(-0.32,-13.02,-2.84));
#6985 = VECTOR('',#6986,1.);
#6986 = DIRECTION('',(1.,0.,0.));
#6987 = ORIENTED_EDGE('',*,*,#6957,.T.);
#6988 = ORIENTED_EDGE('',*,*,#4747,.F.);
#6989 = PLANE('',#6990);
#6990 = AXIS2_PLACEMENT_3D('',#6991,#6992,#6993);
#6991 = CARTESIAN_POINT('',(-0.32,-13.02,-3.));
#6992 = DIRECTION('',(0.,1.,0.));
#6993 = DIRECTION('',(0.,-0.,1.));
#6994 = ADVANCED_FACE('',(#6995),#7020,.T.);
#6995 = FACE_BOUND('',#6996,.T.);
#6996 = EDGE_LOOP('',(#6997,#7005,#7013,#7019));
#6997 = ORIENTED_EDGE('',*,*,#6998,.F.);
#6998 = EDGE_CURVE('',#6999,#4772,#7001,.T.);
#6999 = VERTEX_POINT('',#7000);
#7000 = CARTESIAN_POINT('',(0.32,-10.48,-2.84));
#7001 = LINE('',#7002,#7003);
#7002 = CARTESIAN_POINT('',(0.32,-10.48,-3.));
#7003 = VECTOR('',#7004,1.);
#7004 = DIRECTION('',(0.,0.,1.));
#7005 = ORIENTED_EDGE('',*,*,#7006,.T.);
#7006 = EDGE_CURVE('',#6999,#7007,#7009,.T.);
#7007 = VERTEX_POINT('',#7008);
#7008 = CARTESIAN_POINT('',(0.32,-9.84,-2.84));
#7009 = LINE('',#7010,#7011);
#7010 = CARTESIAN_POINT('',(0.32,-10.48,-2.84));
#7011 = VECTOR('',#7012,1.);
#7012 = DIRECTION('',(0.,1.,0.));
#7013 = ORIENTED_EDGE('',*,*,#7014,.T.);
#7014 = EDGE_CURVE('',#7007,#4774,#7015,.T.);
#7015 = LINE('',#7016,#7017);
#7016 = CARTESIAN_POINT('',(0.32,-9.84,-3.));
#7017 = VECTOR('',#7018,1.);
#7018 = DIRECTION('',(0.,0.,1.));
#7019 = ORIENTED_EDGE('',*,*,#4771,.F.);
#7020 = PLANE('',#7021);
#7021 = AXIS2_PLACEMENT_3D('',#7022,#7023,#7024);
#7022 = CARTESIAN_POINT('',(0.32,-10.48,-3.));
#7023 = DIRECTION('',(1.,0.,0.));
#7024 = DIRECTION('',(0.,0.,1.));
#7025 = ADVANCED_FACE('',(#7026),#7044,.T.);
#7026 = FACE_BOUND('',#7027,.T.);
#7027 = EDGE_LOOP('',(#7028,#7029,#7037,#7043));
#7028 = ORIENTED_EDGE('',*,*,#7014,.F.);
#7029 = ORIENTED_EDGE('',*,*,#7030,.F.);
#7030 = EDGE_CURVE('',#7031,#7007,#7033,.T.);
#7031 = VERTEX_POINT('',#7032);
#7032 = CARTESIAN_POINT('',(-0.32,-9.84,-2.84));
#7033 = LINE('',#7034,#7035);
#7034 = CARTESIAN_POINT('',(-0.32,-9.84,-2.84));
#7035 = VECTOR('',#7036,1.);
#7036 = DIRECTION('',(1.,0.,0.));
#7037 = ORIENTED_EDGE('',*,*,#7038,.T.);
#7038 = EDGE_CURVE('',#7031,#4790,#7039,.T.);
#7039 = LINE('',#7040,#7041);
#7040 = CARTESIAN_POINT('',(-0.32,-9.84,-3.));
#7041 = VECTOR('',#7042,1.);
#7042 = DIRECTION('',(0.,0.,1.));
#7043 = ORIENTED_EDGE('',*,*,#4797,.F.);
#7044 = PLANE('',#7045);
#7045 = AXIS2_PLACEMENT_3D('',#7046,#7047,#7048);
#7046 = CARTESIAN_POINT('',(-0.32,-9.84,-3.));
#7047 = DIRECTION('',(0.,1.,0.));
#7048 = DIRECTION('',(0.,-0.,1.));
#7049 = ADVANCED_FACE('',(#7050),#7068,.F.);
#7050 = FACE_BOUND('',#7051,.F.);
#7051 = EDGE_LOOP('',(#7052,#7060,#7066,#7067));
#7052 = ORIENTED_EDGE('',*,*,#7053,.F.);
#7053 = EDGE_CURVE('',#7054,#4782,#7056,.T.);
#7054 = VERTEX_POINT('',#7055);
#7055 = CARTESIAN_POINT('',(-0.32,-10.48,-2.84));
#7056 = LINE('',#7057,#7058);
#7057 = CARTESIAN_POINT('',(-0.32,-10.48,-3.));
#7058 = VECTOR('',#7059,1.);
#7059 = DIRECTION('',(0.,0.,1.));
#7060 = ORIENTED_EDGE('',*,*,#7061,.T.);
#7061 = EDGE_CURVE('',#7054,#7031,#7062,.T.);
#7062 = LINE('',#7063,#7064);
#7063 = CARTESIAN_POINT('',(-0.32,-10.48,-2.84));
#7064 = VECTOR('',#7065,1.);
#7065 = DIRECTION('',(0.,1.,0.));
#7066 = ORIENTED_EDGE('',*,*,#7038,.T.);
#7067 = ORIENTED_EDGE('',*,*,#4789,.F.);
#7068 = PLANE('',#7069);
#7069 = AXIS2_PLACEMENT_3D('',#7070,#7071,#7072);
#7070 = CARTESIAN_POINT('',(-0.32,-10.48,-3.));
#7071 = DIRECTION('',(1.,0.,0.));
#7072 = DIRECTION('',(0.,0.,1.));
#7073 = ADVANCED_FACE('',(#7074),#7085,.F.);
#7074 = FACE_BOUND('',#7075,.F.);
#7075 = EDGE_LOOP('',(#7076,#7077,#7083,#7084));
#7076 = ORIENTED_EDGE('',*,*,#6998,.F.);
#7077 = ORIENTED_EDGE('',*,*,#7078,.F.);
#7078 = EDGE_CURVE('',#7054,#6999,#7079,.T.);
#7079 = LINE('',#7080,#7081);
#7080 = CARTESIAN_POINT('',(-0.32,-10.48,-2.84));
#7081 = VECTOR('',#7082,1.);
#7082 = DIRECTION('',(1.,0.,0.));
#7083 = ORIENTED_EDGE('',*,*,#7053,.T.);
#7084 = ORIENTED_EDGE('',*,*,#4781,.F.);
#7085 = PLANE('',#7086);
#7086 = AXIS2_PLACEMENT_3D('',#7087,#7088,#7089);
#7087 = CARTESIAN_POINT('',(-0.32,-10.48,-3.));
#7088 = DIRECTION('',(0.,1.,0.));
#7089 = DIRECTION('',(0.,-0.,1.));
#7090 = ADVANCED_FACE('',(#7091),#7116,.T.);
#7091 = FACE_BOUND('',#7092,.T.);
#7092 = EDGE_LOOP('',(#7093,#7101,#7109,#7115));
#7093 = ORIENTED_EDGE('',*,*,#7094,.F.);
#7094 = EDGE_CURVE('',#7095,#4806,#7097,.T.);
#7095 = VERTEX_POINT('',#7096);
#7096 = CARTESIAN_POINT('',(0.32,-7.94,-2.84));
#7097 = LINE('',#7098,#7099);
#7098 = CARTESIAN_POINT('',(0.32,-7.94,-3.));
#7099 = VECTOR('',#7100,1.);
#7100 = DIRECTION('',(0.,0.,1.));
#7101 = ORIENTED_EDGE('',*,*,#7102,.T.);
#7102 = EDGE_CURVE('',#7095,#7103,#7105,.T.);
#7103 = VERTEX_POINT('',#7104);
#7104 = CARTESIAN_POINT('',(0.32,-7.3,-2.84));
#7105 = LINE('',#7106,#7107);
#7106 = CARTESIAN_POINT('',(0.32,-7.94,-2.84));
#7107 = VECTOR('',#7108,1.);
#7108 = DIRECTION('',(0.,1.,0.));
#7109 = ORIENTED_EDGE('',*,*,#7110,.T.);
#7110 = EDGE_CURVE('',#7103,#4808,#7111,.T.);
#7111 = LINE('',#7112,#7113);
#7112 = CARTESIAN_POINT('',(0.32,-7.3,-3.));
#7113 = VECTOR('',#7114,1.);
#7114 = DIRECTION('',(0.,0.,1.));
#7115 = ORIENTED_EDGE('',*,*,#4805,.F.);
#7116 = PLANE('',#7117);
#7117 = AXIS2_PLACEMENT_3D('',#7118,#7119,#7120);
#7118 = CARTESIAN_POINT('',(0.32,-7.94,-3.));
#7119 = DIRECTION('',(1.,0.,0.));
#7120 = DIRECTION('',(0.,0.,1.));
#7121 = ADVANCED_FACE('',(#7122),#7140,.T.);
#7122 = FACE_BOUND('',#7123,.T.);
#7123 = EDGE_LOOP('',(#7124,#7125,#7133,#7139));
#7124 = ORIENTED_EDGE('',*,*,#7110,.F.);
#7125 = ORIENTED_EDGE('',*,*,#7126,.F.);
#7126 = EDGE_CURVE('',#7127,#7103,#7129,.T.);
#7127 = VERTEX_POINT('',#7128);
#7128 = CARTESIAN_POINT('',(-0.32,-7.3,-2.84));
#7129 = LINE('',#7130,#7131);
#7130 = CARTESIAN_POINT('',(-0.32,-7.3,-2.84));
#7131 = VECTOR('',#7132,1.);
#7132 = DIRECTION('',(1.,0.,0.));
#7133 = ORIENTED_EDGE('',*,*,#7134,.T.);
#7134 = EDGE_CURVE('',#7127,#4824,#7135,.T.);
#7135 = LINE('',#7136,#7137);
#7136 = CARTESIAN_POINT('',(-0.32,-7.3,-3.));
#7137 = VECTOR('',#7138,1.);
#7138 = DIRECTION('',(0.,0.,1.));
#7139 = ORIENTED_EDGE('',*,*,#4831,.F.);
#7140 = PLANE('',#7141);
#7141 = AXIS2_PLACEMENT_3D('',#7142,#7143,#7144);
#7142 = CARTESIAN_POINT('',(-0.32,-7.3,-3.));
#7143 = DIRECTION('',(0.,1.,0.));
#7144 = DIRECTION('',(0.,-0.,1.));
#7145 = ADVANCED_FACE('',(#7146),#7164,.F.);
#7146 = FACE_BOUND('',#7147,.F.);
#7147 = EDGE_LOOP('',(#7148,#7156,#7162,#7163));
#7148 = ORIENTED_EDGE('',*,*,#7149,.F.);
#7149 = EDGE_CURVE('',#7150,#4816,#7152,.T.);
#7150 = VERTEX_POINT('',#7151);
#7151 = CARTESIAN_POINT('',(-0.32,-7.94,-2.84));
#7152 = LINE('',#7153,#7154);
#7153 = CARTESIAN_POINT('',(-0.32,-7.94,-3.));
#7154 = VECTOR('',#7155,1.);
#7155 = DIRECTION('',(0.,0.,1.));
#7156 = ORIENTED_EDGE('',*,*,#7157,.T.);
#7157 = EDGE_CURVE('',#7150,#7127,#7158,.T.);
#7158 = LINE('',#7159,#7160);
#7159 = CARTESIAN_POINT('',(-0.32,-7.94,-2.84));
#7160 = VECTOR('',#7161,1.);
#7161 = DIRECTION('',(0.,1.,0.));
#7162 = ORIENTED_EDGE('',*,*,#7134,.T.);
#7163 = ORIENTED_EDGE('',*,*,#4823,.F.);
#7164 = PLANE('',#7165);
#7165 = AXIS2_PLACEMENT_3D('',#7166,#7167,#7168);
#7166 = CARTESIAN_POINT('',(-0.32,-7.94,-3.));
#7167 = DIRECTION('',(1.,0.,0.));
#7168 = DIRECTION('',(0.,0.,1.));
#7169 = ADVANCED_FACE('',(#7170),#7181,.F.);
#7170 = FACE_BOUND('',#7171,.F.);
#7171 = EDGE_LOOP('',(#7172,#7173,#7179,#7180));
#7172 = ORIENTED_EDGE('',*,*,#7094,.F.);
#7173 = ORIENTED_EDGE('',*,*,#7174,.F.);
#7174 = EDGE_CURVE('',#7150,#7095,#7175,.T.);
#7175 = LINE('',#7176,#7177);
#7176 = CARTESIAN_POINT('',(-0.32,-7.94,-2.84));
#7177 = VECTOR('',#7178,1.);
#7178 = DIRECTION('',(1.,0.,0.));
#7179 = ORIENTED_EDGE('',*,*,#7149,.T.);
#7180 = ORIENTED_EDGE('',*,*,#4815,.F.);
#7181 = PLANE('',#7182);
#7182 = AXIS2_PLACEMENT_3D('',#7183,#7184,#7185);
#7183 = CARTESIAN_POINT('',(-0.32,-7.94,-3.));
#7184 = DIRECTION('',(0.,1.,0.));
#7185 = DIRECTION('',(0.,-0.,1.));
#7186 = ADVANCED_FACE('',(#7187),#7212,.F.);
#7187 = FACE_BOUND('',#7188,.F.);
#7188 = EDGE_LOOP('',(#7189,#7197,#7205,#7211));
#7189 = ORIENTED_EDGE('',*,*,#7190,.F.);
#7190 = EDGE_CURVE('',#7191,#4840,#7193,.T.);
#7191 = VERTEX_POINT('',#7192);
#7192 = CARTESIAN_POINT('',(0.32,-18.1,-2.84));
#7193 = LINE('',#7194,#7195);
#7194 = CARTESIAN_POINT('',(0.32,-18.1,-3.));
#7195 = VECTOR('',#7196,1.);
#7196 = DIRECTION('',(0.,0.,1.));
#7197 = ORIENTED_EDGE('',*,*,#7198,.F.);
#7198 = EDGE_CURVE('',#7199,#7191,#7201,.T.);
#7199 = VERTEX_POINT('',#7200);
#7200 = CARTESIAN_POINT('',(-0.32,-18.1,-2.84));
#7201 = LINE('',#7202,#7203);
#7202 = CARTESIAN_POINT('',(-0.32,-18.1,-2.84));
#7203 = VECTOR('',#7204,1.);
#7204 = DIRECTION('',(1.,0.,0.));
#7205 = ORIENTED_EDGE('',*,*,#7206,.T.);
#7206 = EDGE_CURVE('',#7199,#4842,#7207,.T.);
#7207 = LINE('',#7208,#7209);
#7208 = CARTESIAN_POINT('',(-0.32,-18.1,-3.));
#7209 = VECTOR('',#7210,1.);
#7210 = DIRECTION('',(0.,0.,1.));
#7211 = ORIENTED_EDGE('',*,*,#4839,.F.);
#7212 = PLANE('',#7213);
#7213 = AXIS2_PLACEMENT_3D('',#7214,#7215,#7216);
#7214 = CARTESIAN_POINT('',(-0.32,-18.1,-3.));
#7215 = DIRECTION('',(0.,1.,0.));
#7216 = DIRECTION('',(0.,-0.,1.));
#7217 = ADVANCED_FACE('',(#7218),#7236,.T.);
#7218 = FACE_BOUND('',#7219,.T.);
#7219 = EDGE_LOOP('',(#7220,#7221,#7229,#7235));
#7220 = ORIENTED_EDGE('',*,*,#7190,.F.);
#7221 = ORIENTED_EDGE('',*,*,#7222,.T.);
#7222 = EDGE_CURVE('',#7191,#7223,#7225,.T.);
#7223 = VERTEX_POINT('',#7224);
#7224 = CARTESIAN_POINT('',(0.32,-17.46,-2.84));
#7225 = LINE('',#7226,#7227);
#7226 = CARTESIAN_POINT('',(0.32,-18.1,-2.84));
#7227 = VECTOR('',#7228,1.);
#7228 = DIRECTION('',(0.,1.,0.));
#7229 = ORIENTED_EDGE('',*,*,#7230,.T.);
#7230 = EDGE_CURVE('',#7223,#4858,#7231,.T.);
#7231 = LINE('',#7232,#7233);
#7232 = CARTESIAN_POINT('',(0.32,-17.46,-3.));
#7233 = VECTOR('',#7234,1.);
#7234 = DIRECTION('',(0.,0.,1.));
#7235 = ORIENTED_EDGE('',*,*,#4865,.F.);
#7236 = PLANE('',#7237);
#7237 = AXIS2_PLACEMENT_3D('',#7238,#7239,#7240);
#7238 = CARTESIAN_POINT('',(0.32,-18.1,-3.));
#7239 = DIRECTION('',(1.,0.,0.));
#7240 = DIRECTION('',(0.,0.,1.));
#7241 = ADVANCED_FACE('',(#7242),#7260,.T.);
#7242 = FACE_BOUND('',#7243,.T.);
#7243 = EDGE_LOOP('',(#7244,#7245,#7253,#7259));
#7244 = ORIENTED_EDGE('',*,*,#7230,.F.);
#7245 = ORIENTED_EDGE('',*,*,#7246,.F.);
#7246 = EDGE_CURVE('',#7247,#7223,#7249,.T.);
#7247 = VERTEX_POINT('',#7248);
#7248 = CARTESIAN_POINT('',(-0.32,-17.46,-2.84));
#7249 = LINE('',#7250,#7251);
#7250 = CARTESIAN_POINT('',(-0.32,-17.46,-2.84));
#7251 = VECTOR('',#7252,1.);
#7252 = DIRECTION('',(1.,0.,0.));
#7253 = ORIENTED_EDGE('',*,*,#7254,.T.);
#7254 = EDGE_CURVE('',#7247,#4850,#7255,.T.);
#7255 = LINE('',#7256,#7257);
#7256 = CARTESIAN_POINT('',(-0.32,-17.46,-3.));
#7257 = VECTOR('',#7258,1.);
#7258 = DIRECTION('',(0.,0.,1.));
#7259 = ORIENTED_EDGE('',*,*,#4857,.F.);
#7260 = PLANE('',#7261);
#7261 = AXIS2_PLACEMENT_3D('',#7262,#7263,#7264);
#7262 = CARTESIAN_POINT('',(-0.32,-17.46,-3.));
#7263 = DIRECTION('',(0.,1.,0.));
#7264 = DIRECTION('',(0.,-0.,1.));
#7265 = ADVANCED_FACE('',(#7266),#7277,.F.);
#7266 = FACE_BOUND('',#7267,.F.);
#7267 = EDGE_LOOP('',(#7268,#7269,#7275,#7276));
#7268 = ORIENTED_EDGE('',*,*,#7206,.F.);
#7269 = ORIENTED_EDGE('',*,*,#7270,.T.);
#7270 = EDGE_CURVE('',#7199,#7247,#7271,.T.);
#7271 = LINE('',#7272,#7273);
#7272 = CARTESIAN_POINT('',(-0.32,-18.1,-2.84));
#7273 = VECTOR('',#7274,1.);
#7274 = DIRECTION('',(0.,1.,0.));
#7275 = ORIENTED_EDGE('',*,*,#7254,.T.);
#7276 = ORIENTED_EDGE('',*,*,#4849,.F.);
#7277 = PLANE('',#7278);
#7278 = AXIS2_PLACEMENT_3D('',#7279,#7280,#7281);
#7279 = CARTESIAN_POINT('',(-0.32,-18.1,-3.));
#7280 = DIRECTION('',(1.,0.,0.));
#7281 = DIRECTION('',(0.,0.,1.));
#7282 = ADVANCED_FACE('',(#7283),#7308,.T.);
#7283 = FACE_BOUND('',#7284,.T.);
#7284 = EDGE_LOOP('',(#7285,#7293,#7301,#7307));
#7285 = ORIENTED_EDGE('',*,*,#7286,.F.);
#7286 = EDGE_CURVE('',#7287,#4874,#7289,.T.);
#7287 = VERTEX_POINT('',#7288);
#7288 = CARTESIAN_POINT('',(0.32,-15.56,-2.84));
#7289 = LINE('',#7290,#7291);
#7290 = CARTESIAN_POINT('',(0.32,-15.56,-3.));
#7291 = VECTOR('',#7292,1.);
#7292 = DIRECTION('',(0.,0.,1.));
#7293 = ORIENTED_EDGE('',*,*,#7294,.T.);
#7294 = EDGE_CURVE('',#7287,#7295,#7297,.T.);
#7295 = VERTEX_POINT('',#7296);
#7296 = CARTESIAN_POINT('',(0.32,-14.92,-2.84));
#7297 = LINE('',#7298,#7299);
#7298 = CARTESIAN_POINT('',(0.32,-15.56,-2.84));
#7299 = VECTOR('',#7300,1.);
#7300 = DIRECTION('',(0.,1.,0.));
#7301 = ORIENTED_EDGE('',*,*,#7302,.T.);
#7302 = EDGE_CURVE('',#7295,#4876,#7303,.T.);
#7303 = LINE('',#7304,#7305);
#7304 = CARTESIAN_POINT('',(0.32,-14.92,-3.));
#7305 = VECTOR('',#7306,1.);
#7306 = DIRECTION('',(0.,0.,1.));
#7307 = ORIENTED_EDGE('',*,*,#4873,.F.);
#7308 = PLANE('',#7309);
#7309 = AXIS2_PLACEMENT_3D('',#7310,#7311,#7312);
#7310 = CARTESIAN_POINT('',(0.32,-15.56,-3.));
#7311 = DIRECTION('',(1.,0.,0.));
#7312 = DIRECTION('',(0.,0.,1.));
#7313 = ADVANCED_FACE('',(#7314),#7332,.T.);
#7314 = FACE_BOUND('',#7315,.T.);
#7315 = EDGE_LOOP('',(#7316,#7317,#7325,#7331));
#7316 = ORIENTED_EDGE('',*,*,#7302,.F.);
#7317 = ORIENTED_EDGE('',*,*,#7318,.F.);
#7318 = EDGE_CURVE('',#7319,#7295,#7321,.T.);
#7319 = VERTEX_POINT('',#7320);
#7320 = CARTESIAN_POINT('',(-0.32,-14.92,-2.84));
#7321 = LINE('',#7322,#7323);
#7322 = CARTESIAN_POINT('',(-0.32,-14.92,-2.84));
#7323 = VECTOR('',#7324,1.);
#7324 = DIRECTION('',(1.,0.,0.));
#7325 = ORIENTED_EDGE('',*,*,#7326,.T.);
#7326 = EDGE_CURVE('',#7319,#4892,#7327,.T.);
#7327 = LINE('',#7328,#7329);
#7328 = CARTESIAN_POINT('',(-0.32,-14.92,-3.));
#7329 = VECTOR('',#7330,1.);
#7330 = DIRECTION('',(0.,0.,1.));
#7331 = ORIENTED_EDGE('',*,*,#4899,.F.);
#7332 = PLANE('',#7333);
#7333 = AXIS2_PLACEMENT_3D('',#7334,#7335,#7336);
#7334 = CARTESIAN_POINT('',(-0.32,-14.92,-3.));
#7335 = DIRECTION('',(0.,1.,0.));
#7336 = DIRECTION('',(0.,-0.,1.));
#7337 = ADVANCED_FACE('',(#7338),#7356,.F.);
#7338 = FACE_BOUND('',#7339,.F.);
#7339 = EDGE_LOOP('',(#7340,#7348,#7354,#7355));
#7340 = ORIENTED_EDGE('',*,*,#7341,.F.);
#7341 = EDGE_CURVE('',#7342,#4884,#7344,.T.);
#7342 = VERTEX_POINT('',#7343);
#7343 = CARTESIAN_POINT('',(-0.32,-15.56,-2.84));
#7344 = LINE('',#7345,#7346);
#7345 = CARTESIAN_POINT('',(-0.32,-15.56,-3.));
#7346 = VECTOR('',#7347,1.);
#7347 = DIRECTION('',(0.,0.,1.));
#7348 = ORIENTED_EDGE('',*,*,#7349,.T.);
#7349 = EDGE_CURVE('',#7342,#7319,#7350,.T.);
#7350 = LINE('',#7351,#7352);
#7351 = CARTESIAN_POINT('',(-0.32,-15.56,-2.84));
#7352 = VECTOR('',#7353,1.);
#7353 = DIRECTION('',(0.,1.,0.));
#7354 = ORIENTED_EDGE('',*,*,#7326,.T.);
#7355 = ORIENTED_EDGE('',*,*,#4891,.F.);
#7356 = PLANE('',#7357);
#7357 = AXIS2_PLACEMENT_3D('',#7358,#7359,#7360);
#7358 = CARTESIAN_POINT('',(-0.32,-15.56,-3.));
#7359 = DIRECTION('',(1.,0.,0.));
#7360 = DIRECTION('',(0.,0.,1.));
#7361 = ADVANCED_FACE('',(#7362),#7373,.F.);
#7362 = FACE_BOUND('',#7363,.F.);
#7363 = EDGE_LOOP('',(#7364,#7365,#7371,#7372));
#7364 = ORIENTED_EDGE('',*,*,#7286,.F.);
#7365 = ORIENTED_EDGE('',*,*,#7366,.F.);
#7366 = EDGE_CURVE('',#7342,#7287,#7367,.T.);
#7367 = LINE('',#7368,#7369);
#7368 = CARTESIAN_POINT('',(-0.32,-15.56,-2.84));
#7369 = VECTOR('',#7370,1.);
#7370 = DIRECTION('',(1.,0.,0.));
#7371 = ORIENTED_EDGE('',*,*,#7341,.T.);
#7372 = ORIENTED_EDGE('',*,*,#4883,.F.);
#7373 = PLANE('',#7374);
#7374 = AXIS2_PLACEMENT_3D('',#7375,#7376,#7377);
#7375 = CARTESIAN_POINT('',(-0.32,-15.56,-3.));
#7376 = DIRECTION('',(0.,1.,0.));
#7377 = DIRECTION('',(0.,-0.,1.));
#7378 = ADVANCED_FACE('',(#7379),#7404,.T.);
#7379 = FACE_BOUND('',#7380,.T.);
#7380 = EDGE_LOOP('',(#7381,#7389,#7397,#7403));
#7381 = ORIENTED_EDGE('',*,*,#7382,.F.);
#7382 = EDGE_CURVE('',#7383,#4908,#7385,.T.);
#7383 = VERTEX_POINT('',#7384);
#7384 = CARTESIAN_POINT('',(0.32,-23.18,-2.84));
#7385 = LINE('',#7386,#7387);
#7386 = CARTESIAN_POINT('',(0.32,-23.18,-3.));
#7387 = VECTOR('',#7388,1.);
#7388 = DIRECTION('',(0.,0.,1.));
#7389 = ORIENTED_EDGE('',*,*,#7390,.T.);
#7390 = EDGE_CURVE('',#7383,#7391,#7393,.T.);
#7391 = VERTEX_POINT('',#7392);
#7392 = CARTESIAN_POINT('',(0.32,-22.54,-2.84));
#7393 = LINE('',#7394,#7395);
#7394 = CARTESIAN_POINT('',(0.32,-23.18,-2.84));
#7395 = VECTOR('',#7396,1.);
#7396 = DIRECTION('',(0.,1.,0.));
#7397 = ORIENTED_EDGE('',*,*,#7398,.T.);
#7398 = EDGE_CURVE('',#7391,#4910,#7399,.T.);
#7399 = LINE('',#7400,#7401);
#7400 = CARTESIAN_POINT('',(0.32,-22.54,-3.));
#7401 = VECTOR('',#7402,1.);
#7402 = DIRECTION('',(0.,0.,1.));
#7403 = ORIENTED_EDGE('',*,*,#4907,.F.);
#7404 = PLANE('',#7405);
#7405 = AXIS2_PLACEMENT_3D('',#7406,#7407,#7408);
#7406 = CARTESIAN_POINT('',(0.32,-23.18,-3.));
#7407 = DIRECTION('',(1.,0.,0.));
#7408 = DIRECTION('',(0.,0.,1.));
#7409 = ADVANCED_FACE('',(#7410),#7428,.T.);
#7410 = FACE_BOUND('',#7411,.T.);
#7411 = EDGE_LOOP('',(#7412,#7413,#7421,#7427));
#7412 = ORIENTED_EDGE('',*,*,#7398,.F.);
#7413 = ORIENTED_EDGE('',*,*,#7414,.F.);
#7414 = EDGE_CURVE('',#7415,#7391,#7417,.T.);
#7415 = VERTEX_POINT('',#7416);
#7416 = CARTESIAN_POINT('',(-0.32,-22.54,-2.84));
#7417 = LINE('',#7418,#7419);
#7418 = CARTESIAN_POINT('',(-0.32,-22.54,-2.84));
#7419 = VECTOR('',#7420,1.);
#7420 = DIRECTION('',(1.,0.,0.));
#7421 = ORIENTED_EDGE('',*,*,#7422,.T.);
#7422 = EDGE_CURVE('',#7415,#4926,#7423,.T.);
#7423 = LINE('',#7424,#7425);
#7424 = CARTESIAN_POINT('',(-0.32,-22.54,-3.));
#7425 = VECTOR('',#7426,1.);
#7426 = DIRECTION('',(0.,0.,1.));
#7427 = ORIENTED_EDGE('',*,*,#4933,.F.);
#7428 = PLANE('',#7429);
#7429 = AXIS2_PLACEMENT_3D('',#7430,#7431,#7432);
#7430 = CARTESIAN_POINT('',(-0.32,-22.54,-3.));
#7431 = DIRECTION('',(0.,1.,0.));
#7432 = DIRECTION('',(0.,-0.,1.));
#7433 = ADVANCED_FACE('',(#7434),#7452,.F.);
#7434 = FACE_BOUND('',#7435,.F.);
#7435 = EDGE_LOOP('',(#7436,#7444,#7450,#7451));
#7436 = ORIENTED_EDGE('',*,*,#7437,.F.);
#7437 = EDGE_CURVE('',#7438,#4918,#7440,.T.);
#7438 = VERTEX_POINT('',#7439);
#7439 = CARTESIAN_POINT('',(-0.32,-23.18,-2.84));
#7440 = LINE('',#7441,#7442);
#7441 = CARTESIAN_POINT('',(-0.32,-23.18,-3.));
#7442 = VECTOR('',#7443,1.);
#7443 = DIRECTION('',(0.,0.,1.));
#7444 = ORIENTED_EDGE('',*,*,#7445,.T.);
#7445 = EDGE_CURVE('',#7438,#7415,#7446,.T.);
#7446 = LINE('',#7447,#7448);
#7447 = CARTESIAN_POINT('',(-0.32,-23.18,-2.84));
#7448 = VECTOR('',#7449,1.);
#7449 = DIRECTION('',(0.,1.,0.));
#7450 = ORIENTED_EDGE('',*,*,#7422,.T.);
#7451 = ORIENTED_EDGE('',*,*,#4925,.F.);
#7452 = PLANE('',#7453);
#7453 = AXIS2_PLACEMENT_3D('',#7454,#7455,#7456);
#7454 = CARTESIAN_POINT('',(-0.32,-23.18,-3.));
#7455 = DIRECTION('',(1.,0.,0.));
#7456 = DIRECTION('',(0.,0.,1.));
#7457 = ADVANCED_FACE('',(#7458),#7469,.F.);
#7458 = FACE_BOUND('',#7459,.F.);
#7459 = EDGE_LOOP('',(#7460,#7461,#7467,#7468));
#7460 = ORIENTED_EDGE('',*,*,#7382,.F.);
#7461 = ORIENTED_EDGE('',*,*,#7462,.F.);
#7462 = EDGE_CURVE('',#7438,#7383,#7463,.T.);
#7463 = LINE('',#7464,#7465);
#7464 = CARTESIAN_POINT('',(-0.32,-23.18,-2.84));
#7465 = VECTOR('',#7466,1.);
#7466 = DIRECTION('',(1.,0.,0.));
#7467 = ORIENTED_EDGE('',*,*,#7437,.T.);
#7468 = ORIENTED_EDGE('',*,*,#4917,.F.);
#7469 = PLANE('',#7470);
#7470 = AXIS2_PLACEMENT_3D('',#7471,#7472,#7473);
#7471 = CARTESIAN_POINT('',(-0.32,-23.18,-3.));
#7472 = DIRECTION('',(0.,1.,0.));
#7473 = DIRECTION('',(0.,-0.,1.));
#7474 = ADVANCED_FACE('',(#7475),#7500,.F.);
#7475 = FACE_BOUND('',#7476,.F.);
#7476 = EDGE_LOOP('',(#7477,#7485,#7493,#7499));
#7477 = ORIENTED_EDGE('',*,*,#7478,.F.);
#7478 = EDGE_CURVE('',#7479,#4942,#7481,.T.);
#7479 = VERTEX_POINT('',#7480);
#7480 = CARTESIAN_POINT('',(0.32,-20.64,-2.84));
#7481 = LINE('',#7482,#7483);
#7482 = CARTESIAN_POINT('',(0.32,-20.64,-3.));
#7483 = VECTOR('',#7484,1.);
#7484 = DIRECTION('',(0.,0.,1.));
#7485 = ORIENTED_EDGE('',*,*,#7486,.F.);
#7486 = EDGE_CURVE('',#7487,#7479,#7489,.T.);
#7487 = VERTEX_POINT('',#7488);
#7488 = CARTESIAN_POINT('',(-0.32,-20.64,-2.84));
#7489 = LINE('',#7490,#7491);
#7490 = CARTESIAN_POINT('',(-0.32,-20.64,-2.84));
#7491 = VECTOR('',#7492,1.);
#7492 = DIRECTION('',(1.,0.,0.));
#7493 = ORIENTED_EDGE('',*,*,#7494,.T.);
#7494 = EDGE_CURVE('',#7487,#4944,#7495,.T.);
#7495 = LINE('',#7496,#7497);
#7496 = CARTESIAN_POINT('',(-0.32,-20.64,-3.));
#7497 = VECTOR('',#7498,1.);
#7498 = DIRECTION('',(0.,0.,1.));
#7499 = ORIENTED_EDGE('',*,*,#4941,.F.);
#7500 = PLANE('',#7501);
#7501 = AXIS2_PLACEMENT_3D('',#7502,#7503,#7504);
#7502 = CARTESIAN_POINT('',(-0.32,-20.64,-3.));
#7503 = DIRECTION('',(0.,1.,0.));
#7504 = DIRECTION('',(0.,-0.,1.));
#7505 = ADVANCED_FACE('',(#7506),#7524,.T.);
#7506 = FACE_BOUND('',#7507,.T.);
#7507 = EDGE_LOOP('',(#7508,#7509,#7517,#7523));
#7508 = ORIENTED_EDGE('',*,*,#7478,.F.);
#7509 = ORIENTED_EDGE('',*,*,#7510,.T.);
#7510 = EDGE_CURVE('',#7479,#7511,#7513,.T.);
#7511 = VERTEX_POINT('',#7512);
#7512 = CARTESIAN_POINT('',(0.32,-20.,-2.84));
#7513 = LINE('',#7514,#7515);
#7514 = CARTESIAN_POINT('',(0.32,-20.64,-2.84));
#7515 = VECTOR('',#7516,1.);
#7516 = DIRECTION('',(0.,1.,0.));
#7517 = ORIENTED_EDGE('',*,*,#7518,.T.);
#7518 = EDGE_CURVE('',#7511,#4960,#7519,.T.);
#7519 = LINE('',#7520,#7521);
#7520 = CARTESIAN_POINT('',(0.32,-20.,-3.));
#7521 = VECTOR('',#7522,1.);
#7522 = DIRECTION('',(0.,0.,1.));
#7523 = ORIENTED_EDGE('',*,*,#4967,.F.);
#7524 = PLANE('',#7525);
#7525 = AXIS2_PLACEMENT_3D('',#7526,#7527,#7528);
#7526 = CARTESIAN_POINT('',(0.32,-20.64,-3.));
#7527 = DIRECTION('',(1.,0.,0.));
#7528 = DIRECTION('',(0.,0.,1.));
#7529 = ADVANCED_FACE('',(#7530),#7548,.T.);
#7530 = FACE_BOUND('',#7531,.T.);
#7531 = EDGE_LOOP('',(#7532,#7533,#7541,#7547));
#7532 = ORIENTED_EDGE('',*,*,#7518,.F.);
#7533 = ORIENTED_EDGE('',*,*,#7534,.F.);
#7534 = EDGE_CURVE('',#7535,#7511,#7537,.T.);
#7535 = VERTEX_POINT('',#7536);
#7536 = CARTESIAN_POINT('',(-0.32,-20.,-2.84));
#7537 = LINE('',#7538,#7539);
#7538 = CARTESIAN_POINT('',(-0.32,-20.,-2.84));
#7539 = VECTOR('',#7540,1.);
#7540 = DIRECTION('',(1.,0.,0.));
#7541 = ORIENTED_EDGE('',*,*,#7542,.T.);
#7542 = EDGE_CURVE('',#7535,#4952,#7543,.T.);
#7543 = LINE('',#7544,#7545);
#7544 = CARTESIAN_POINT('',(-0.32,-20.,-3.));
#7545 = VECTOR('',#7546,1.);
#7546 = DIRECTION('',(0.,0.,1.));
#7547 = ORIENTED_EDGE('',*,*,#4959,.F.);
#7548 = PLANE('',#7549);
#7549 = AXIS2_PLACEMENT_3D('',#7550,#7551,#7552);
#7550 = CARTESIAN_POINT('',(-0.32,-20.,-3.));
#7551 = DIRECTION('',(0.,1.,0.));
#7552 = DIRECTION('',(0.,-0.,1.));
#7553 = ADVANCED_FACE('',(#7554),#7565,.F.);
#7554 = FACE_BOUND('',#7555,.F.);
#7555 = EDGE_LOOP('',(#7556,#7557,#7563,#7564));
#7556 = ORIENTED_EDGE('',*,*,#7494,.F.);
#7557 = ORIENTED_EDGE('',*,*,#7558,.T.);
#7558 = EDGE_CURVE('',#7487,#7535,#7559,.T.);
#7559 = LINE('',#7560,#7561);
#7560 = CARTESIAN_POINT('',(-0.32,-20.64,-2.84));
#7561 = VECTOR('',#7562,1.);
#7562 = DIRECTION('',(0.,1.,0.));
#7563 = ORIENTED_EDGE('',*,*,#7542,.T.);
#7564 = ORIENTED_EDGE('',*,*,#4951,.F.);
#7565 = PLANE('',#7566);
#7566 = AXIS2_PLACEMENT_3D('',#7567,#7568,#7569);
#7567 = CARTESIAN_POINT('',(-0.32,-20.64,-3.));
#7568 = DIRECTION('',(1.,0.,0.));
#7569 = DIRECTION('',(0.,0.,1.));
#7570 = ADVANCED_FACE('',(#7571),#7596,.F.);
#7571 = FACE_BOUND('',#7572,.F.);
#7572 = EDGE_LOOP('',(#7573,#7581,#7589,#7595));
#7573 = ORIENTED_EDGE('',*,*,#7574,.F.);
#7574 = EDGE_CURVE('',#7575,#4976,#7577,.T.);
#7575 = VERTEX_POINT('',#7576);
#7576 = CARTESIAN_POINT('',(0.32,-0.32,-2.84));
#7577 = LINE('',#7578,#7579);
#7578 = CARTESIAN_POINT('',(0.32,-0.32,-3.));
#7579 = VECTOR('',#7580,1.);
#7580 = DIRECTION('',(0.,0.,1.));
#7581 = ORIENTED_EDGE('',*,*,#7582,.F.);
#7582 = EDGE_CURVE('',#7583,#7575,#7585,.T.);
#7583 = VERTEX_POINT('',#7584);
#7584 = CARTESIAN_POINT('',(-0.32,-0.32,-2.84));
#7585 = LINE('',#7586,#7587);
#7586 = CARTESIAN_POINT('',(-0.32,-0.32,-2.84));
#7587 = VECTOR('',#7588,1.);
#7588 = DIRECTION('',(1.,0.,0.));
#7589 = ORIENTED_EDGE('',*,*,#7590,.T.);
#7590 = EDGE_CURVE('',#7583,#4978,#7591,.T.);
#7591 = LINE('',#7592,#7593);
#7592 = CARTESIAN_POINT('',(-0.32,-0.32,-3.));
#7593 = VECTOR('',#7594,1.);
#7594 = DIRECTION('',(0.,0.,1.));
#7595 = ORIENTED_EDGE('',*,*,#4975,.F.);
#7596 = PLANE('',#7597);
#7597 = AXIS2_PLACEMENT_3D('',#7598,#7599,#7600);
#7598 = CARTESIAN_POINT('',(-0.32,-0.32,-3.));
#7599 = DIRECTION('',(0.,1.,0.));
#7600 = DIRECTION('',(0.,-0.,1.));
#7601 = ADVANCED_FACE('',(#7602),#7620,.T.);
#7602 = FACE_BOUND('',#7603,.T.);
#7603 = EDGE_LOOP('',(#7604,#7605,#7613,#7619));
#7604 = ORIENTED_EDGE('',*,*,#7574,.F.);
#7605 = ORIENTED_EDGE('',*,*,#7606,.T.);
#7606 = EDGE_CURVE('',#7575,#7607,#7609,.T.);
#7607 = VERTEX_POINT('',#7608);
#7608 = CARTESIAN_POINT('',(0.32,0.32,-2.84));
#7609 = LINE('',#7610,#7611);
#7610 = CARTESIAN_POINT('',(0.32,-0.32,-2.84));
#7611 = VECTOR('',#7612,1.);
#7612 = DIRECTION('',(0.,1.,0.));
#7613 = ORIENTED_EDGE('',*,*,#7614,.T.);
#7614 = EDGE_CURVE('',#7607,#4994,#7615,.T.);
#7615 = LINE('',#7616,#7617);
#7616 = CARTESIAN_POINT('',(0.32,0.32,-3.));
#7617 = VECTOR('',#7618,1.);
#7618 = DIRECTION('',(0.,0.,1.));
#7619 = ORIENTED_EDGE('',*,*,#5001,.F.);
#7620 = PLANE('',#7621);
#7621 = AXIS2_PLACEMENT_3D('',#7622,#7623,#7624);
#7622 = CARTESIAN_POINT('',(0.32,-0.32,-3.));
#7623 = DIRECTION('',(1.,0.,0.));
#7624 = DIRECTION('',(0.,0.,1.));
#7625 = ADVANCED_FACE('',(#7626),#7644,.T.);
#7626 = FACE_BOUND('',#7627,.T.);
#7627 = EDGE_LOOP('',(#7628,#7629,#7637,#7643));
#7628 = ORIENTED_EDGE('',*,*,#7614,.F.);
#7629 = ORIENTED_EDGE('',*,*,#7630,.F.);
#7630 = EDGE_CURVE('',#7631,#7607,#7633,.T.);
#7631 = VERTEX_POINT('',#7632);
#7632 = CARTESIAN_POINT('',(-0.32,0.32,-2.84));
#7633 = LINE('',#7634,#7635);
#7634 = CARTESIAN_POINT('',(-0.32,0.32,-2.84));
#7635 = VECTOR('',#7636,1.);
#7636 = DIRECTION('',(1.,0.,0.));
#7637 = ORIENTED_EDGE('',*,*,#7638,.T.);
#7638 = EDGE_CURVE('',#7631,#4986,#7639,.T.);
#7639 = LINE('',#7640,#7641);
#7640 = CARTESIAN_POINT('',(-0.32,0.32,-3.));
#7641 = VECTOR('',#7642,1.);
#7642 = DIRECTION('',(0.,0.,1.));
#7643 = ORIENTED_EDGE('',*,*,#4993,.F.);
#7644 = PLANE('',#7645);
#7645 = AXIS2_PLACEMENT_3D('',#7646,#7647,#7648);
#7646 = CARTESIAN_POINT('',(-0.32,0.32,-3.));
#7647 = DIRECTION('',(0.,1.,0.));
#7648 = DIRECTION('',(0.,-0.,1.));
#7649 = ADVANCED_FACE('',(#7650),#7661,.F.);
#7650 = FACE_BOUND('',#7651,.F.);
#7651 = EDGE_LOOP('',(#7652,#7653,#7659,#7660));
#7652 = ORIENTED_EDGE('',*,*,#7590,.F.);
#7653 = ORIENTED_EDGE('',*,*,#7654,.T.);
#7654 = EDGE_CURVE('',#7583,#7631,#7655,.T.);
#7655 = LINE('',#7656,#7657);
#7656 = CARTESIAN_POINT('',(-0.32,-0.32,-2.84));
#7657 = VECTOR('',#7658,1.);
#7658 = DIRECTION('',(0.,1.,0.));
#7659 = ORIENTED_EDGE('',*,*,#7638,.T.);
#7660 = ORIENTED_EDGE('',*,*,#4985,.F.);
#7661 = PLANE('',#7662);
#7662 = AXIS2_PLACEMENT_3D('',#7663,#7664,#7665);
#7663 = CARTESIAN_POINT('',(-0.32,-0.32,-3.));
#7664 = DIRECTION('',(1.,0.,0.));
#7665 = DIRECTION('',(0.,0.,1.));
#7666 = ADVANCED_FACE('',(#7667),#7692,.T.);
#7667 = FACE_BOUND('',#7668,.T.);
#7668 = EDGE_LOOP('',(#7669,#7677,#7685,#7691));
#7669 = ORIENTED_EDGE('',*,*,#7670,.F.);
#7670 = EDGE_CURVE('',#7671,#5010,#7673,.T.);
#7671 = VERTEX_POINT('',#7672);
#7672 = CARTESIAN_POINT('',(0.32,-2.86,-2.84));
#7673 = LINE('',#7674,#7675);
#7674 = CARTESIAN_POINT('',(0.32,-2.86,-3.));
#7675 = VECTOR('',#7676,1.);
#7676 = DIRECTION('',(0.,0.,1.));
#7677 = ORIENTED_EDGE('',*,*,#7678,.T.);
#7678 = EDGE_CURVE('',#7671,#7679,#7681,.T.);
#7679 = VERTEX_POINT('',#7680);
#7680 = CARTESIAN_POINT('',(0.32,-2.22,-2.84));
#7681 = LINE('',#7682,#7683);
#7682 = CARTESIAN_POINT('',(0.32,-2.86,-2.84));
#7683 = VECTOR('',#7684,1.);
#7684 = DIRECTION('',(0.,1.,0.));
#7685 = ORIENTED_EDGE('',*,*,#7686,.T.);
#7686 = EDGE_CURVE('',#7679,#5012,#7687,.T.);
#7687 = LINE('',#7688,#7689);
#7688 = CARTESIAN_POINT('',(0.32,-2.22,-3.));
#7689 = VECTOR('',#7690,1.);
#7690 = DIRECTION('',(0.,0.,1.));
#7691 = ORIENTED_EDGE('',*,*,#5009,.F.);
#7692 = PLANE('',#7693);
#7693 = AXIS2_PLACEMENT_3D('',#7694,#7695,#7696);
#7694 = CARTESIAN_POINT('',(0.32,-2.86,-3.));
#7695 = DIRECTION('',(1.,0.,0.));
#7696 = DIRECTION('',(0.,0.,1.));
#7697 = ADVANCED_FACE('',(#7698),#7716,.T.);
#7698 = FACE_BOUND('',#7699,.T.);
#7699 = EDGE_LOOP('',(#7700,#7701,#7709,#7715));
#7700 = ORIENTED_EDGE('',*,*,#7686,.F.);
#7701 = ORIENTED_EDGE('',*,*,#7702,.F.);
#7702 = EDGE_CURVE('',#7703,#7679,#7705,.T.);
#7703 = VERTEX_POINT('',#7704);
#7704 = CARTESIAN_POINT('',(-0.32,-2.22,-2.84));
#7705 = LINE('',#7706,#7707);
#7706 = CARTESIAN_POINT('',(-0.32,-2.22,-2.84));
#7707 = VECTOR('',#7708,1.);
#7708 = DIRECTION('',(1.,0.,0.));
#7709 = ORIENTED_EDGE('',*,*,#7710,.T.);
#7710 = EDGE_CURVE('',#7703,#5028,#7711,.T.);
#7711 = LINE('',#7712,#7713);
#7712 = CARTESIAN_POINT('',(-0.32,-2.22,-3.));
#7713 = VECTOR('',#7714,1.);
#7714 = DIRECTION('',(0.,0.,1.));
#7715 = ORIENTED_EDGE('',*,*,#5035,.F.);
#7716 = PLANE('',#7717);
#7717 = AXIS2_PLACEMENT_3D('',#7718,#7719,#7720);
#7718 = CARTESIAN_POINT('',(-0.32,-2.22,-3.));
#7719 = DIRECTION('',(0.,1.,0.));
#7720 = DIRECTION('',(0.,-0.,1.));
#7721 = ADVANCED_FACE('',(#7722),#7740,.F.);
#7722 = FACE_BOUND('',#7723,.F.);
#7723 = EDGE_LOOP('',(#7724,#7732,#7738,#7739));
#7724 = ORIENTED_EDGE('',*,*,#7725,.F.);
#7725 = EDGE_CURVE('',#7726,#5020,#7728,.T.);
#7726 = VERTEX_POINT('',#7727);
#7727 = CARTESIAN_POINT('',(-0.32,-2.86,-2.84));
#7728 = LINE('',#7729,#7730);
#7729 = CARTESIAN_POINT('',(-0.32,-2.86,-3.));
#7730 = VECTOR('',#7731,1.);
#7731 = DIRECTION('',(0.,0.,1.));
#7732 = ORIENTED_EDGE('',*,*,#7733,.T.);
#7733 = EDGE_CURVE('',#7726,#7703,#7734,.T.);
#7734 = LINE('',#7735,#7736);
#7735 = CARTESIAN_POINT('',(-0.32,-2.86,-2.84));
#7736 = VECTOR('',#7737,1.);
#7737 = DIRECTION('',(0.,1.,0.));
#7738 = ORIENTED_EDGE('',*,*,#7710,.T.);
#7739 = ORIENTED_EDGE('',*,*,#5027,.F.);
#7740 = PLANE('',#7741);
#7741 = AXIS2_PLACEMENT_3D('',#7742,#7743,#7744);
#7742 = CARTESIAN_POINT('',(-0.32,-2.86,-3.));
#7743 = DIRECTION('',(1.,0.,0.));
#7744 = DIRECTION('',(0.,0.,1.));
#7745 = ADVANCED_FACE('',(#7746),#7757,.F.);
#7746 = FACE_BOUND('',#7747,.F.);
#7747 = EDGE_LOOP('',(#7748,#7749,#7755,#7756));
#7748 = ORIENTED_EDGE('',*,*,#7670,.F.);
#7749 = ORIENTED_EDGE('',*,*,#7750,.F.);
#7750 = EDGE_CURVE('',#7726,#7671,#7751,.T.);
#7751 = LINE('',#7752,#7753);
#7752 = CARTESIAN_POINT('',(-0.32,-2.86,-2.84));
#7753 = VECTOR('',#7754,1.);
#7754 = DIRECTION('',(1.,0.,0.));
#7755 = ORIENTED_EDGE('',*,*,#7725,.T.);
#7756 = ORIENTED_EDGE('',*,*,#5019,.F.);
#7757 = PLANE('',#7758);
#7758 = AXIS2_PLACEMENT_3D('',#7759,#7760,#7761);
#7759 = CARTESIAN_POINT('',(-0.32,-2.86,-3.));
#7760 = DIRECTION('',(0.,1.,0.));
#7761 = DIRECTION('',(0.,-0.,1.));
#7762 = ADVANCED_FACE('',(#7763),#7788,.T.);
#7763 = FACE_BOUND('',#7764,.T.);
#7764 = EDGE_LOOP('',(#7765,#7773,#7781,#7787));
#7765 = ORIENTED_EDGE('',*,*,#7766,.F.);
#7766 = EDGE_CURVE('',#7767,#5044,#7769,.T.);
#7767 = VERTEX_POINT('',#7768);
#7768 = CARTESIAN_POINT('',(0.32,-5.4,-2.84));
#7769 = LINE('',#7770,#7771);
#7770 = CARTESIAN_POINT('',(0.32,-5.4,-3.));
#7771 = VECTOR('',#7772,1.);
#7772 = DIRECTION('',(0.,0.,1.));
#7773 = ORIENTED_EDGE('',*,*,#7774,.T.);
#7774 = EDGE_CURVE('',#7767,#7775,#7777,.T.);
#7775 = VERTEX_POINT('',#7776);
#7776 = CARTESIAN_POINT('',(0.32,-4.76,-2.84));
#7777 = LINE('',#7778,#7779);
#7778 = CARTESIAN_POINT('',(0.32,-5.4,-2.84));
#7779 = VECTOR('',#7780,1.);
#7780 = DIRECTION('',(0.,1.,0.));
#7781 = ORIENTED_EDGE('',*,*,#7782,.T.);
#7782 = EDGE_CURVE('',#7775,#5046,#7783,.T.);
#7783 = LINE('',#7784,#7785);
#7784 = CARTESIAN_POINT('',(0.32,-4.76,-3.));
#7785 = VECTOR('',#7786,1.);
#7786 = DIRECTION('',(0.,0.,1.));
#7787 = ORIENTED_EDGE('',*,*,#5043,.F.);
#7788 = PLANE('',#7789);
#7789 = AXIS2_PLACEMENT_3D('',#7790,#7791,#7792);
#7790 = CARTESIAN_POINT('',(0.32,-5.4,-3.));
#7791 = DIRECTION('',(1.,0.,0.));
#7792 = DIRECTION('',(0.,0.,1.));
#7793 = ADVANCED_FACE('',(#7794),#7812,.T.);
#7794 = FACE_BOUND('',#7795,.T.);
#7795 = EDGE_LOOP('',(#7796,#7797,#7805,#7811));
#7796 = ORIENTED_EDGE('',*,*,#7782,.F.);
#7797 = ORIENTED_EDGE('',*,*,#7798,.F.);
#7798 = EDGE_CURVE('',#7799,#7775,#7801,.T.);
#7799 = VERTEX_POINT('',#7800);
#7800 = CARTESIAN_POINT('',(-0.32,-4.76,-2.84));
#7801 = LINE('',#7802,#7803);
#7802 = CARTESIAN_POINT('',(-0.32,-4.76,-2.84));
#7803 = VECTOR('',#7804,1.);
#7804 = DIRECTION('',(1.,0.,0.));
#7805 = ORIENTED_EDGE('',*,*,#7806,.T.);
#7806 = EDGE_CURVE('',#7799,#5062,#7807,.T.);
#7807 = LINE('',#7808,#7809);
#7808 = CARTESIAN_POINT('',(-0.32,-4.76,-3.));
#7809 = VECTOR('',#7810,1.);
#7810 = DIRECTION('',(0.,0.,1.));
#7811 = ORIENTED_EDGE('',*,*,#5069,.F.);
#7812 = PLANE('',#7813);
#7813 = AXIS2_PLACEMENT_3D('',#7814,#7815,#7816);
#7814 = CARTESIAN_POINT('',(-0.32,-4.76,-3.));
#7815 = DIRECTION('',(0.,1.,0.));
#7816 = DIRECTION('',(0.,-0.,1.));
#7817 = ADVANCED_FACE('',(#7818),#7836,.F.);
#7818 = FACE_BOUND('',#7819,.F.);
#7819 = EDGE_LOOP('',(#7820,#7828,#7834,#7835));
#7820 = ORIENTED_EDGE('',*,*,#7821,.F.);
#7821 = EDGE_CURVE('',#7822,#5054,#7824,.T.);
#7822 = VERTEX_POINT('',#7823);
#7823 = CARTESIAN_POINT('',(-0.32,-5.4,-2.84));
#7824 = LINE('',#7825,#7826);
#7825 = CARTESIAN_POINT('',(-0.32,-5.4,-3.));
#7826 = VECTOR('',#7827,1.);
#7827 = DIRECTION('',(0.,0.,1.));
#7828 = ORIENTED_EDGE('',*,*,#7829,.T.);
#7829 = EDGE_CURVE('',#7822,#7799,#7830,.T.);
#7830 = LINE('',#7831,#7832);
#7831 = CARTESIAN_POINT('',(-0.32,-5.4,-2.84));
#7832 = VECTOR('',#7833,1.);
#7833 = DIRECTION('',(0.,1.,0.));
#7834 = ORIENTED_EDGE('',*,*,#7806,.T.);
#7835 = ORIENTED_EDGE('',*,*,#5061,.F.);
#7836 = PLANE('',#7837);
#7837 = AXIS2_PLACEMENT_3D('',#7838,#7839,#7840);
#7838 = CARTESIAN_POINT('',(-0.32,-5.4,-3.));
#7839 = DIRECTION('',(1.,0.,0.));
#7840 = DIRECTION('',(0.,0.,1.));
#7841 = ADVANCED_FACE('',(#7842),#7853,.F.);
#7842 = FACE_BOUND('',#7843,.F.);
#7843 = EDGE_LOOP('',(#7844,#7845,#7851,#7852));
#7844 = ORIENTED_EDGE('',*,*,#7766,.F.);
#7845 = ORIENTED_EDGE('',*,*,#7846,.F.);
#7846 = EDGE_CURVE('',#7822,#7767,#7847,.T.);
#7847 = LINE('',#7848,#7849);
#7848 = CARTESIAN_POINT('',(-0.32,-5.4,-2.84));
#7849 = VECTOR('',#7850,1.);
#7850 = DIRECTION('',(1.,0.,0.));
#7851 = ORIENTED_EDGE('',*,*,#7821,.T.);
#7852 = ORIENTED_EDGE('',*,*,#5053,.F.);
#7853 = PLANE('',#7854);
#7854 = AXIS2_PLACEMENT_3D('',#7855,#7856,#7857);
#7855 = CARTESIAN_POINT('',(-0.32,-5.4,-3.));
#7856 = DIRECTION('',(0.,1.,0.));
#7857 = DIRECTION('',(0.,-0.,1.));
#7858 = ADVANCED_FACE('',(#7859),#7884,.T.);
#7859 = FACE_BOUND('',#7860,.T.);
#7860 = EDGE_LOOP('',(#7861,#7869,#7870,#7878));
#7861 = ORIENTED_EDGE('',*,*,#7862,.F.);
#7862 = EDGE_CURVE('',#5559,#7863,#7865,.T.);
#7863 = VERTEX_POINT('',#7864);
#7864 = CARTESIAN_POINT('',(0.32,-13.02,8.38));
#7865 = LINE('',#7866,#7867);
#7866 = CARTESIAN_POINT('',(0.32,-13.02,-3.));
#7867 = VECTOR('',#7868,1.);
#7868 = DIRECTION('',(0.,0.,1.));
#7869 = ORIENTED_EDGE('',*,*,#5558,.T.);
#7870 = ORIENTED_EDGE('',*,*,#7871,.T.);
#7871 = EDGE_CURVE('',#5561,#7872,#7874,.T.);
#7872 = VERTEX_POINT('',#7873);
#7873 = CARTESIAN_POINT('',(0.32,-12.38,8.38));
#7874 = LINE('',#7875,#7876);
#7875 = CARTESIAN_POINT('',(0.32,-12.38,-3.));
#7876 = VECTOR('',#7877,1.);
#7877 = DIRECTION('',(0.,0.,1.));
#7878 = ORIENTED_EDGE('',*,*,#7879,.F.);
#7879 = EDGE_CURVE('',#7863,#7872,#7880,.T.);
#7880 = LINE('',#7881,#7882);
#7881 = CARTESIAN_POINT('',(0.32,-13.02,8.38));
#7882 = VECTOR('',#7883,1.);
#7883 = DIRECTION('',(0.,1.,0.));
#7884 = PLANE('',#7885);
#7885 = AXIS2_PLACEMENT_3D('',#7886,#7887,#7888);
#7886 = CARTESIAN_POINT('',(0.32,-13.02,-3.));
#7887 = DIRECTION('',(1.,0.,0.));
#7888 = DIRECTION('',(0.,0.,1.));
#7889 = ADVANCED_FACE('',(#7890),#7908,.T.);
#7890 = FACE_BOUND('',#7891,.T.);
#7891 = EDGE_LOOP('',(#7892,#7893,#7894,#7902));
#7892 = ORIENTED_EDGE('',*,*,#7871,.F.);
#7893 = ORIENTED_EDGE('',*,*,#5584,.T.);
#7894 = ORIENTED_EDGE('',*,*,#7895,.T.);
#7895 = EDGE_CURVE('',#5577,#7896,#7898,.T.);
#7896 = VERTEX_POINT('',#7897);
#7897 = CARTESIAN_POINT('',(-0.32,-12.38,8.38));
#7898 = LINE('',#7899,#7900);
#7899 = CARTESIAN_POINT('',(-0.32,-12.38,-3.));
#7900 = VECTOR('',#7901,1.);
#7901 = DIRECTION('',(0.,0.,1.));
#7902 = ORIENTED_EDGE('',*,*,#7903,.T.);
#7903 = EDGE_CURVE('',#7896,#7872,#7904,.T.);
#7904 = LINE('',#7905,#7906);
#7905 = CARTESIAN_POINT('',(-0.32,-12.38,8.38));
#7906 = VECTOR('',#7907,1.);
#7907 = DIRECTION('',(1.,0.,0.));
#7908 = PLANE('',#7909);
#7909 = AXIS2_PLACEMENT_3D('',#7910,#7911,#7912);
#7910 = CARTESIAN_POINT('',(-0.32,-12.38,-3.));
#7911 = DIRECTION('',(0.,1.,0.));
#7912 = DIRECTION('',(0.,-0.,1.));
#7913 = ADVANCED_FACE('',(#7914),#7932,.F.);
#7914 = FACE_BOUND('',#7915,.F.);
#7915 = EDGE_LOOP('',(#7916,#7924,#7925,#7926));
#7916 = ORIENTED_EDGE('',*,*,#7917,.F.);
#7917 = EDGE_CURVE('',#5569,#7918,#7920,.T.);
#7918 = VERTEX_POINT('',#7919);
#7919 = CARTESIAN_POINT('',(-0.32,-13.02,8.38));
#7920 = LINE('',#7921,#7922);
#7921 = CARTESIAN_POINT('',(-0.32,-13.02,-3.));
#7922 = VECTOR('',#7923,1.);
#7923 = DIRECTION('',(0.,0.,1.));
#7924 = ORIENTED_EDGE('',*,*,#5576,.T.);
#7925 = ORIENTED_EDGE('',*,*,#7895,.T.);
#7926 = ORIENTED_EDGE('',*,*,#7927,.F.);
#7927 = EDGE_CURVE('',#7918,#7896,#7928,.T.);
#7928 = LINE('',#7929,#7930);
#7929 = CARTESIAN_POINT('',(-0.32,-13.02,8.38));
#7930 = VECTOR('',#7931,1.);
#7931 = DIRECTION('',(0.,1.,0.));
#7932 = PLANE('',#7933);
#7933 = AXIS2_PLACEMENT_3D('',#7934,#7935,#7936);
#7934 = CARTESIAN_POINT('',(-0.32,-13.02,-3.));
#7935 = DIRECTION('',(1.,0.,0.));
#7936 = DIRECTION('',(0.,0.,1.));
#7937 = ADVANCED_FACE('',(#7938),#7949,.F.);
#7938 = FACE_BOUND('',#7939,.F.);
#7939 = EDGE_LOOP('',(#7940,#7941,#7942,#7943));
#7940 = ORIENTED_EDGE('',*,*,#7862,.F.);
#7941 = ORIENTED_EDGE('',*,*,#5568,.T.);
#7942 = ORIENTED_EDGE('',*,*,#7917,.T.);
#7943 = ORIENTED_EDGE('',*,*,#7944,.T.);
#7944 = EDGE_CURVE('',#7918,#7863,#7945,.T.);
#7945 = LINE('',#7946,#7947);
#7946 = CARTESIAN_POINT('',(-0.32,-13.02,8.38));
#7947 = VECTOR('',#7948,1.);
#7948 = DIRECTION('',(1.,0.,0.));
#7949 = PLANE('',#7950);
#7950 = AXIS2_PLACEMENT_3D('',#7951,#7952,#7953);
#7951 = CARTESIAN_POINT('',(-0.32,-13.02,-3.));
#7952 = DIRECTION('',(0.,1.,0.));
#7953 = DIRECTION('',(0.,-0.,1.));
#7954 = ADVANCED_FACE('',(#7955),#7980,.T.);
#7955 = FACE_BOUND('',#7956,.T.);
#7956 = EDGE_LOOP('',(#7957,#7965,#7966,#7974));
#7957 = ORIENTED_EDGE('',*,*,#7958,.F.);
#7958 = EDGE_CURVE('',#5593,#7959,#7961,.T.);
#7959 = VERTEX_POINT('',#7960);
#7960 = CARTESIAN_POINT('',(0.32,-10.48,8.38));
#7961 = LINE('',#7962,#7963);
#7962 = CARTESIAN_POINT('',(0.32,-10.48,-3.));
#7963 = VECTOR('',#7964,1.);
#7964 = DIRECTION('',(0.,0.,1.));
#7965 = ORIENTED_EDGE('',*,*,#5592,.T.);
#7966 = ORIENTED_EDGE('',*,*,#7967,.T.);
#7967 = EDGE_CURVE('',#5595,#7968,#7970,.T.);
#7968 = VERTEX_POINT('',#7969);
#7969 = CARTESIAN_POINT('',(0.32,-9.84,8.38));
#7970 = LINE('',#7971,#7972);
#7971 = CARTESIAN_POINT('',(0.32,-9.84,-3.));
#7972 = VECTOR('',#7973,1.);
#7973 = DIRECTION('',(0.,0.,1.));
#7974 = ORIENTED_EDGE('',*,*,#7975,.F.);
#7975 = EDGE_CURVE('',#7959,#7968,#7976,.T.);
#7976 = LINE('',#7977,#7978);
#7977 = CARTESIAN_POINT('',(0.32,-10.48,8.38));
#7978 = VECTOR('',#7979,1.);
#7979 = DIRECTION('',(0.,1.,0.));
#7980 = PLANE('',#7981);
#7981 = AXIS2_PLACEMENT_3D('',#7982,#7983,#7984);
#7982 = CARTESIAN_POINT('',(0.32,-10.48,-3.));
#7983 = DIRECTION('',(1.,0.,0.));
#7984 = DIRECTION('',(0.,0.,1.));
#7985 = ADVANCED_FACE('',(#7986),#8004,.T.);
#7986 = FACE_BOUND('',#7987,.T.);
#7987 = EDGE_LOOP('',(#7988,#7989,#7990,#7998));
#7988 = ORIENTED_EDGE('',*,*,#7967,.F.);
#7989 = ORIENTED_EDGE('',*,*,#5618,.T.);
#7990 = ORIENTED_EDGE('',*,*,#7991,.T.);
#7991 = EDGE_CURVE('',#5611,#7992,#7994,.T.);
#7992 = VERTEX_POINT('',#7993);
#7993 = CARTESIAN_POINT('',(-0.32,-9.84,8.38));
#7994 = LINE('',#7995,#7996);
#7995 = CARTESIAN_POINT('',(-0.32,-9.84,-3.));
#7996 = VECTOR('',#7997,1.);
#7997 = DIRECTION('',(0.,0.,1.));
#7998 = ORIENTED_EDGE('',*,*,#7999,.T.);
#7999 = EDGE_CURVE('',#7992,#7968,#8000,.T.);
#8000 = LINE('',#8001,#8002);
#8001 = CARTESIAN_POINT('',(-0.32,-9.84,8.38));
#8002 = VECTOR('',#8003,1.);
#8003 = DIRECTION('',(1.,0.,0.));
#8004 = PLANE('',#8005);
#8005 = AXIS2_PLACEMENT_3D('',#8006,#8007,#8008);
#8006 = CARTESIAN_POINT('',(-0.32,-9.84,-3.));
#8007 = DIRECTION('',(0.,1.,0.));
#8008 = DIRECTION('',(0.,-0.,1.));
#8009 = ADVANCED_FACE('',(#8010),#8028,.F.);
#8010 = FACE_BOUND('',#8011,.F.);
#8011 = EDGE_LOOP('',(#8012,#8020,#8021,#8022));
#8012 = ORIENTED_EDGE('',*,*,#8013,.F.);
#8013 = EDGE_CURVE('',#5603,#8014,#8016,.T.);
#8014 = VERTEX_POINT('',#8015);
#8015 = CARTESIAN_POINT('',(-0.32,-10.48,8.38));
#8016 = LINE('',#8017,#8018);
#8017 = CARTESIAN_POINT('',(-0.32,-10.48,-3.));
#8018 = VECTOR('',#8019,1.);
#8019 = DIRECTION('',(0.,0.,1.));
#8020 = ORIENTED_EDGE('',*,*,#5610,.T.);
#8021 = ORIENTED_EDGE('',*,*,#7991,.T.);
#8022 = ORIENTED_EDGE('',*,*,#8023,.F.);
#8023 = EDGE_CURVE('',#8014,#7992,#8024,.T.);
#8024 = LINE('',#8025,#8026);
#8025 = CARTESIAN_POINT('',(-0.32,-10.48,8.38));
#8026 = VECTOR('',#8027,1.);
#8027 = DIRECTION('',(0.,1.,0.));
#8028 = PLANE('',#8029);
#8029 = AXIS2_PLACEMENT_3D('',#8030,#8031,#8032);
#8030 = CARTESIAN_POINT('',(-0.32,-10.48,-3.));
#8031 = DIRECTION('',(1.,0.,0.));
#8032 = DIRECTION('',(0.,0.,1.));
#8033 = ADVANCED_FACE('',(#8034),#8045,.F.);
#8034 = FACE_BOUND('',#8035,.F.);
#8035 = EDGE_LOOP('',(#8036,#8037,#8038,#8039));
#8036 = ORIENTED_EDGE('',*,*,#7958,.F.);
#8037 = ORIENTED_EDGE('',*,*,#5602,.T.);
#8038 = ORIENTED_EDGE('',*,*,#8013,.T.);
#8039 = ORIENTED_EDGE('',*,*,#8040,.T.);
#8040 = EDGE_CURVE('',#8014,#7959,#8041,.T.);
#8041 = LINE('',#8042,#8043);
#8042 = CARTESIAN_POINT('',(-0.32,-10.48,8.38));
#8043 = VECTOR('',#8044,1.);
#8044 = DIRECTION('',(1.,0.,0.));
#8045 = PLANE('',#8046);
#8046 = AXIS2_PLACEMENT_3D('',#8047,#8048,#8049);
#8047 = CARTESIAN_POINT('',(-0.32,-10.48,-3.));
#8048 = DIRECTION('',(0.,1.,0.));
#8049 = DIRECTION('',(0.,-0.,1.));
#8050 = ADVANCED_FACE('',(#8051),#8076,.T.);
#8051 = FACE_BOUND('',#8052,.T.);
#8052 = EDGE_LOOP('',(#8053,#8061,#8062,#8070));
#8053 = ORIENTED_EDGE('',*,*,#8054,.F.);
#8054 = EDGE_CURVE('',#5627,#8055,#8057,.T.);
#8055 = VERTEX_POINT('',#8056);
#8056 = CARTESIAN_POINT('',(0.32,-7.94,8.38));
#8057 = LINE('',#8058,#8059);
#8058 = CARTESIAN_POINT('',(0.32,-7.94,-3.));
#8059 = VECTOR('',#8060,1.);
#8060 = DIRECTION('',(0.,0.,1.));
#8061 = ORIENTED_EDGE('',*,*,#5626,.T.);
#8062 = ORIENTED_EDGE('',*,*,#8063,.T.);
#8063 = EDGE_CURVE('',#5629,#8064,#8066,.T.);
#8064 = VERTEX_POINT('',#8065);
#8065 = CARTESIAN_POINT('',(0.32,-7.3,8.38));
#8066 = LINE('',#8067,#8068);
#8067 = CARTESIAN_POINT('',(0.32,-7.3,-3.));
#8068 = VECTOR('',#8069,1.);
#8069 = DIRECTION('',(0.,0.,1.));
#8070 = ORIENTED_EDGE('',*,*,#8071,.F.);
#8071 = EDGE_CURVE('',#8055,#8064,#8072,.T.);
#8072 = LINE('',#8073,#8074);
#8073 = CARTESIAN_POINT('',(0.32,-7.94,8.38));
#8074 = VECTOR('',#8075,1.);
#8075 = DIRECTION('',(0.,1.,0.));
#8076 = PLANE('',#8077);
#8077 = AXIS2_PLACEMENT_3D('',#8078,#8079,#8080);
#8078 = CARTESIAN_POINT('',(0.32,-7.94,-3.));
#8079 = DIRECTION('',(1.,0.,0.));
#8080 = DIRECTION('',(0.,0.,1.));
#8081 = ADVANCED_FACE('',(#8082),#8100,.T.);
#8082 = FACE_BOUND('',#8083,.T.);
#8083 = EDGE_LOOP('',(#8084,#8085,#8086,#8094));
#8084 = ORIENTED_EDGE('',*,*,#8063,.F.);
#8085 = ORIENTED_EDGE('',*,*,#5652,.T.);
#8086 = ORIENTED_EDGE('',*,*,#8087,.T.);
#8087 = EDGE_CURVE('',#5645,#8088,#8090,.T.);
#8088 = VERTEX_POINT('',#8089);
#8089 = CARTESIAN_POINT('',(-0.32,-7.3,8.38));
#8090 = LINE('',#8091,#8092);
#8091 = CARTESIAN_POINT('',(-0.32,-7.3,-3.));
#8092 = VECTOR('',#8093,1.);
#8093 = DIRECTION('',(0.,0.,1.));
#8094 = ORIENTED_EDGE('',*,*,#8095,.T.);
#8095 = EDGE_CURVE('',#8088,#8064,#8096,.T.);
#8096 = LINE('',#8097,#8098);
#8097 = CARTESIAN_POINT('',(-0.32,-7.3,8.38));
#8098 = VECTOR('',#8099,1.);
#8099 = DIRECTION('',(1.,0.,0.));
#8100 = PLANE('',#8101);
#8101 = AXIS2_PLACEMENT_3D('',#8102,#8103,#8104);
#8102 = CARTESIAN_POINT('',(-0.32,-7.3,-3.));
#8103 = DIRECTION('',(0.,1.,0.));
#8104 = DIRECTION('',(0.,-0.,1.));
#8105 = ADVANCED_FACE('',(#8106),#8124,.F.);
#8106 = FACE_BOUND('',#8107,.F.);
#8107 = EDGE_LOOP('',(#8108,#8116,#8117,#8118));
#8108 = ORIENTED_EDGE('',*,*,#8109,.F.);
#8109 = EDGE_CURVE('',#5637,#8110,#8112,.T.);
#8110 = VERTEX_POINT('',#8111);
#8111 = CARTESIAN_POINT('',(-0.32,-7.94,8.38));
#8112 = LINE('',#8113,#8114);
#8113 = CARTESIAN_POINT('',(-0.32,-7.94,-3.));
#8114 = VECTOR('',#8115,1.);
#8115 = DIRECTION('',(0.,0.,1.));
#8116 = ORIENTED_EDGE('',*,*,#5644,.T.);
#8117 = ORIENTED_EDGE('',*,*,#8087,.T.);
#8118 = ORIENTED_EDGE('',*,*,#8119,.F.);
#8119 = EDGE_CURVE('',#8110,#8088,#8120,.T.);
#8120 = LINE('',#8121,#8122);
#8121 = CARTESIAN_POINT('',(-0.32,-7.94,8.38));
#8122 = VECTOR('',#8123,1.);
#8123 = DIRECTION('',(0.,1.,0.));
#8124 = PLANE('',#8125);
#8125 = AXIS2_PLACEMENT_3D('',#8126,#8127,#8128);
#8126 = CARTESIAN_POINT('',(-0.32,-7.94,-3.));
#8127 = DIRECTION('',(1.,0.,0.));
#8128 = DIRECTION('',(0.,0.,1.));
#8129 = ADVANCED_FACE('',(#8130),#8141,.F.);
#8130 = FACE_BOUND('',#8131,.F.);
#8131 = EDGE_LOOP('',(#8132,#8133,#8134,#8135));
#8132 = ORIENTED_EDGE('',*,*,#8054,.F.);
#8133 = ORIENTED_EDGE('',*,*,#5636,.T.);
#8134 = ORIENTED_EDGE('',*,*,#8109,.T.);
#8135 = ORIENTED_EDGE('',*,*,#8136,.T.);
#8136 = EDGE_CURVE('',#8110,#8055,#8137,.T.);
#8137 = LINE('',#8138,#8139);
#8138 = CARTESIAN_POINT('',(-0.32,-7.94,8.38));
#8139 = VECTOR('',#8140,1.);
#8140 = DIRECTION('',(1.,0.,0.));
#8141 = PLANE('',#8142);
#8142 = AXIS2_PLACEMENT_3D('',#8143,#8144,#8145);
#8143 = CARTESIAN_POINT('',(-0.32,-7.94,-3.));
#8144 = DIRECTION('',(0.,1.,0.));
#8145 = DIRECTION('',(0.,-0.,1.));
#8146 = ADVANCED_FACE('',(#8147),#8172,.F.);
#8147 = FACE_BOUND('',#8148,.F.);
#8148 = EDGE_LOOP('',(#8149,#8157,#8158,#8166));
#8149 = ORIENTED_EDGE('',*,*,#8150,.F.);
#8150 = EDGE_CURVE('',#5661,#8151,#8153,.T.);
#8151 = VERTEX_POINT('',#8152);
#8152 = CARTESIAN_POINT('',(0.32,-18.1,8.38));
#8153 = LINE('',#8154,#8155);
#8154 = CARTESIAN_POINT('',(0.32,-18.1,-3.));
#8155 = VECTOR('',#8156,1.);
#8156 = DIRECTION('',(0.,0.,1.));
#8157 = ORIENTED_EDGE('',*,*,#5660,.T.);
#8158 = ORIENTED_EDGE('',*,*,#8159,.T.);
#8159 = EDGE_CURVE('',#5663,#8160,#8162,.T.);
#8160 = VERTEX_POINT('',#8161);
#8161 = CARTESIAN_POINT('',(-0.32,-18.1,8.38));
#8162 = LINE('',#8163,#8164);
#8163 = CARTESIAN_POINT('',(-0.32,-18.1,-3.));
#8164 = VECTOR('',#8165,1.);
#8165 = DIRECTION('',(0.,0.,1.));
#8166 = ORIENTED_EDGE('',*,*,#8167,.T.);
#8167 = EDGE_CURVE('',#8160,#8151,#8168,.T.);
#8168 = LINE('',#8169,#8170);
#8169 = CARTESIAN_POINT('',(-0.32,-18.1,8.38));
#8170 = VECTOR('',#8171,1.);
#8171 = DIRECTION('',(1.,0.,0.));
#8172 = PLANE('',#8173);
#8173 = AXIS2_PLACEMENT_3D('',#8174,#8175,#8176);
#8174 = CARTESIAN_POINT('',(-0.32,-18.1,-3.));
#8175 = DIRECTION('',(0.,1.,0.));
#8176 = DIRECTION('',(0.,-0.,1.));
#8177 = ADVANCED_FACE('',(#8178),#8196,.T.);
#8178 = FACE_BOUND('',#8179,.T.);
#8179 = EDGE_LOOP('',(#8180,#8181,#8182,#8190));
#8180 = ORIENTED_EDGE('',*,*,#8150,.F.);
#8181 = ORIENTED_EDGE('',*,*,#5686,.T.);
#8182 = ORIENTED_EDGE('',*,*,#8183,.T.);
#8183 = EDGE_CURVE('',#5679,#8184,#8186,.T.);
#8184 = VERTEX_POINT('',#8185);
#8185 = CARTESIAN_POINT('',(0.32,-17.46,8.38));
#8186 = LINE('',#8187,#8188);
#8187 = CARTESIAN_POINT('',(0.32,-17.46,-3.));
#8188 = VECTOR('',#8189,1.);
#8189 = DIRECTION('',(0.,0.,1.));
#8190 = ORIENTED_EDGE('',*,*,#8191,.F.);
#8191 = EDGE_CURVE('',#8151,#8184,#8192,.T.);
#8192 = LINE('',#8193,#8194);
#8193 = CARTESIAN_POINT('',(0.32,-18.1,8.38));
#8194 = VECTOR('',#8195,1.);
#8195 = DIRECTION('',(0.,1.,0.));
#8196 = PLANE('',#8197);
#8197 = AXIS2_PLACEMENT_3D('',#8198,#8199,#8200);
#8198 = CARTESIAN_POINT('',(0.32,-18.1,-3.));
#8199 = DIRECTION('',(1.,0.,0.));
#8200 = DIRECTION('',(0.,0.,1.));
#8201 = ADVANCED_FACE('',(#8202),#8220,.T.);
#8202 = FACE_BOUND('',#8203,.T.);
#8203 = EDGE_LOOP('',(#8204,#8205,#8206,#8214));
#8204 = ORIENTED_EDGE('',*,*,#8183,.F.);
#8205 = ORIENTED_EDGE('',*,*,#5678,.T.);
#8206 = ORIENTED_EDGE('',*,*,#8207,.T.);
#8207 = EDGE_CURVE('',#5671,#8208,#8210,.T.);
#8208 = VERTEX_POINT('',#8209);
#8209 = CARTESIAN_POINT('',(-0.32,-17.46,8.38));
#8210 = LINE('',#8211,#8212);
#8211 = CARTESIAN_POINT('',(-0.32,-17.46,-3.));
#8212 = VECTOR('',#8213,1.);
#8213 = DIRECTION('',(0.,0.,1.));
#8214 = ORIENTED_EDGE('',*,*,#8215,.T.);
#8215 = EDGE_CURVE('',#8208,#8184,#8216,.T.);
#8216 = LINE('',#8217,#8218);
#8217 = CARTESIAN_POINT('',(-0.32,-17.46,8.38));
#8218 = VECTOR('',#8219,1.);
#8219 = DIRECTION('',(1.,0.,0.));
#8220 = PLANE('',#8221);
#8221 = AXIS2_PLACEMENT_3D('',#8222,#8223,#8224);
#8222 = CARTESIAN_POINT('',(-0.32,-17.46,-3.));
#8223 = DIRECTION('',(0.,1.,0.));
#8224 = DIRECTION('',(0.,-0.,1.));
#8225 = ADVANCED_FACE('',(#8226),#8237,.F.);
#8226 = FACE_BOUND('',#8227,.F.);
#8227 = EDGE_LOOP('',(#8228,#8229,#8230,#8231));
#8228 = ORIENTED_EDGE('',*,*,#8159,.F.);
#8229 = ORIENTED_EDGE('',*,*,#5670,.T.);
#8230 = ORIENTED_EDGE('',*,*,#8207,.T.);
#8231 = ORIENTED_EDGE('',*,*,#8232,.F.);
#8232 = EDGE_CURVE('',#8160,#8208,#8233,.T.);
#8233 = LINE('',#8234,#8235);
#8234 = CARTESIAN_POINT('',(-0.32,-18.1,8.38));
#8235 = VECTOR('',#8236,1.);
#8236 = DIRECTION('',(0.,1.,0.));
#8237 = PLANE('',#8238);
#8238 = AXIS2_PLACEMENT_3D('',#8239,#8240,#8241);
#8239 = CARTESIAN_POINT('',(-0.32,-18.1,-3.));
#8240 = DIRECTION('',(1.,0.,0.));
#8241 = DIRECTION('',(0.,0.,1.));
#8242 = ADVANCED_FACE('',(#8243),#8268,.T.);
#8243 = FACE_BOUND('',#8244,.T.);
#8244 = EDGE_LOOP('',(#8245,#8253,#8254,#8262));
#8245 = ORIENTED_EDGE('',*,*,#8246,.F.);
#8246 = EDGE_CURVE('',#5695,#8247,#8249,.T.);
#8247 = VERTEX_POINT('',#8248);
#8248 = CARTESIAN_POINT('',(0.32,-15.56,8.38));
#8249 = LINE('',#8250,#8251);
#8250 = CARTESIAN_POINT('',(0.32,-15.56,-3.));
#8251 = VECTOR('',#8252,1.);
#8252 = DIRECTION('',(0.,0.,1.));
#8253 = ORIENTED_EDGE('',*,*,#5694,.T.);
#8254 = ORIENTED_EDGE('',*,*,#8255,.T.);
#8255 = EDGE_CURVE('',#5697,#8256,#8258,.T.);
#8256 = VERTEX_POINT('',#8257);
#8257 = CARTESIAN_POINT('',(0.32,-14.92,8.38));
#8258 = LINE('',#8259,#8260);
#8259 = CARTESIAN_POINT('',(0.32,-14.92,-3.));
#8260 = VECTOR('',#8261,1.);
#8261 = DIRECTION('',(0.,0.,1.));
#8262 = ORIENTED_EDGE('',*,*,#8263,.F.);
#8263 = EDGE_CURVE('',#8247,#8256,#8264,.T.);
#8264 = LINE('',#8265,#8266);
#8265 = CARTESIAN_POINT('',(0.32,-15.56,8.38));
#8266 = VECTOR('',#8267,1.);
#8267 = DIRECTION('',(0.,1.,0.));
#8268 = PLANE('',#8269);
#8269 = AXIS2_PLACEMENT_3D('',#8270,#8271,#8272);
#8270 = CARTESIAN_POINT('',(0.32,-15.56,-3.));
#8271 = DIRECTION('',(1.,0.,0.));
#8272 = DIRECTION('',(0.,0.,1.));
#8273 = ADVANCED_FACE('',(#8274),#8292,.T.);
#8274 = FACE_BOUND('',#8275,.T.);
#8275 = EDGE_LOOP('',(#8276,#8277,#8278,#8286));
#8276 = ORIENTED_EDGE('',*,*,#8255,.F.);
#8277 = ORIENTED_EDGE('',*,*,#5720,.T.);
#8278 = ORIENTED_EDGE('',*,*,#8279,.T.);
#8279 = EDGE_CURVE('',#5713,#8280,#8282,.T.);
#8280 = VERTEX_POINT('',#8281);
#8281 = CARTESIAN_POINT('',(-0.32,-14.92,8.38));
#8282 = LINE('',#8283,#8284);
#8283 = CARTESIAN_POINT('',(-0.32,-14.92,-3.));
#8284 = VECTOR('',#8285,1.);
#8285 = DIRECTION('',(0.,0.,1.));
#8286 = ORIENTED_EDGE('',*,*,#8287,.T.);
#8287 = EDGE_CURVE('',#8280,#8256,#8288,.T.);
#8288 = LINE('',#8289,#8290);
#8289 = CARTESIAN_POINT('',(-0.32,-14.92,8.38));
#8290 = VECTOR('',#8291,1.);
#8291 = DIRECTION('',(1.,0.,0.));
#8292 = PLANE('',#8293);
#8293 = AXIS2_PLACEMENT_3D('',#8294,#8295,#8296);
#8294 = CARTESIAN_POINT('',(-0.32,-14.92,-3.));
#8295 = DIRECTION('',(0.,1.,0.));
#8296 = DIRECTION('',(0.,-0.,1.));
#8297 = ADVANCED_FACE('',(#8298),#8316,.F.);
#8298 = FACE_BOUND('',#8299,.F.);
#8299 = EDGE_LOOP('',(#8300,#8308,#8309,#8310));
#8300 = ORIENTED_EDGE('',*,*,#8301,.F.);
#8301 = EDGE_CURVE('',#5705,#8302,#8304,.T.);
#8302 = VERTEX_POINT('',#8303);
#8303 = CARTESIAN_POINT('',(-0.32,-15.56,8.38));
#8304 = LINE('',#8305,#8306);
#8305 = CARTESIAN_POINT('',(-0.32,-15.56,-3.));
#8306 = VECTOR('',#8307,1.);
#8307 = DIRECTION('',(0.,0.,1.));
#8308 = ORIENTED_EDGE('',*,*,#5712,.T.);
#8309 = ORIENTED_EDGE('',*,*,#8279,.T.);
#8310 = ORIENTED_EDGE('',*,*,#8311,.F.);
#8311 = EDGE_CURVE('',#8302,#8280,#8312,.T.);
#8312 = LINE('',#8313,#8314);
#8313 = CARTESIAN_POINT('',(-0.32,-15.56,8.38));
#8314 = VECTOR('',#8315,1.);
#8315 = DIRECTION('',(0.,1.,0.));
#8316 = PLANE('',#8317);
#8317 = AXIS2_PLACEMENT_3D('',#8318,#8319,#8320);
#8318 = CARTESIAN_POINT('',(-0.32,-15.56,-3.));
#8319 = DIRECTION('',(1.,0.,0.));
#8320 = DIRECTION('',(0.,0.,1.));
#8321 = ADVANCED_FACE('',(#8322),#8333,.F.);
#8322 = FACE_BOUND('',#8323,.F.);
#8323 = EDGE_LOOP('',(#8324,#8325,#8326,#8327));
#8324 = ORIENTED_EDGE('',*,*,#8246,.F.);
#8325 = ORIENTED_EDGE('',*,*,#5704,.T.);
#8326 = ORIENTED_EDGE('',*,*,#8301,.T.);
#8327 = ORIENTED_EDGE('',*,*,#8328,.T.);
#8328 = EDGE_CURVE('',#8302,#8247,#8329,.T.);
#8329 = LINE('',#8330,#8331);
#8330 = CARTESIAN_POINT('',(-0.32,-15.56,8.38));
#8331 = VECTOR('',#8332,1.);
#8332 = DIRECTION('',(1.,0.,0.));
#8333 = PLANE('',#8334);
#8334 = AXIS2_PLACEMENT_3D('',#8335,#8336,#8337);
#8335 = CARTESIAN_POINT('',(-0.32,-15.56,-3.));
#8336 = DIRECTION('',(0.,1.,0.));
#8337 = DIRECTION('',(0.,-0.,1.));
#8338 = ADVANCED_FACE('',(#8339),#8364,.T.);
#8339 = FACE_BOUND('',#8340,.T.);
#8340 = EDGE_LOOP('',(#8341,#8349,#8350,#8358));
#8341 = ORIENTED_EDGE('',*,*,#8342,.F.);
#8342 = EDGE_CURVE('',#5729,#8343,#8345,.T.);
#8343 = VERTEX_POINT('',#8344);
#8344 = CARTESIAN_POINT('',(0.32,-23.18,8.38));
#8345 = LINE('',#8346,#8347);
#8346 = CARTESIAN_POINT('',(0.32,-23.18,-3.));
#8347 = VECTOR('',#8348,1.);
#8348 = DIRECTION('',(0.,0.,1.));
#8349 = ORIENTED_EDGE('',*,*,#5728,.T.);
#8350 = ORIENTED_EDGE('',*,*,#8351,.T.);
#8351 = EDGE_CURVE('',#5731,#8352,#8354,.T.);
#8352 = VERTEX_POINT('',#8353);
#8353 = CARTESIAN_POINT('',(0.32,-22.54,8.38));
#8354 = LINE('',#8355,#8356);
#8355 = CARTESIAN_POINT('',(0.32,-22.54,-3.));
#8356 = VECTOR('',#8357,1.);
#8357 = DIRECTION('',(0.,0.,1.));
#8358 = ORIENTED_EDGE('',*,*,#8359,.F.);
#8359 = EDGE_CURVE('',#8343,#8352,#8360,.T.);
#8360 = LINE('',#8361,#8362);
#8361 = CARTESIAN_POINT('',(0.32,-23.18,8.38));
#8362 = VECTOR('',#8363,1.);
#8363 = DIRECTION('',(0.,1.,0.));
#8364 = PLANE('',#8365);
#8365 = AXIS2_PLACEMENT_3D('',#8366,#8367,#8368);
#8366 = CARTESIAN_POINT('',(0.32,-23.18,-3.));
#8367 = DIRECTION('',(1.,0.,0.));
#8368 = DIRECTION('',(0.,0.,1.));
#8369 = ADVANCED_FACE('',(#8370),#8388,.T.);
#8370 = FACE_BOUND('',#8371,.T.);
#8371 = EDGE_LOOP('',(#8372,#8373,#8374,#8382));
#8372 = ORIENTED_EDGE('',*,*,#8351,.F.);
#8373 = ORIENTED_EDGE('',*,*,#5754,.T.);
#8374 = ORIENTED_EDGE('',*,*,#8375,.T.);
#8375 = EDGE_CURVE('',#5747,#8376,#8378,.T.);
#8376 = VERTEX_POINT('',#8377);
#8377 = CARTESIAN_POINT('',(-0.32,-22.54,8.38));
#8378 = LINE('',#8379,#8380);
#8379 = CARTESIAN_POINT('',(-0.32,-22.54,-3.));
#8380 = VECTOR('',#8381,1.);
#8381 = DIRECTION('',(0.,0.,1.));
#8382 = ORIENTED_EDGE('',*,*,#8383,.T.);
#8383 = EDGE_CURVE('',#8376,#8352,#8384,.T.);
#8384 = LINE('',#8385,#8386);
#8385 = CARTESIAN_POINT('',(-0.32,-22.54,8.38));
#8386 = VECTOR('',#8387,1.);
#8387 = DIRECTION('',(1.,0.,0.));
#8388 = PLANE('',#8389);
#8389 = AXIS2_PLACEMENT_3D('',#8390,#8391,#8392);
#8390 = CARTESIAN_POINT('',(-0.32,-22.54,-3.));
#8391 = DIRECTION('',(0.,1.,0.));
#8392 = DIRECTION('',(0.,-0.,1.));
#8393 = ADVANCED_FACE('',(#8394),#8412,.F.);
#8394 = FACE_BOUND('',#8395,.F.);
#8395 = EDGE_LOOP('',(#8396,#8404,#8405,#8406));
#8396 = ORIENTED_EDGE('',*,*,#8397,.F.);
#8397 = EDGE_CURVE('',#5739,#8398,#8400,.T.);
#8398 = VERTEX_POINT('',#8399);
#8399 = CARTESIAN_POINT('',(-0.32,-23.18,8.38));
#8400 = LINE('',#8401,#8402);
#8401 = CARTESIAN_POINT('',(-0.32,-23.18,-3.));
#8402 = VECTOR('',#8403,1.);
#8403 = DIRECTION('',(0.,0.,1.));
#8404 = ORIENTED_EDGE('',*,*,#5746,.T.);
#8405 = ORIENTED_EDGE('',*,*,#8375,.T.);
#8406 = ORIENTED_EDGE('',*,*,#8407,.F.);
#8407 = EDGE_CURVE('',#8398,#8376,#8408,.T.);
#8408 = LINE('',#8409,#8410);
#8409 = CARTESIAN_POINT('',(-0.32,-23.18,8.38));
#8410 = VECTOR('',#8411,1.);
#8411 = DIRECTION('',(0.,1.,0.));
#8412 = PLANE('',#8413);
#8413 = AXIS2_PLACEMENT_3D('',#8414,#8415,#8416);
#8414 = CARTESIAN_POINT('',(-0.32,-23.18,-3.));
#8415 = DIRECTION('',(1.,0.,0.));
#8416 = DIRECTION('',(0.,0.,1.));
#8417 = ADVANCED_FACE('',(#8418),#8429,.F.);
#8418 = FACE_BOUND('',#8419,.F.);
#8419 = EDGE_LOOP('',(#8420,#8421,#8422,#8423));
#8420 = ORIENTED_EDGE('',*,*,#8342,.F.);
#8421 = ORIENTED_EDGE('',*,*,#5738,.T.);
#8422 = ORIENTED_EDGE('',*,*,#8397,.T.);
#8423 = ORIENTED_EDGE('',*,*,#8424,.T.);
#8424 = EDGE_CURVE('',#8398,#8343,#8425,.T.);
#8425 = LINE('',#8426,#8427);
#8426 = CARTESIAN_POINT('',(-0.32,-23.18,8.38));
#8427 = VECTOR('',#8428,1.);
#8428 = DIRECTION('',(1.,0.,0.));
#8429 = PLANE('',#8430);
#8430 = AXIS2_PLACEMENT_3D('',#8431,#8432,#8433);
#8431 = CARTESIAN_POINT('',(-0.32,-23.18,-3.));
#8432 = DIRECTION('',(0.,1.,0.));
#8433 = DIRECTION('',(0.,-0.,1.));
#8434 = ADVANCED_FACE('',(#8435),#8460,.F.);
#8435 = FACE_BOUND('',#8436,.F.);
#8436 = EDGE_LOOP('',(#8437,#8445,#8446,#8454));
#8437 = ORIENTED_EDGE('',*,*,#8438,.F.);
#8438 = EDGE_CURVE('',#5763,#8439,#8441,.T.);
#8439 = VERTEX_POINT('',#8440);
#8440 = CARTESIAN_POINT('',(0.32,-20.64,8.38));
#8441 = LINE('',#8442,#8443);
#8442 = CARTESIAN_POINT('',(0.32,-20.64,-3.));
#8443 = VECTOR('',#8444,1.);
#8444 = DIRECTION('',(0.,0.,1.));
#8445 = ORIENTED_EDGE('',*,*,#5762,.T.);
#8446 = ORIENTED_EDGE('',*,*,#8447,.T.);
#8447 = EDGE_CURVE('',#5765,#8448,#8450,.T.);
#8448 = VERTEX_POINT('',#8449);
#8449 = CARTESIAN_POINT('',(-0.32,-20.64,8.38));
#8450 = LINE('',#8451,#8452);
#8451 = CARTESIAN_POINT('',(-0.32,-20.64,-3.));
#8452 = VECTOR('',#8453,1.);
#8453 = DIRECTION('',(0.,0.,1.));
#8454 = ORIENTED_EDGE('',*,*,#8455,.T.);
#8455 = EDGE_CURVE('',#8448,#8439,#8456,.T.);
#8456 = LINE('',#8457,#8458);
#8457 = CARTESIAN_POINT('',(-0.32,-20.64,8.38));
#8458 = VECTOR('',#8459,1.);
#8459 = DIRECTION('',(1.,0.,0.));
#8460 = PLANE('',#8461);
#8461 = AXIS2_PLACEMENT_3D('',#8462,#8463,#8464);
#8462 = CARTESIAN_POINT('',(-0.32,-20.64,-3.));
#8463 = DIRECTION('',(0.,1.,0.));
#8464 = DIRECTION('',(0.,-0.,1.));
#8465 = ADVANCED_FACE('',(#8466),#8484,.T.);
#8466 = FACE_BOUND('',#8467,.T.);
#8467 = EDGE_LOOP('',(#8468,#8469,#8470,#8478));
#8468 = ORIENTED_EDGE('',*,*,#8438,.F.);
#8469 = ORIENTED_EDGE('',*,*,#5788,.T.);
#8470 = ORIENTED_EDGE('',*,*,#8471,.T.);
#8471 = EDGE_CURVE('',#5781,#8472,#8474,.T.);
#8472 = VERTEX_POINT('',#8473);
#8473 = CARTESIAN_POINT('',(0.32,-20.,8.38));
#8474 = LINE('',#8475,#8476);
#8475 = CARTESIAN_POINT('',(0.32,-20.,-3.));
#8476 = VECTOR('',#8477,1.);
#8477 = DIRECTION('',(0.,0.,1.));
#8478 = ORIENTED_EDGE('',*,*,#8479,.F.);
#8479 = EDGE_CURVE('',#8439,#8472,#8480,.T.);
#8480 = LINE('',#8481,#8482);
#8481 = CARTESIAN_POINT('',(0.32,-20.64,8.38));
#8482 = VECTOR('',#8483,1.);
#8483 = DIRECTION('',(0.,1.,0.));
#8484 = PLANE('',#8485);
#8485 = AXIS2_PLACEMENT_3D('',#8486,#8487,#8488);
#8486 = CARTESIAN_POINT('',(0.32,-20.64,-3.));
#8487 = DIRECTION('',(1.,0.,0.));
#8488 = DIRECTION('',(0.,0.,1.));
#8489 = ADVANCED_FACE('',(#8490),#8508,.T.);
#8490 = FACE_BOUND('',#8491,.T.);
#8491 = EDGE_LOOP('',(#8492,#8493,#8494,#8502));
#8492 = ORIENTED_EDGE('',*,*,#8471,.F.);
#8493 = ORIENTED_EDGE('',*,*,#5780,.T.);
#8494 = ORIENTED_EDGE('',*,*,#8495,.T.);
#8495 = EDGE_CURVE('',#5773,#8496,#8498,.T.);
#8496 = VERTEX_POINT('',#8497);
#8497 = CARTESIAN_POINT('',(-0.32,-20.,8.38));
#8498 = LINE('',#8499,#8500);
#8499 = CARTESIAN_POINT('',(-0.32,-20.,-3.));
#8500 = VECTOR('',#8501,1.);
#8501 = DIRECTION('',(0.,0.,1.));
#8502 = ORIENTED_EDGE('',*,*,#8503,.T.);
#8503 = EDGE_CURVE('',#8496,#8472,#8504,.T.);
#8504 = LINE('',#8505,#8506);
#8505 = CARTESIAN_POINT('',(-0.32,-20.,8.38));
#8506 = VECTOR('',#8507,1.);
#8507 = DIRECTION('',(1.,0.,0.));
#8508 = PLANE('',#8509);
#8509 = AXIS2_PLACEMENT_3D('',#8510,#8511,#8512);
#8510 = CARTESIAN_POINT('',(-0.32,-20.,-3.));
#8511 = DIRECTION('',(0.,1.,0.));
#8512 = DIRECTION('',(0.,-0.,1.));
#8513 = ADVANCED_FACE('',(#8514),#8525,.F.);
#8514 = FACE_BOUND('',#8515,.F.);
#8515 = EDGE_LOOP('',(#8516,#8517,#8518,#8519));
#8516 = ORIENTED_EDGE('',*,*,#8447,.F.);
#8517 = ORIENTED_EDGE('',*,*,#5772,.T.);
#8518 = ORIENTED_EDGE('',*,*,#8495,.T.);
#8519 = ORIENTED_EDGE('',*,*,#8520,.F.);
#8520 = EDGE_CURVE('',#8448,#8496,#8521,.T.);
#8521 = LINE('',#8522,#8523);
#8522 = CARTESIAN_POINT('',(-0.32,-20.64,8.38));
#8523 = VECTOR('',#8524,1.);
#8524 = DIRECTION('',(0.,1.,0.));
#8525 = PLANE('',#8526);
#8526 = AXIS2_PLACEMENT_3D('',#8527,#8528,#8529);
#8527 = CARTESIAN_POINT('',(-0.32,-20.64,-3.));
#8528 = DIRECTION('',(1.,0.,0.));
#8529 = DIRECTION('',(0.,0.,1.));
#8530 = ADVANCED_FACE('',(#8531),#8556,.F.);
#8531 = FACE_BOUND('',#8532,.F.);
#8532 = EDGE_LOOP('',(#8533,#8541,#8542,#8550));
#8533 = ORIENTED_EDGE('',*,*,#8534,.F.);
#8534 = EDGE_CURVE('',#5797,#8535,#8537,.T.);
#8535 = VERTEX_POINT('',#8536);
#8536 = CARTESIAN_POINT('',(0.32,-0.32,8.38));
#8537 = LINE('',#8538,#8539);
#8538 = CARTESIAN_POINT('',(0.32,-0.32,-3.));
#8539 = VECTOR('',#8540,1.);
#8540 = DIRECTION('',(0.,0.,1.));
#8541 = ORIENTED_EDGE('',*,*,#5796,.T.);
#8542 = ORIENTED_EDGE('',*,*,#8543,.T.);
#8543 = EDGE_CURVE('',#5799,#8544,#8546,.T.);
#8544 = VERTEX_POINT('',#8545);
#8545 = CARTESIAN_POINT('',(-0.32,-0.32,8.38));
#8546 = LINE('',#8547,#8548);
#8547 = CARTESIAN_POINT('',(-0.32,-0.32,-3.));
#8548 = VECTOR('',#8549,1.);
#8549 = DIRECTION('',(0.,0.,1.));
#8550 = ORIENTED_EDGE('',*,*,#8551,.T.);
#8551 = EDGE_CURVE('',#8544,#8535,#8552,.T.);
#8552 = LINE('',#8553,#8554);
#8553 = CARTESIAN_POINT('',(-0.32,-0.32,8.38));
#8554 = VECTOR('',#8555,1.);
#8555 = DIRECTION('',(1.,0.,0.));
#8556 = PLANE('',#8557);
#8557 = AXIS2_PLACEMENT_3D('',#8558,#8559,#8560);
#8558 = CARTESIAN_POINT('',(-0.32,-0.32,-3.));
#8559 = DIRECTION('',(0.,1.,0.));
#8560 = DIRECTION('',(0.,-0.,1.));
#8561 = ADVANCED_FACE('',(#8562),#8580,.T.);
#8562 = FACE_BOUND('',#8563,.T.);
#8563 = EDGE_LOOP('',(#8564,#8565,#8566,#8574));
#8564 = ORIENTED_EDGE('',*,*,#8534,.F.);
#8565 = ORIENTED_EDGE('',*,*,#5822,.T.);
#8566 = ORIENTED_EDGE('',*,*,#8567,.T.);
#8567 = EDGE_CURVE('',#5815,#8568,#8570,.T.);
#8568 = VERTEX_POINT('',#8569);
#8569 = CARTESIAN_POINT('',(0.32,0.32,8.38));
#8570 = LINE('',#8571,#8572);
#8571 = CARTESIAN_POINT('',(0.32,0.32,-3.));
#8572 = VECTOR('',#8573,1.);
#8573 = DIRECTION('',(0.,0.,1.));
#8574 = ORIENTED_EDGE('',*,*,#8575,.F.);
#8575 = EDGE_CURVE('',#8535,#8568,#8576,.T.);
#8576 = LINE('',#8577,#8578);
#8577 = CARTESIAN_POINT('',(0.32,-0.32,8.38));
#8578 = VECTOR('',#8579,1.);
#8579 = DIRECTION('',(0.,1.,0.));
#8580 = PLANE('',#8581);
#8581 = AXIS2_PLACEMENT_3D('',#8582,#8583,#8584);
#8582 = CARTESIAN_POINT('',(0.32,-0.32,-3.));
#8583 = DIRECTION('',(1.,0.,0.));
#8584 = DIRECTION('',(0.,0.,1.));
#8585 = ADVANCED_FACE('',(#8586),#8604,.T.);
#8586 = FACE_BOUND('',#8587,.T.);
#8587 = EDGE_LOOP('',(#8588,#8589,#8590,#8598));
#8588 = ORIENTED_EDGE('',*,*,#8567,.F.);
#8589 = ORIENTED_EDGE('',*,*,#5814,.T.);
#8590 = ORIENTED_EDGE('',*,*,#8591,.T.);
#8591 = EDGE_CURVE('',#5807,#8592,#8594,.T.);
#8592 = VERTEX_POINT('',#8593);
#8593 = CARTESIAN_POINT('',(-0.32,0.32,8.38));
#8594 = LINE('',#8595,#8596);
#8595 = CARTESIAN_POINT('',(-0.32,0.32,-3.));
#8596 = VECTOR('',#8597,1.);
#8597 = DIRECTION('',(0.,0.,1.));
#8598 = ORIENTED_EDGE('',*,*,#8599,.T.);
#8599 = EDGE_CURVE('',#8592,#8568,#8600,.T.);
#8600 = LINE('',#8601,#8602);
#8601 = CARTESIAN_POINT('',(-0.32,0.32,8.38));
#8602 = VECTOR('',#8603,1.);
#8603 = DIRECTION('',(1.,0.,0.));
#8604 = PLANE('',#8605);
#8605 = AXIS2_PLACEMENT_3D('',#8606,#8607,#8608);
#8606 = CARTESIAN_POINT('',(-0.32,0.32,-3.));
#8607 = DIRECTION('',(0.,1.,0.));
#8608 = DIRECTION('',(0.,-0.,1.));
#8609 = ADVANCED_FACE('',(#8610),#8621,.F.);
#8610 = FACE_BOUND('',#8611,.F.);
#8611 = EDGE_LOOP('',(#8612,#8613,#8614,#8615));
#8612 = ORIENTED_EDGE('',*,*,#8543,.F.);
#8613 = ORIENTED_EDGE('',*,*,#5806,.T.);
#8614 = ORIENTED_EDGE('',*,*,#8591,.T.);
#8615 = ORIENTED_EDGE('',*,*,#8616,.F.);
#8616 = EDGE_CURVE('',#8544,#8592,#8617,.T.);
#8617 = LINE('',#8618,#8619);
#8618 = CARTESIAN_POINT('',(-0.32,-0.32,8.38));
#8619 = VECTOR('',#8620,1.);
#8620 = DIRECTION('',(0.,1.,0.));
#8621 = PLANE('',#8622);
#8622 = AXIS2_PLACEMENT_3D('',#8623,#8624,#8625);
#8623 = CARTESIAN_POINT('',(-0.32,-0.32,-3.));
#8624 = DIRECTION('',(1.,0.,0.));
#8625 = DIRECTION('',(0.,0.,1.));
#8626 = ADVANCED_FACE('',(#8627),#8652,.T.);
#8627 = FACE_BOUND('',#8628,.T.);
#8628 = EDGE_LOOP('',(#8629,#8637,#8638,#8646));
#8629 = ORIENTED_EDGE('',*,*,#8630,.F.);
#8630 = EDGE_CURVE('',#5831,#8631,#8633,.T.);
#8631 = VERTEX_POINT('',#8632);
#8632 = CARTESIAN_POINT('',(0.32,-2.86,8.38));
#8633 = LINE('',#8634,#8635);
#8634 = CARTESIAN_POINT('',(0.32,-2.86,-3.));
#8635 = VECTOR('',#8636,1.);
#8636 = DIRECTION('',(0.,0.,1.));
#8637 = ORIENTED_EDGE('',*,*,#5830,.T.);
#8638 = ORIENTED_EDGE('',*,*,#8639,.T.);
#8639 = EDGE_CURVE('',#5833,#8640,#8642,.T.);
#8640 = VERTEX_POINT('',#8641);
#8641 = CARTESIAN_POINT('',(0.32,-2.22,8.38));
#8642 = LINE('',#8643,#8644);
#8643 = CARTESIAN_POINT('',(0.32,-2.22,-3.));
#8644 = VECTOR('',#8645,1.);
#8645 = DIRECTION('',(0.,0.,1.));
#8646 = ORIENTED_EDGE('',*,*,#8647,.F.);
#8647 = EDGE_CURVE('',#8631,#8640,#8648,.T.);
#8648 = LINE('',#8649,#8650);
#8649 = CARTESIAN_POINT('',(0.32,-2.86,8.38));
#8650 = VECTOR('',#8651,1.);
#8651 = DIRECTION('',(0.,1.,0.));
#8652 = PLANE('',#8653);
#8653 = AXIS2_PLACEMENT_3D('',#8654,#8655,#8656);
#8654 = CARTESIAN_POINT('',(0.32,-2.86,-3.));
#8655 = DIRECTION('',(1.,0.,0.));
#8656 = DIRECTION('',(0.,0.,1.));
#8657 = ADVANCED_FACE('',(#8658),#8676,.T.);
#8658 = FACE_BOUND('',#8659,.T.);
#8659 = EDGE_LOOP('',(#8660,#8661,#8662,#8670));
#8660 = ORIENTED_EDGE('',*,*,#8639,.F.);
#8661 = ORIENTED_EDGE('',*,*,#5856,.T.);
#8662 = ORIENTED_EDGE('',*,*,#8663,.T.);
#8663 = EDGE_CURVE('',#5849,#8664,#8666,.T.);
#8664 = VERTEX_POINT('',#8665);
#8665 = CARTESIAN_POINT('',(-0.32,-2.22,8.38));
#8666 = LINE('',#8667,#8668);
#8667 = CARTESIAN_POINT('',(-0.32,-2.22,-3.));
#8668 = VECTOR('',#8669,1.);
#8669 = DIRECTION('',(0.,0.,1.));
#8670 = ORIENTED_EDGE('',*,*,#8671,.T.);
#8671 = EDGE_CURVE('',#8664,#8640,#8672,.T.);
#8672 = LINE('',#8673,#8674);
#8673 = CARTESIAN_POINT('',(-0.32,-2.22,8.38));
#8674 = VECTOR('',#8675,1.);
#8675 = DIRECTION('',(1.,0.,0.));
#8676 = PLANE('',#8677);
#8677 = AXIS2_PLACEMENT_3D('',#8678,#8679,#8680);
#8678 = CARTESIAN_POINT('',(-0.32,-2.22,-3.));
#8679 = DIRECTION('',(0.,1.,0.));
#8680 = DIRECTION('',(0.,-0.,1.));
#8681 = ADVANCED_FACE('',(#8682),#8700,.F.);
#8682 = FACE_BOUND('',#8683,.F.);
#8683 = EDGE_LOOP('',(#8684,#8692,#8693,#8694));
#8684 = ORIENTED_EDGE('',*,*,#8685,.F.);
#8685 = EDGE_CURVE('',#5841,#8686,#8688,.T.);
#8686 = VERTEX_POINT('',#8687);
#8687 = CARTESIAN_POINT('',(-0.32,-2.86,8.38));
#8688 = LINE('',#8689,#8690);
#8689 = CARTESIAN_POINT('',(-0.32,-2.86,-3.));
#8690 = VECTOR('',#8691,1.);
#8691 = DIRECTION('',(0.,0.,1.));
#8692 = ORIENTED_EDGE('',*,*,#5848,.T.);
#8693 = ORIENTED_EDGE('',*,*,#8663,.T.);
#8694 = ORIENTED_EDGE('',*,*,#8695,.F.);
#8695 = EDGE_CURVE('',#8686,#8664,#8696,.T.);
#8696 = LINE('',#8697,#8698);
#8697 = CARTESIAN_POINT('',(-0.32,-2.86,8.38));
#8698 = VECTOR('',#8699,1.);
#8699 = DIRECTION('',(0.,1.,0.));
#8700 = PLANE('',#8701);
#8701 = AXIS2_PLACEMENT_3D('',#8702,#8703,#8704);
#8702 = CARTESIAN_POINT('',(-0.32,-2.86,-3.));
#8703 = DIRECTION('',(1.,0.,0.));
#8704 = DIRECTION('',(0.,0.,1.));
#8705 = ADVANCED_FACE('',(#8706),#8717,.F.);
#8706 = FACE_BOUND('',#8707,.F.);
#8707 = EDGE_LOOP('',(#8708,#8709,#8710,#8711));
#8708 = ORIENTED_EDGE('',*,*,#8630,.F.);
#8709 = ORIENTED_EDGE('',*,*,#5840,.T.);
#8710 = ORIENTED_EDGE('',*,*,#8685,.T.);
#8711 = ORIENTED_EDGE('',*,*,#8712,.T.);
#8712 = EDGE_CURVE('',#8686,#8631,#8713,.T.);
#8713 = LINE('',#8714,#8715);
#8714 = CARTESIAN_POINT('',(-0.32,-2.86,8.38));
#8715 = VECTOR('',#8716,1.);
#8716 = DIRECTION('',(1.,0.,0.));
#8717 = PLANE('',#8718);
#8718 = AXIS2_PLACEMENT_3D('',#8719,#8720,#8721);
#8719 = CARTESIAN_POINT('',(-0.32,-2.86,-3.));
#8720 = DIRECTION('',(0.,1.,0.));
#8721 = DIRECTION('',(0.,-0.,1.));
#8722 = ADVANCED_FACE('',(#8723),#8748,.T.);
#8723 = FACE_BOUND('',#8724,.T.);
#8724 = EDGE_LOOP('',(#8725,#8733,#8734,#8742));
#8725 = ORIENTED_EDGE('',*,*,#8726,.F.);
#8726 = EDGE_CURVE('',#5865,#8727,#8729,.T.);
#8727 = VERTEX_POINT('',#8728);
#8728 = CARTESIAN_POINT('',(0.32,-5.4,8.38));
#8729 = LINE('',#8730,#8731);
#8730 = CARTESIAN_POINT('',(0.32,-5.4,-3.));
#8731 = VECTOR('',#8732,1.);
#8732 = DIRECTION('',(0.,0.,1.));
#8733 = ORIENTED_EDGE('',*,*,#5864,.T.);
#8734 = ORIENTED_EDGE('',*,*,#8735,.T.);
#8735 = EDGE_CURVE('',#5867,#8736,#8738,.T.);
#8736 = VERTEX_POINT('',#8737);
#8737 = CARTESIAN_POINT('',(0.32,-4.76,8.38));
#8738 = LINE('',#8739,#8740);
#8739 = CARTESIAN_POINT('',(0.32,-4.76,-3.));
#8740 = VECTOR('',#8741,1.);
#8741 = DIRECTION('',(0.,0.,1.));
#8742 = ORIENTED_EDGE('',*,*,#8743,.F.);
#8743 = EDGE_CURVE('',#8727,#8736,#8744,.T.);
#8744 = LINE('',#8745,#8746);
#8745 = CARTESIAN_POINT('',(0.32,-5.4,8.38));
#8746 = VECTOR('',#8747,1.);
#8747 = DIRECTION('',(0.,1.,0.));
#8748 = PLANE('',#8749);
#8749 = AXIS2_PLACEMENT_3D('',#8750,#8751,#8752);
#8750 = CARTESIAN_POINT('',(0.32,-5.4,-3.));
#8751 = DIRECTION('',(1.,0.,0.));
#8752 = DIRECTION('',(0.,0.,1.));
#8753 = ADVANCED_FACE('',(#8754),#8772,.T.);
#8754 = FACE_BOUND('',#8755,.T.);
#8755 = EDGE_LOOP('',(#8756,#8757,#8758,#8766));
#8756 = ORIENTED_EDGE('',*,*,#8735,.F.);
#8757 = ORIENTED_EDGE('',*,*,#5890,.T.);
#8758 = ORIENTED_EDGE('',*,*,#8759,.T.);
#8759 = EDGE_CURVE('',#5883,#8760,#8762,.T.);
#8760 = VERTEX_POINT('',#8761);
#8761 = CARTESIAN_POINT('',(-0.32,-4.76,8.38));
#8762 = LINE('',#8763,#8764);
#8763 = CARTESIAN_POINT('',(-0.32,-4.76,-3.));
#8764 = VECTOR('',#8765,1.);
#8765 = DIRECTION('',(0.,0.,1.));
#8766 = ORIENTED_EDGE('',*,*,#8767,.T.);
#8767 = EDGE_CURVE('',#8760,#8736,#8768,.T.);
#8768 = LINE('',#8769,#8770);
#8769 = CARTESIAN_POINT('',(-0.32,-4.76,8.38));
#8770 = VECTOR('',#8771,1.);
#8771 = DIRECTION('',(1.,0.,0.));
#8772 = PLANE('',#8773);
#8773 = AXIS2_PLACEMENT_3D('',#8774,#8775,#8776);
#8774 = CARTESIAN_POINT('',(-0.32,-4.76,-3.));
#8775 = DIRECTION('',(0.,1.,0.));
#8776 = DIRECTION('',(0.,-0.,1.));
#8777 = ADVANCED_FACE('',(#8778),#8796,.F.);
#8778 = FACE_BOUND('',#8779,.F.);
#8779 = EDGE_LOOP('',(#8780,#8788,#8789,#8790));
#8780 = ORIENTED_EDGE('',*,*,#8781,.F.);
#8781 = EDGE_CURVE('',#5875,#8782,#8784,.T.);
#8782 = VERTEX_POINT('',#8783);
#8783 = CARTESIAN_POINT('',(-0.32,-5.4,8.38));
#8784 = LINE('',#8785,#8786);
#8785 = CARTESIAN_POINT('',(-0.32,-5.4,-3.));
#8786 = VECTOR('',#8787,1.);
#8787 = DIRECTION('',(0.,0.,1.));
#8788 = ORIENTED_EDGE('',*,*,#5882,.T.);
#8789 = ORIENTED_EDGE('',*,*,#8759,.T.);
#8790 = ORIENTED_EDGE('',*,*,#8791,.F.);
#8791 = EDGE_CURVE('',#8782,#8760,#8792,.T.);
#8792 = LINE('',#8793,#8794);
#8793 = CARTESIAN_POINT('',(-0.32,-5.4,8.38));
#8794 = VECTOR('',#8795,1.);
#8795 = DIRECTION('',(0.,1.,0.));
#8796 = PLANE('',#8797);
#8797 = AXIS2_PLACEMENT_3D('',#8798,#8799,#8800);
#8798 = CARTESIAN_POINT('',(-0.32,-5.4,-3.));
#8799 = DIRECTION('',(1.,0.,0.));
#8800 = DIRECTION('',(0.,0.,1.));
#8801 = ADVANCED_FACE('',(#8802),#8813,.F.);
#8802 = FACE_BOUND('',#8803,.F.);
#8803 = EDGE_LOOP('',(#8804,#8805,#8806,#8807));
#8804 = ORIENTED_EDGE('',*,*,#8726,.F.);
#8805 = ORIENTED_EDGE('',*,*,#5874,.T.);
#8806 = ORIENTED_EDGE('',*,*,#8781,.T.);
#8807 = ORIENTED_EDGE('',*,*,#8808,.T.);
#8808 = EDGE_CURVE('',#8782,#8727,#8809,.T.);
#8809 = LINE('',#8810,#8811);
#8810 = CARTESIAN_POINT('',(-0.32,-5.4,8.38));
#8811 = VECTOR('',#8812,1.);
#8812 = DIRECTION('',(1.,0.,0.));
#8813 = PLANE('',#8814);
#8814 = AXIS2_PLACEMENT_3D('',#8815,#8816,#8817);
#8815 = CARTESIAN_POINT('',(-0.32,-5.4,-3.));
#8816 = DIRECTION('',(0.,1.,0.));
#8817 = DIRECTION('',(0.,-0.,1.));
#8818 = ADVANCED_FACE('',(#8819),#8844,.F.);
#8819 = FACE_BOUND('',#8820,.F.);
#8820 = EDGE_LOOP('',(#8821,#8829,#8830,#8838));
#8821 = ORIENTED_EDGE('',*,*,#8822,.F.);
#8822 = EDGE_CURVE('',#6903,#8823,#8825,.T.);
#8823 = VERTEX_POINT('',#8824);
#8824 = CARTESIAN_POINT('',(0.16,-12.86,-3.));
#8825 = LINE('',#8826,#8827);
#8826 = CARTESIAN_POINT('',(0.16,-12.86,-3.));
#8827 = VECTOR('',#8828,1.);
#8828 = DIRECTION('',(-0.57735026919,0.57735026919,-0.57735026919));
#8829 = ORIENTED_EDGE('',*,*,#6910,.T.);
#8830 = ORIENTED_EDGE('',*,*,#8831,.T.);
#8831 = EDGE_CURVE('',#6911,#8832,#8834,.T.);
#8832 = VERTEX_POINT('',#8833);
#8833 = CARTESIAN_POINT('',(0.16,-12.54,-3.));
#8834 = LINE('',#8835,#8836);
#8835 = CARTESIAN_POINT('',(5.333333333333E-02,-12.64666666666,
    -3.106666666667));
#8836 = VECTOR('',#8837,1.);
#8837 = DIRECTION('',(-0.57735026919,-0.57735026919,-0.57735026919));
#8838 = ORIENTED_EDGE('',*,*,#8839,.F.);
#8839 = EDGE_CURVE('',#8823,#8832,#8840,.T.);
#8840 = LINE('',#8841,#8842);
#8841 = CARTESIAN_POINT('',(0.16,-13.02,-3.));
#8842 = VECTOR('',#8843,1.);
#8843 = DIRECTION('',(0.,1.,0.));
#8844 = PLANE('',#8845);
#8845 = AXIS2_PLACEMENT_3D('',#8846,#8847,#8848);
#8846 = CARTESIAN_POINT('',(0.24,-13.02,-2.92));
#8847 = DIRECTION('',(-0.707106781187,1.735167508357E-18,0.707106781187)
  );
#8848 = DIRECTION('',(1.226948711654E-18,1.,-1.226948711654E-18));
#8849 = ADVANCED_FACE('',(#8850),#8868,.F.);
#8850 = FACE_BOUND('',#8851,.T.);
#8851 = EDGE_LOOP('',(#8852,#8860,#8861,#8862));
#8852 = ORIENTED_EDGE('',*,*,#8853,.F.);
#8853 = EDGE_CURVE('',#6935,#8854,#8856,.T.);
#8854 = VERTEX_POINT('',#8855);
#8855 = CARTESIAN_POINT('',(-0.16,-12.54,-3.));
#8856 = LINE('',#8857,#8858);
#8857 = CARTESIAN_POINT('',(-0.16,-12.54,-3.));
#8858 = VECTOR('',#8859,1.);
#8859 = DIRECTION('',(0.57735026919,-0.57735026919,-0.57735026919));
#8860 = ORIENTED_EDGE('',*,*,#6934,.T.);
#8861 = ORIENTED_EDGE('',*,*,#8831,.T.);
#8862 = ORIENTED_EDGE('',*,*,#8863,.F.);
#8863 = EDGE_CURVE('',#8854,#8832,#8864,.T.);
#8864 = LINE('',#8865,#8866);
#8865 = CARTESIAN_POINT('',(-0.32,-12.54,-3.));
#8866 = VECTOR('',#8867,1.);
#8867 = DIRECTION('',(1.,0.,0.));
#8868 = PLANE('',#8869);
#8869 = AXIS2_PLACEMENT_3D('',#8870,#8871,#8872);
#8870 = CARTESIAN_POINT('',(-0.32,-12.46,-2.92));
#8871 = DIRECTION('',(-1.735167508357E-18,-0.707106781187,0.707106781187
    ));
#8872 = DIRECTION('',(-1.,1.226948711654E-18,-1.226948711654E-18));
#8873 = ADVANCED_FACE('',(#8874),#8892,.T.);
#8874 = FACE_BOUND('',#8875,.T.);
#8875 = EDGE_LOOP('',(#8876,#8884,#8885,#8886));
#8876 = ORIENTED_EDGE('',*,*,#8877,.F.);
#8877 = EDGE_CURVE('',#6958,#8878,#8880,.T.);
#8878 = VERTEX_POINT('',#8879);
#8879 = CARTESIAN_POINT('',(-0.16,-12.86,-3.));
#8880 = LINE('',#8881,#8882);
#8881 = CARTESIAN_POINT('',(-0.266666666667,-12.96666666666,
    -2.893333333333));
#8882 = VECTOR('',#8883,1.);
#8883 = DIRECTION('',(0.57735026919,0.57735026919,-0.57735026919));
#8884 = ORIENTED_EDGE('',*,*,#6965,.T.);
#8885 = ORIENTED_EDGE('',*,*,#8853,.T.);
#8886 = ORIENTED_EDGE('',*,*,#8887,.F.);
#8887 = EDGE_CURVE('',#8878,#8854,#8888,.T.);
#8888 = LINE('',#8889,#8890);
#8889 = CARTESIAN_POINT('',(-0.16,-13.02,-3.));
#8890 = VECTOR('',#8891,1.);
#8891 = DIRECTION('',(0.,1.,0.));
#8892 = PLANE('',#8893);
#8893 = AXIS2_PLACEMENT_3D('',#8894,#8895,#8896);
#8894 = CARTESIAN_POINT('',(-0.24,-13.02,-2.92));
#8895 = DIRECTION('',(-0.707106781187,-1.735167508357E-18,
    -0.707106781187));
#8896 = DIRECTION('',(-1.226948711654E-18,1.,-1.226948711654E-18));
#8897 = ADVANCED_FACE('',(#8898),#8909,.T.);
#8898 = FACE_BOUND('',#8899,.F.);
#8899 = EDGE_LOOP('',(#8900,#8901,#8902,#8903));
#8900 = ORIENTED_EDGE('',*,*,#8877,.F.);
#8901 = ORIENTED_EDGE('',*,*,#6982,.T.);
#8902 = ORIENTED_EDGE('',*,*,#8822,.T.);
#8903 = ORIENTED_EDGE('',*,*,#8904,.F.);
#8904 = EDGE_CURVE('',#8878,#8823,#8905,.T.);
#8905 = LINE('',#8906,#8907);
#8906 = CARTESIAN_POINT('',(-0.32,-12.86,-3.));
#8907 = VECTOR('',#8908,1.);
#8908 = DIRECTION('',(1.,0.,0.));
#8909 = PLANE('',#8910);
#8910 = AXIS2_PLACEMENT_3D('',#8911,#8912,#8913);
#8911 = CARTESIAN_POINT('',(-0.32,-12.94,-2.92));
#8912 = DIRECTION('',(1.735167508357E-18,-0.707106781187,-0.707106781187
    ));
#8913 = DIRECTION('',(-1.,-1.226948711654E-18,-1.226948711654E-18));
#8914 = ADVANCED_FACE('',(#8915),#8940,.F.);
#8915 = FACE_BOUND('',#8916,.F.);
#8916 = EDGE_LOOP('',(#8917,#8925,#8926,#8934));
#8917 = ORIENTED_EDGE('',*,*,#8918,.F.);
#8918 = EDGE_CURVE('',#6999,#8919,#8921,.T.);
#8919 = VERTEX_POINT('',#8920);
#8920 = CARTESIAN_POINT('',(0.16,-10.32,-3.));
#8921 = LINE('',#8922,#8923);
#8922 = CARTESIAN_POINT('',(0.16,-10.32,-3.));
#8923 = VECTOR('',#8924,1.);
#8924 = DIRECTION('',(-0.57735026919,0.57735026919,-0.57735026919));
#8925 = ORIENTED_EDGE('',*,*,#7006,.T.);
#8926 = ORIENTED_EDGE('',*,*,#8927,.T.);
#8927 = EDGE_CURVE('',#7007,#8928,#8930,.T.);
#8928 = VERTEX_POINT('',#8929);
#8929 = CARTESIAN_POINT('',(0.16,-10.,-3.));
#8930 = LINE('',#8931,#8932);
#8931 = CARTESIAN_POINT('',(5.333333333333E-02,-10.10666666666,
    -3.106666666667));
#8932 = VECTOR('',#8933,1.);
#8933 = DIRECTION('',(-0.57735026919,-0.57735026919,-0.57735026919));
#8934 = ORIENTED_EDGE('',*,*,#8935,.F.);
#8935 = EDGE_CURVE('',#8919,#8928,#8936,.T.);
#8936 = LINE('',#8937,#8938);
#8937 = CARTESIAN_POINT('',(0.16,-10.48,-3.));
#8938 = VECTOR('',#8939,1.);
#8939 = DIRECTION('',(0.,1.,0.));
#8940 = PLANE('',#8941);
#8941 = AXIS2_PLACEMENT_3D('',#8942,#8943,#8944);
#8942 = CARTESIAN_POINT('',(0.24,-10.48,-2.92));
#8943 = DIRECTION('',(-0.707106781187,1.735167508357E-18,0.707106781187)
  );
#8944 = DIRECTION('',(1.226948711654E-18,1.,-1.226948711654E-18));
#8945 = ADVANCED_FACE('',(#8946),#8964,.F.);
#8946 = FACE_BOUND('',#8947,.T.);
#8947 = EDGE_LOOP('',(#8948,#8956,#8957,#8958));
#8948 = ORIENTED_EDGE('',*,*,#8949,.F.);
#8949 = EDGE_CURVE('',#7031,#8950,#8952,.T.);
#8950 = VERTEX_POINT('',#8951);
#8951 = CARTESIAN_POINT('',(-0.16,-10.,-3.));
#8952 = LINE('',#8953,#8954);
#8953 = CARTESIAN_POINT('',(-0.16,-10.,-3.));
#8954 = VECTOR('',#8955,1.);
#8955 = DIRECTION('',(0.57735026919,-0.57735026919,-0.57735026919));
#8956 = ORIENTED_EDGE('',*,*,#7030,.T.);
#8957 = ORIENTED_EDGE('',*,*,#8927,.T.);
#8958 = ORIENTED_EDGE('',*,*,#8959,.F.);
#8959 = EDGE_CURVE('',#8950,#8928,#8960,.T.);
#8960 = LINE('',#8961,#8962);
#8961 = CARTESIAN_POINT('',(-0.32,-10.,-3.));
#8962 = VECTOR('',#8963,1.);
#8963 = DIRECTION('',(1.,0.,0.));
#8964 = PLANE('',#8965);
#8965 = AXIS2_PLACEMENT_3D('',#8966,#8967,#8968);
#8966 = CARTESIAN_POINT('',(-0.32,-9.92,-2.92));
#8967 = DIRECTION('',(-1.735167508357E-18,-0.707106781187,0.707106781187
    ));
#8968 = DIRECTION('',(-1.,1.226948711654E-18,-1.226948711654E-18));
#8969 = ADVANCED_FACE('',(#8970),#8988,.T.);
#8970 = FACE_BOUND('',#8971,.T.);
#8971 = EDGE_LOOP('',(#8972,#8980,#8981,#8982));
#8972 = ORIENTED_EDGE('',*,*,#8973,.F.);
#8973 = EDGE_CURVE('',#7054,#8974,#8976,.T.);
#8974 = VERTEX_POINT('',#8975);
#8975 = CARTESIAN_POINT('',(-0.16,-10.32,-3.));
#8976 = LINE('',#8977,#8978);
#8977 = CARTESIAN_POINT('',(-0.266666666667,-10.42666666666,
    -2.893333333333));
#8978 = VECTOR('',#8979,1.);
#8979 = DIRECTION('',(0.57735026919,0.57735026919,-0.57735026919));
#8980 = ORIENTED_EDGE('',*,*,#7061,.T.);
#8981 = ORIENTED_EDGE('',*,*,#8949,.T.);
#8982 = ORIENTED_EDGE('',*,*,#8983,.F.);
#8983 = EDGE_CURVE('',#8974,#8950,#8984,.T.);
#8984 = LINE('',#8985,#8986);
#8985 = CARTESIAN_POINT('',(-0.16,-10.48,-3.));
#8986 = VECTOR('',#8987,1.);
#8987 = DIRECTION('',(0.,1.,0.));
#8988 = PLANE('',#8989);
#8989 = AXIS2_PLACEMENT_3D('',#8990,#8991,#8992);
#8990 = CARTESIAN_POINT('',(-0.24,-10.48,-2.92));
#8991 = DIRECTION('',(-0.707106781187,-1.735167508357E-18,
    -0.707106781187));
#8992 = DIRECTION('',(-1.226948711654E-18,1.,-1.226948711654E-18));
#8993 = ADVANCED_FACE('',(#8994),#9005,.T.);
#8994 = FACE_BOUND('',#8995,.F.);
#8995 = EDGE_LOOP('',(#8996,#8997,#8998,#8999));
#8996 = ORIENTED_EDGE('',*,*,#8973,.F.);
#8997 = ORIENTED_EDGE('',*,*,#7078,.T.);
#8998 = ORIENTED_EDGE('',*,*,#8918,.T.);
#8999 = ORIENTED_EDGE('',*,*,#9000,.F.);
#9000 = EDGE_CURVE('',#8974,#8919,#9001,.T.);
#9001 = LINE('',#9002,#9003);
#9002 = CARTESIAN_POINT('',(-0.32,-10.32,-3.));
#9003 = VECTOR('',#9004,1.);
#9004 = DIRECTION('',(1.,0.,0.));
#9005 = PLANE('',#9006);
#9006 = AXIS2_PLACEMENT_3D('',#9007,#9008,#9009);
#9007 = CARTESIAN_POINT('',(-0.32,-10.4,-2.92));
#9008 = DIRECTION('',(1.735167508357E-18,-0.707106781187,-0.707106781187
    ));
#9009 = DIRECTION('',(-1.,-1.226948711654E-18,-1.226948711654E-18));
#9010 = ADVANCED_FACE('',(#9011),#9036,.F.);
#9011 = FACE_BOUND('',#9012,.F.);
#9012 = EDGE_LOOP('',(#9013,#9021,#9022,#9030));
#9013 = ORIENTED_EDGE('',*,*,#9014,.F.);
#9014 = EDGE_CURVE('',#7095,#9015,#9017,.T.);
#9015 = VERTEX_POINT('',#9016);
#9016 = CARTESIAN_POINT('',(0.16,-7.78,-3.));
#9017 = LINE('',#9018,#9019);
#9018 = CARTESIAN_POINT('',(0.16,-7.78,-3.));
#9019 = VECTOR('',#9020,1.);
#9020 = DIRECTION('',(-0.57735026919,0.57735026919,-0.57735026919));
#9021 = ORIENTED_EDGE('',*,*,#7102,.T.);
#9022 = ORIENTED_EDGE('',*,*,#9023,.T.);
#9023 = EDGE_CURVE('',#7103,#9024,#9026,.T.);
#9024 = VERTEX_POINT('',#9025);
#9025 = CARTESIAN_POINT('',(0.16,-7.46,-3.));
#9026 = LINE('',#9027,#9028);
#9027 = CARTESIAN_POINT('',(5.333333333333E-02,-7.566666666667,
    -3.106666666667));
#9028 = VECTOR('',#9029,1.);
#9029 = DIRECTION('',(-0.57735026919,-0.57735026919,-0.57735026919));
#9030 = ORIENTED_EDGE('',*,*,#9031,.F.);
#9031 = EDGE_CURVE('',#9015,#9024,#9032,.T.);
#9032 = LINE('',#9033,#9034);
#9033 = CARTESIAN_POINT('',(0.16,-7.94,-3.));
#9034 = VECTOR('',#9035,1.);
#9035 = DIRECTION('',(0.,1.,0.));
#9036 = PLANE('',#9037);
#9037 = AXIS2_PLACEMENT_3D('',#9038,#9039,#9040);
#9038 = CARTESIAN_POINT('',(0.24,-7.94,-2.92));
#9039 = DIRECTION('',(-0.707106781187,1.735167508357E-18,0.707106781187)
  );
#9040 = DIRECTION('',(1.226948711654E-18,1.,-1.226948711654E-18));
#9041 = ADVANCED_FACE('',(#9042),#9060,.F.);
#9042 = FACE_BOUND('',#9043,.T.);
#9043 = EDGE_LOOP('',(#9044,#9052,#9053,#9054));
#9044 = ORIENTED_EDGE('',*,*,#9045,.F.);
#9045 = EDGE_CURVE('',#7127,#9046,#9048,.T.);
#9046 = VERTEX_POINT('',#9047);
#9047 = CARTESIAN_POINT('',(-0.16,-7.46,-3.));
#9048 = LINE('',#9049,#9050);
#9049 = CARTESIAN_POINT('',(-0.16,-7.46,-3.));
#9050 = VECTOR('',#9051,1.);
#9051 = DIRECTION('',(0.57735026919,-0.57735026919,-0.57735026919));
#9052 = ORIENTED_EDGE('',*,*,#7126,.T.);
#9053 = ORIENTED_EDGE('',*,*,#9023,.T.);
#9054 = ORIENTED_EDGE('',*,*,#9055,.F.);
#9055 = EDGE_CURVE('',#9046,#9024,#9056,.T.);
#9056 = LINE('',#9057,#9058);
#9057 = CARTESIAN_POINT('',(-0.32,-7.46,-3.));
#9058 = VECTOR('',#9059,1.);
#9059 = DIRECTION('',(1.,0.,0.));
#9060 = PLANE('',#9061);
#9061 = AXIS2_PLACEMENT_3D('',#9062,#9063,#9064);
#9062 = CARTESIAN_POINT('',(-0.32,-7.38,-2.92));
#9063 = DIRECTION('',(-1.735167508357E-18,-0.707106781187,0.707106781187
    ));
#9064 = DIRECTION('',(-1.,1.226948711654E-18,-1.226948711654E-18));
#9065 = ADVANCED_FACE('',(#9066),#9084,.T.);
#9066 = FACE_BOUND('',#9067,.T.);
#9067 = EDGE_LOOP('',(#9068,#9076,#9077,#9078));
#9068 = ORIENTED_EDGE('',*,*,#9069,.F.);
#9069 = EDGE_CURVE('',#7150,#9070,#9072,.T.);
#9070 = VERTEX_POINT('',#9071);
#9071 = CARTESIAN_POINT('',(-0.16,-7.78,-3.));
#9072 = LINE('',#9073,#9074);
#9073 = CARTESIAN_POINT('',(-0.266666666667,-7.886666666667,
    -2.893333333333));
#9074 = VECTOR('',#9075,1.);
#9075 = DIRECTION('',(0.57735026919,0.57735026919,-0.57735026919));
#9076 = ORIENTED_EDGE('',*,*,#7157,.T.);
#9077 = ORIENTED_EDGE('',*,*,#9045,.T.);
#9078 = ORIENTED_EDGE('',*,*,#9079,.F.);
#9079 = EDGE_CURVE('',#9070,#9046,#9080,.T.);
#9080 = LINE('',#9081,#9082);
#9081 = CARTESIAN_POINT('',(-0.16,-7.94,-3.));
#9082 = VECTOR('',#9083,1.);
#9083 = DIRECTION('',(0.,1.,0.));
#9084 = PLANE('',#9085);
#9085 = AXIS2_PLACEMENT_3D('',#9086,#9087,#9088);
#9086 = CARTESIAN_POINT('',(-0.24,-7.94,-2.92));
#9087 = DIRECTION('',(-0.707106781187,-1.735167508357E-18,
    -0.707106781187));
#9088 = DIRECTION('',(-1.226948711654E-18,1.,-1.226948711654E-18));
#9089 = ADVANCED_FACE('',(#9090),#9101,.T.);
#9090 = FACE_BOUND('',#9091,.F.);
#9091 = EDGE_LOOP('',(#9092,#9093,#9094,#9095));
#9092 = ORIENTED_EDGE('',*,*,#9069,.F.);
#9093 = ORIENTED_EDGE('',*,*,#7174,.T.);
#9094 = ORIENTED_EDGE('',*,*,#9014,.T.);
#9095 = ORIENTED_EDGE('',*,*,#9096,.F.);
#9096 = EDGE_CURVE('',#9070,#9015,#9097,.T.);
#9097 = LINE('',#9098,#9099);
#9098 = CARTESIAN_POINT('',(-0.32,-7.78,-3.));
#9099 = VECTOR('',#9100,1.);
#9100 = DIRECTION('',(1.,0.,0.));
#9101 = PLANE('',#9102);
#9102 = AXIS2_PLACEMENT_3D('',#9103,#9104,#9105);
#9103 = CARTESIAN_POINT('',(-0.32,-7.86,-2.92));
#9104 = DIRECTION('',(1.735167508357E-18,-0.707106781187,-0.707106781187
    ));
#9105 = DIRECTION('',(-1.,-1.226948711654E-18,-1.226948711654E-18));
#9106 = ADVANCED_FACE('',(#9107),#9132,.T.);
#9107 = FACE_BOUND('',#9108,.F.);
#9108 = EDGE_LOOP('',(#9109,#9117,#9118,#9126));
#9109 = ORIENTED_EDGE('',*,*,#9110,.F.);
#9110 = EDGE_CURVE('',#7199,#9111,#9113,.T.);
#9111 = VERTEX_POINT('',#9112);
#9112 = CARTESIAN_POINT('',(-0.16,-17.94,-3.));
#9113 = LINE('',#9114,#9115);
#9114 = CARTESIAN_POINT('',(-0.266666666667,-18.04666666666,
    -2.893333333333));
#9115 = VECTOR('',#9116,1.);
#9116 = DIRECTION('',(0.57735026919,0.57735026919,-0.57735026919));
#9117 = ORIENTED_EDGE('',*,*,#7198,.T.);
#9118 = ORIENTED_EDGE('',*,*,#9119,.T.);
#9119 = EDGE_CURVE('',#7191,#9120,#9122,.T.);
#9120 = VERTEX_POINT('',#9121);
#9121 = CARTESIAN_POINT('',(0.16,-17.94,-3.));
#9122 = LINE('',#9123,#9124);
#9123 = CARTESIAN_POINT('',(0.16,-17.94,-3.));
#9124 = VECTOR('',#9125,1.);
#9125 = DIRECTION('',(-0.57735026919,0.57735026919,-0.57735026919));
#9126 = ORIENTED_EDGE('',*,*,#9127,.F.);
#9127 = EDGE_CURVE('',#9111,#9120,#9128,.T.);
#9128 = LINE('',#9129,#9130);
#9129 = CARTESIAN_POINT('',(-0.32,-17.94,-3.));
#9130 = VECTOR('',#9131,1.);
#9131 = DIRECTION('',(1.,0.,0.));
#9132 = PLANE('',#9133);
#9133 = AXIS2_PLACEMENT_3D('',#9134,#9135,#9136);
#9134 = CARTESIAN_POINT('',(-0.32,-18.02,-2.92));
#9135 = DIRECTION('',(1.735167508357E-18,-0.707106781187,-0.707106781187
    ));
#9136 = DIRECTION('',(-1.,-1.226948711654E-18,-1.226948711654E-18));
#9137 = ADVANCED_FACE('',(#9138),#9156,.F.);
#9138 = FACE_BOUND('',#9139,.F.);
#9139 = EDGE_LOOP('',(#9140,#9141,#9142,#9150));
#9140 = ORIENTED_EDGE('',*,*,#9119,.F.);
#9141 = ORIENTED_EDGE('',*,*,#7222,.T.);
#9142 = ORIENTED_EDGE('',*,*,#9143,.T.);
#9143 = EDGE_CURVE('',#7223,#9144,#9146,.T.);
#9144 = VERTEX_POINT('',#9145);
#9145 = CARTESIAN_POINT('',(0.16,-17.62,-3.));
#9146 = LINE('',#9147,#9148);
#9147 = CARTESIAN_POINT('',(5.333333333333E-02,-17.72666666666,
    -3.106666666667));
#9148 = VECTOR('',#9149,1.);
#9149 = DIRECTION('',(-0.57735026919,-0.57735026919,-0.57735026919));
#9150 = ORIENTED_EDGE('',*,*,#9151,.F.);
#9151 = EDGE_CURVE('',#9120,#9144,#9152,.T.);
#9152 = LINE('',#9153,#9154);
#9153 = CARTESIAN_POINT('',(0.16,-18.1,-3.));
#9154 = VECTOR('',#9155,1.);
#9155 = DIRECTION('',(0.,1.,0.));
#9156 = PLANE('',#9157);
#9157 = AXIS2_PLACEMENT_3D('',#9158,#9159,#9160);
#9158 = CARTESIAN_POINT('',(0.24,-18.1,-2.92));
#9159 = DIRECTION('',(-0.707106781187,1.735167508357E-18,0.707106781187)
  );
#9160 = DIRECTION('',(1.226948711654E-18,1.,-1.226948711654E-18));
#9161 = ADVANCED_FACE('',(#9162),#9180,.F.);
#9162 = FACE_BOUND('',#9163,.T.);
#9163 = EDGE_LOOP('',(#9164,#9172,#9173,#9174));
#9164 = ORIENTED_EDGE('',*,*,#9165,.F.);
#9165 = EDGE_CURVE('',#7247,#9166,#9168,.T.);
#9166 = VERTEX_POINT('',#9167);
#9167 = CARTESIAN_POINT('',(-0.16,-17.62,-3.));
#9168 = LINE('',#9169,#9170);
#9169 = CARTESIAN_POINT('',(-0.16,-17.62,-3.));
#9170 = VECTOR('',#9171,1.);
#9171 = DIRECTION('',(0.57735026919,-0.57735026919,-0.57735026919));
#9172 = ORIENTED_EDGE('',*,*,#7246,.T.);
#9173 = ORIENTED_EDGE('',*,*,#9143,.T.);
#9174 = ORIENTED_EDGE('',*,*,#9175,.F.);
#9175 = EDGE_CURVE('',#9166,#9144,#9176,.T.);
#9176 = LINE('',#9177,#9178);
#9177 = CARTESIAN_POINT('',(-0.32,-17.62,-3.));
#9178 = VECTOR('',#9179,1.);
#9179 = DIRECTION('',(1.,0.,0.));
#9180 = PLANE('',#9181);
#9181 = AXIS2_PLACEMENT_3D('',#9182,#9183,#9184);
#9182 = CARTESIAN_POINT('',(-0.32,-17.54,-2.92));
#9183 = DIRECTION('',(-1.735167508357E-18,-0.707106781187,0.707106781187
    ));
#9184 = DIRECTION('',(-1.,1.226948711654E-18,-1.226948711654E-18));
#9185 = ADVANCED_FACE('',(#9186),#9197,.T.);
#9186 = FACE_BOUND('',#9187,.T.);
#9187 = EDGE_LOOP('',(#9188,#9189,#9190,#9191));
#9188 = ORIENTED_EDGE('',*,*,#9110,.F.);
#9189 = ORIENTED_EDGE('',*,*,#7270,.T.);
#9190 = ORIENTED_EDGE('',*,*,#9165,.T.);
#9191 = ORIENTED_EDGE('',*,*,#9192,.F.);
#9192 = EDGE_CURVE('',#9111,#9166,#9193,.T.);
#9193 = LINE('',#9194,#9195);
#9194 = CARTESIAN_POINT('',(-0.16,-18.1,-3.));
#9195 = VECTOR('',#9196,1.);
#9196 = DIRECTION('',(0.,1.,0.));
#9197 = PLANE('',#9198);
#9198 = AXIS2_PLACEMENT_3D('',#9199,#9200,#9201);
#9199 = CARTESIAN_POINT('',(-0.24,-18.1,-2.92));
#9200 = DIRECTION('',(-0.707106781187,-1.735167508357E-18,
    -0.707106781187));
#9201 = DIRECTION('',(-1.226948711654E-18,1.,-1.226948711654E-18));
#9202 = ADVANCED_FACE('',(#9203),#9228,.F.);
#9203 = FACE_BOUND('',#9204,.F.);
#9204 = EDGE_LOOP('',(#9205,#9213,#9214,#9222));
#9205 = ORIENTED_EDGE('',*,*,#9206,.F.);
#9206 = EDGE_CURVE('',#7287,#9207,#9209,.T.);
#9207 = VERTEX_POINT('',#9208);
#9208 = CARTESIAN_POINT('',(0.16,-15.4,-3.));
#9209 = LINE('',#9210,#9211);
#9210 = CARTESIAN_POINT('',(0.16,-15.4,-3.));
#9211 = VECTOR('',#9212,1.);
#9212 = DIRECTION('',(-0.57735026919,0.57735026919,-0.57735026919));
#9213 = ORIENTED_EDGE('',*,*,#7294,.T.);
#9214 = ORIENTED_EDGE('',*,*,#9215,.T.);
#9215 = EDGE_CURVE('',#7295,#9216,#9218,.T.);
#9216 = VERTEX_POINT('',#9217);
#9217 = CARTESIAN_POINT('',(0.16,-15.08,-3.));
#9218 = LINE('',#9219,#9220);
#9219 = CARTESIAN_POINT('',(5.333333333333E-02,-15.18666666666,
    -3.106666666667));
#9220 = VECTOR('',#9221,1.);
#9221 = DIRECTION('',(-0.57735026919,-0.57735026919,-0.57735026919));
#9222 = ORIENTED_EDGE('',*,*,#9223,.F.);
#9223 = EDGE_CURVE('',#9207,#9216,#9224,.T.);
#9224 = LINE('',#9225,#9226);
#9225 = CARTESIAN_POINT('',(0.16,-15.56,-3.));
#9226 = VECTOR('',#9227,1.);
#9227 = DIRECTION('',(0.,1.,0.));
#9228 = PLANE('',#9229);
#9229 = AXIS2_PLACEMENT_3D('',#9230,#9231,#9232);
#9230 = CARTESIAN_POINT('',(0.24,-15.56,-2.92));
#9231 = DIRECTION('',(-0.707106781187,1.735167508357E-18,0.707106781187)
  );
#9232 = DIRECTION('',(1.226948711654E-18,1.,-1.226948711654E-18));
#9233 = ADVANCED_FACE('',(#9234),#9252,.F.);
#9234 = FACE_BOUND('',#9235,.T.);
#9235 = EDGE_LOOP('',(#9236,#9244,#9245,#9246));
#9236 = ORIENTED_EDGE('',*,*,#9237,.F.);
#9237 = EDGE_CURVE('',#7319,#9238,#9240,.T.);
#9238 = VERTEX_POINT('',#9239);
#9239 = CARTESIAN_POINT('',(-0.16,-15.08,-3.));
#9240 = LINE('',#9241,#9242);
#9241 = CARTESIAN_POINT('',(-0.16,-15.08,-3.));
#9242 = VECTOR('',#9243,1.);
#9243 = DIRECTION('',(0.57735026919,-0.57735026919,-0.57735026919));
#9244 = ORIENTED_EDGE('',*,*,#7318,.T.);
#9245 = ORIENTED_EDGE('',*,*,#9215,.T.);
#9246 = ORIENTED_EDGE('',*,*,#9247,.F.);
#9247 = EDGE_CURVE('',#9238,#9216,#9248,.T.);
#9248 = LINE('',#9249,#9250);
#9249 = CARTESIAN_POINT('',(-0.32,-15.08,-3.));
#9250 = VECTOR('',#9251,1.);
#9251 = DIRECTION('',(1.,0.,0.));
#9252 = PLANE('',#9253);
#9253 = AXIS2_PLACEMENT_3D('',#9254,#9255,#9256);
#9254 = CARTESIAN_POINT('',(-0.32,-15.,-2.92));
#9255 = DIRECTION('',(-1.735167508357E-18,-0.707106781187,0.707106781187
    ));
#9256 = DIRECTION('',(-1.,1.226948711654E-18,-1.226948711654E-18));
#9257 = ADVANCED_FACE('',(#9258),#9276,.T.);
#9258 = FACE_BOUND('',#9259,.T.);
#9259 = EDGE_LOOP('',(#9260,#9268,#9269,#9270));
#9260 = ORIENTED_EDGE('',*,*,#9261,.F.);
#9261 = EDGE_CURVE('',#7342,#9262,#9264,.T.);
#9262 = VERTEX_POINT('',#9263);
#9263 = CARTESIAN_POINT('',(-0.16,-15.4,-3.));
#9264 = LINE('',#9265,#9266);
#9265 = CARTESIAN_POINT('',(-0.266666666667,-15.50666666666,
    -2.893333333333));
#9266 = VECTOR('',#9267,1.);
#9267 = DIRECTION('',(0.57735026919,0.57735026919,-0.57735026919));
#9268 = ORIENTED_EDGE('',*,*,#7349,.T.);
#9269 = ORIENTED_EDGE('',*,*,#9237,.T.);
#9270 = ORIENTED_EDGE('',*,*,#9271,.F.);
#9271 = EDGE_CURVE('',#9262,#9238,#9272,.T.);
#9272 = LINE('',#9273,#9274);
#9273 = CARTESIAN_POINT('',(-0.16,-15.56,-3.));
#9274 = VECTOR('',#9275,1.);
#9275 = DIRECTION('',(0.,1.,0.));
#9276 = PLANE('',#9277);
#9277 = AXIS2_PLACEMENT_3D('',#9278,#9279,#9280);
#9278 = CARTESIAN_POINT('',(-0.24,-15.56,-2.92));
#9279 = DIRECTION('',(-0.707106781187,-1.735167508357E-18,
    -0.707106781187));
#9280 = DIRECTION('',(-1.226948711654E-18,1.,-1.226948711654E-18));
#9281 = ADVANCED_FACE('',(#9282),#9293,.T.);
#9282 = FACE_BOUND('',#9283,.F.);
#9283 = EDGE_LOOP('',(#9284,#9285,#9286,#9287));
#9284 = ORIENTED_EDGE('',*,*,#9261,.F.);
#9285 = ORIENTED_EDGE('',*,*,#7366,.T.);
#9286 = ORIENTED_EDGE('',*,*,#9206,.T.);
#9287 = ORIENTED_EDGE('',*,*,#9288,.F.);
#9288 = EDGE_CURVE('',#9262,#9207,#9289,.T.);
#9289 = LINE('',#9290,#9291);
#9290 = CARTESIAN_POINT('',(-0.32,-15.4,-3.));
#9291 = VECTOR('',#9292,1.);
#9292 = DIRECTION('',(1.,0.,0.));
#9293 = PLANE('',#9294);
#9294 = AXIS2_PLACEMENT_3D('',#9295,#9296,#9297);
#9295 = CARTESIAN_POINT('',(-0.32,-15.48,-2.92));
#9296 = DIRECTION('',(1.735167508357E-18,-0.707106781187,-0.707106781187
    ));
#9297 = DIRECTION('',(-1.,-1.226948711654E-18,-1.226948711654E-18));
#9298 = ADVANCED_FACE('',(#9299),#9324,.F.);
#9299 = FACE_BOUND('',#9300,.F.);
#9300 = EDGE_LOOP('',(#9301,#9309,#9310,#9318));
#9301 = ORIENTED_EDGE('',*,*,#9302,.F.);
#9302 = EDGE_CURVE('',#7383,#9303,#9305,.T.);
#9303 = VERTEX_POINT('',#9304);
#9304 = CARTESIAN_POINT('',(0.16,-23.02,-3.));
#9305 = LINE('',#9306,#9307);
#9306 = CARTESIAN_POINT('',(0.16,-23.02,-3.));
#9307 = VECTOR('',#9308,1.);
#9308 = DIRECTION('',(-0.57735026919,0.57735026919,-0.57735026919));
#9309 = ORIENTED_EDGE('',*,*,#7390,.T.);
#9310 = ORIENTED_EDGE('',*,*,#9311,.T.);
#9311 = EDGE_CURVE('',#7391,#9312,#9314,.T.);
#9312 = VERTEX_POINT('',#9313);
#9313 = CARTESIAN_POINT('',(0.16,-22.7,-3.));
#9314 = LINE('',#9315,#9316);
#9315 = CARTESIAN_POINT('',(5.333333333333E-02,-22.80666666666,
    -3.106666666667));
#9316 = VECTOR('',#9317,1.);
#9317 = DIRECTION('',(-0.57735026919,-0.57735026919,-0.57735026919));
#9318 = ORIENTED_EDGE('',*,*,#9319,.F.);
#9319 = EDGE_CURVE('',#9303,#9312,#9320,.T.);
#9320 = LINE('',#9321,#9322);
#9321 = CARTESIAN_POINT('',(0.16,-23.18,-3.));
#9322 = VECTOR('',#9323,1.);
#9323 = DIRECTION('',(0.,1.,0.));
#9324 = PLANE('',#9325);
#9325 = AXIS2_PLACEMENT_3D('',#9326,#9327,#9328);
#9326 = CARTESIAN_POINT('',(0.24,-23.18,-2.92));
#9327 = DIRECTION('',(-0.707106781187,1.735167508357E-18,0.707106781187)
  );
#9328 = DIRECTION('',(1.226948711654E-18,1.,-1.226948711654E-18));
#9329 = ADVANCED_FACE('',(#9330),#9348,.F.);
#9330 = FACE_BOUND('',#9331,.T.);
#9331 = EDGE_LOOP('',(#9332,#9340,#9341,#9342));
#9332 = ORIENTED_EDGE('',*,*,#9333,.F.);
#9333 = EDGE_CURVE('',#7415,#9334,#9336,.T.);
#9334 = VERTEX_POINT('',#9335);
#9335 = CARTESIAN_POINT('',(-0.16,-22.7,-3.));
#9336 = LINE('',#9337,#9338);
#9337 = CARTESIAN_POINT('',(-0.16,-22.7,-3.));
#9338 = VECTOR('',#9339,1.);
#9339 = DIRECTION('',(0.57735026919,-0.57735026919,-0.57735026919));
#9340 = ORIENTED_EDGE('',*,*,#7414,.T.);
#9341 = ORIENTED_EDGE('',*,*,#9311,.T.);
#9342 = ORIENTED_EDGE('',*,*,#9343,.F.);
#9343 = EDGE_CURVE('',#9334,#9312,#9344,.T.);
#9344 = LINE('',#9345,#9346);
#9345 = CARTESIAN_POINT('',(-0.32,-22.7,-3.));
#9346 = VECTOR('',#9347,1.);
#9347 = DIRECTION('',(1.,0.,0.));
#9348 = PLANE('',#9349);
#9349 = AXIS2_PLACEMENT_3D('',#9350,#9351,#9352);
#9350 = CARTESIAN_POINT('',(-0.32,-22.62,-2.92));
#9351 = DIRECTION('',(-1.735167508357E-18,-0.707106781187,0.707106781187
    ));
#9352 = DIRECTION('',(-1.,1.226948711654E-18,-1.226948711654E-18));
#9353 = ADVANCED_FACE('',(#9354),#9372,.T.);
#9354 = FACE_BOUND('',#9355,.T.);
#9355 = EDGE_LOOP('',(#9356,#9364,#9365,#9366));
#9356 = ORIENTED_EDGE('',*,*,#9357,.F.);
#9357 = EDGE_CURVE('',#7438,#9358,#9360,.T.);
#9358 = VERTEX_POINT('',#9359);
#9359 = CARTESIAN_POINT('',(-0.16,-23.02,-3.));
#9360 = LINE('',#9361,#9362);
#9361 = CARTESIAN_POINT('',(-0.266666666667,-23.12666666666,
    -2.893333333333));
#9362 = VECTOR('',#9363,1.);
#9363 = DIRECTION('',(0.57735026919,0.57735026919,-0.57735026919));
#9364 = ORIENTED_EDGE('',*,*,#7445,.T.);
#9365 = ORIENTED_EDGE('',*,*,#9333,.T.);
#9366 = ORIENTED_EDGE('',*,*,#9367,.F.);
#9367 = EDGE_CURVE('',#9358,#9334,#9368,.T.);
#9368 = LINE('',#9369,#9370);
#9369 = CARTESIAN_POINT('',(-0.16,-23.18,-3.));
#9370 = VECTOR('',#9371,1.);
#9371 = DIRECTION('',(0.,1.,0.));
#9372 = PLANE('',#9373);
#9373 = AXIS2_PLACEMENT_3D('',#9374,#9375,#9376);
#9374 = CARTESIAN_POINT('',(-0.24,-23.18,-2.92));
#9375 = DIRECTION('',(-0.707106781187,-1.735167508357E-18,
    -0.707106781187));
#9376 = DIRECTION('',(-1.226948711654E-18,1.,-1.226948711654E-18));
#9377 = ADVANCED_FACE('',(#9378),#9389,.T.);
#9378 = FACE_BOUND('',#9379,.F.);
#9379 = EDGE_LOOP('',(#9380,#9381,#9382,#9383));
#9380 = ORIENTED_EDGE('',*,*,#9357,.F.);
#9381 = ORIENTED_EDGE('',*,*,#7462,.T.);
#9382 = ORIENTED_EDGE('',*,*,#9302,.T.);
#9383 = ORIENTED_EDGE('',*,*,#9384,.F.);
#9384 = EDGE_CURVE('',#9358,#9303,#9385,.T.);
#9385 = LINE('',#9386,#9387);
#9386 = CARTESIAN_POINT('',(-0.32,-23.02,-3.));
#9387 = VECTOR('',#9388,1.);
#9388 = DIRECTION('',(1.,0.,0.));
#9389 = PLANE('',#9390);
#9390 = AXIS2_PLACEMENT_3D('',#9391,#9392,#9393);
#9391 = CARTESIAN_POINT('',(-0.32,-23.1,-2.92));
#9392 = DIRECTION('',(1.735167508357E-18,-0.707106781187,-0.707106781187
    ));
#9393 = DIRECTION('',(-1.,-1.226948711654E-18,-1.226948711654E-18));
#9394 = ADVANCED_FACE('',(#9395),#9420,.T.);
#9395 = FACE_BOUND('',#9396,.F.);
#9396 = EDGE_LOOP('',(#9397,#9405,#9406,#9414));
#9397 = ORIENTED_EDGE('',*,*,#9398,.F.);
#9398 = EDGE_CURVE('',#7487,#9399,#9401,.T.);
#9399 = VERTEX_POINT('',#9400);
#9400 = CARTESIAN_POINT('',(-0.16,-20.48,-3.));
#9401 = LINE('',#9402,#9403);
#9402 = CARTESIAN_POINT('',(-0.266666666667,-20.58666666666,
    -2.893333333333));
#9403 = VECTOR('',#9404,1.);
#9404 = DIRECTION('',(0.57735026919,0.57735026919,-0.57735026919));
#9405 = ORIENTED_EDGE('',*,*,#7486,.T.);
#9406 = ORIENTED_EDGE('',*,*,#9407,.T.);
#9407 = EDGE_CURVE('',#7479,#9408,#9410,.T.);
#9408 = VERTEX_POINT('',#9409);
#9409 = CARTESIAN_POINT('',(0.16,-20.48,-3.));
#9410 = LINE('',#9411,#9412);
#9411 = CARTESIAN_POINT('',(0.16,-20.48,-3.));
#9412 = VECTOR('',#9413,1.);
#9413 = DIRECTION('',(-0.57735026919,0.57735026919,-0.57735026919));
#9414 = ORIENTED_EDGE('',*,*,#9415,.F.);
#9415 = EDGE_CURVE('',#9399,#9408,#9416,.T.);
#9416 = LINE('',#9417,#9418);
#9417 = CARTESIAN_POINT('',(-0.32,-20.48,-3.));
#9418 = VECTOR('',#9419,1.);
#9419 = DIRECTION('',(1.,0.,0.));
#9420 = PLANE('',#9421);
#9421 = AXIS2_PLACEMENT_3D('',#9422,#9423,#9424);
#9422 = CARTESIAN_POINT('',(-0.32,-20.56,-2.92));
#9423 = DIRECTION('',(1.735167508357E-18,-0.707106781187,-0.707106781187
    ));
#9424 = DIRECTION('',(-1.,-1.226948711654E-18,-1.226948711654E-18));
#9425 = ADVANCED_FACE('',(#9426),#9444,.F.);
#9426 = FACE_BOUND('',#9427,.F.);
#9427 = EDGE_LOOP('',(#9428,#9429,#9430,#9438));
#9428 = ORIENTED_EDGE('',*,*,#9407,.F.);
#9429 = ORIENTED_EDGE('',*,*,#7510,.T.);
#9430 = ORIENTED_EDGE('',*,*,#9431,.T.);
#9431 = EDGE_CURVE('',#7511,#9432,#9434,.T.);
#9432 = VERTEX_POINT('',#9433);
#9433 = CARTESIAN_POINT('',(0.16,-20.16,-3.));
#9434 = LINE('',#9435,#9436);
#9435 = CARTESIAN_POINT('',(5.333333333333E-02,-20.26666666666,
    -3.106666666667));
#9436 = VECTOR('',#9437,1.);
#9437 = DIRECTION('',(-0.57735026919,-0.57735026919,-0.57735026919));
#9438 = ORIENTED_EDGE('',*,*,#9439,.F.);
#9439 = EDGE_CURVE('',#9408,#9432,#9440,.T.);
#9440 = LINE('',#9441,#9442);
#9441 = CARTESIAN_POINT('',(0.16,-20.64,-3.));
#9442 = VECTOR('',#9443,1.);
#9443 = DIRECTION('',(0.,1.,0.));
#9444 = PLANE('',#9445);
#9445 = AXIS2_PLACEMENT_3D('',#9446,#9447,#9448);
#9446 = CARTESIAN_POINT('',(0.24,-20.64,-2.92));
#9447 = DIRECTION('',(-0.707106781187,1.735167508357E-18,0.707106781187)
  );
#9448 = DIRECTION('',(1.226948711654E-18,1.,-1.226948711654E-18));
#9449 = ADVANCED_FACE('',(#9450),#9468,.F.);
#9450 = FACE_BOUND('',#9451,.T.);
#9451 = EDGE_LOOP('',(#9452,#9460,#9461,#9462));
#9452 = ORIENTED_EDGE('',*,*,#9453,.F.);
#9453 = EDGE_CURVE('',#7535,#9454,#9456,.T.);
#9454 = VERTEX_POINT('',#9455);
#9455 = CARTESIAN_POINT('',(-0.16,-20.16,-3.));
#9456 = LINE('',#9457,#9458);
#9457 = CARTESIAN_POINT('',(-0.16,-20.16,-3.));
#9458 = VECTOR('',#9459,1.);
#9459 = DIRECTION('',(0.57735026919,-0.57735026919,-0.57735026919));
#9460 = ORIENTED_EDGE('',*,*,#7534,.T.);
#9461 = ORIENTED_EDGE('',*,*,#9431,.T.);
#9462 = ORIENTED_EDGE('',*,*,#9463,.F.);
#9463 = EDGE_CURVE('',#9454,#9432,#9464,.T.);
#9464 = LINE('',#9465,#9466);
#9465 = CARTESIAN_POINT('',(-0.32,-20.16,-3.));
#9466 = VECTOR('',#9467,1.);
#9467 = DIRECTION('',(1.,0.,0.));
#9468 = PLANE('',#9469);
#9469 = AXIS2_PLACEMENT_3D('',#9470,#9471,#9472);
#9470 = CARTESIAN_POINT('',(-0.32,-20.08,-2.92));
#9471 = DIRECTION('',(-1.735167508357E-18,-0.707106781187,0.707106781187
    ));
#9472 = DIRECTION('',(-1.,1.226948711654E-18,-1.226948711654E-18));
#9473 = ADVANCED_FACE('',(#9474),#9485,.T.);
#9474 = FACE_BOUND('',#9475,.T.);
#9475 = EDGE_LOOP('',(#9476,#9477,#9478,#9479));
#9476 = ORIENTED_EDGE('',*,*,#9398,.F.);
#9477 = ORIENTED_EDGE('',*,*,#7558,.T.);
#9478 = ORIENTED_EDGE('',*,*,#9453,.T.);
#9479 = ORIENTED_EDGE('',*,*,#9480,.F.);
#9480 = EDGE_CURVE('',#9399,#9454,#9481,.T.);
#9481 = LINE('',#9482,#9483);
#9482 = CARTESIAN_POINT('',(-0.16,-20.64,-3.));
#9483 = VECTOR('',#9484,1.);
#9484 = DIRECTION('',(0.,1.,0.));
#9485 = PLANE('',#9486);
#9486 = AXIS2_PLACEMENT_3D('',#9487,#9488,#9489);
#9487 = CARTESIAN_POINT('',(-0.24,-20.64,-2.92));
#9488 = DIRECTION('',(-0.707106781187,-1.735167508357E-18,
    -0.707106781187));
#9489 = DIRECTION('',(-1.226948711654E-18,1.,-1.226948711654E-18));
#9490 = ADVANCED_FACE('',(#9491),#9516,.T.);
#9491 = FACE_BOUND('',#9492,.F.);
#9492 = EDGE_LOOP('',(#9493,#9501,#9502,#9510));
#9493 = ORIENTED_EDGE('',*,*,#9494,.F.);
#9494 = EDGE_CURVE('',#7583,#9495,#9497,.T.);
#9495 = VERTEX_POINT('',#9496);
#9496 = CARTESIAN_POINT('',(-0.16,-0.16,-3.));
#9497 = LINE('',#9498,#9499);
#9498 = CARTESIAN_POINT('',(-0.266666666667,-0.266666666667,
    -2.893333333333));
#9499 = VECTOR('',#9500,1.);
#9500 = DIRECTION('',(0.57735026919,0.57735026919,-0.57735026919));
#9501 = ORIENTED_EDGE('',*,*,#7582,.T.);
#9502 = ORIENTED_EDGE('',*,*,#9503,.T.);
#9503 = EDGE_CURVE('',#7575,#9504,#9506,.T.);
#9504 = VERTEX_POINT('',#9505);
#9505 = CARTESIAN_POINT('',(0.16,-0.16,-3.));
#9506 = LINE('',#9507,#9508);
#9507 = CARTESIAN_POINT('',(0.16,-0.16,-3.));
#9508 = VECTOR('',#9509,1.);
#9509 = DIRECTION('',(-0.57735026919,0.57735026919,-0.57735026919));
#9510 = ORIENTED_EDGE('',*,*,#9511,.F.);
#9511 = EDGE_CURVE('',#9495,#9504,#9512,.T.);
#9512 = LINE('',#9513,#9514);
#9513 = CARTESIAN_POINT('',(-0.32,-0.16,-3.));
#9514 = VECTOR('',#9515,1.);
#9515 = DIRECTION('',(1.,0.,0.));
#9516 = PLANE('',#9517);
#9517 = AXIS2_PLACEMENT_3D('',#9518,#9519,#9520);
#9518 = CARTESIAN_POINT('',(-0.32,-0.24,-2.92));
#9519 = DIRECTION('',(1.735167508357E-18,-0.707106781187,-0.707106781187
    ));
#9520 = DIRECTION('',(-1.,-1.226948711654E-18,-1.226948711654E-18));
#9521 = ADVANCED_FACE('',(#9522),#9540,.F.);
#9522 = FACE_BOUND('',#9523,.F.);
#9523 = EDGE_LOOP('',(#9524,#9525,#9526,#9534));
#9524 = ORIENTED_EDGE('',*,*,#9503,.F.);
#9525 = ORIENTED_EDGE('',*,*,#7606,.T.);
#9526 = ORIENTED_EDGE('',*,*,#9527,.T.);
#9527 = EDGE_CURVE('',#7607,#9528,#9530,.T.);
#9528 = VERTEX_POINT('',#9529);
#9529 = CARTESIAN_POINT('',(0.16,0.16,-3.));
#9530 = LINE('',#9531,#9532);
#9531 = CARTESIAN_POINT('',(5.333333333333E-02,5.333333333333E-02,
    -3.106666666667));
#9532 = VECTOR('',#9533,1.);
#9533 = DIRECTION('',(-0.57735026919,-0.57735026919,-0.57735026919));
#9534 = ORIENTED_EDGE('',*,*,#9535,.F.);
#9535 = EDGE_CURVE('',#9504,#9528,#9536,.T.);
#9536 = LINE('',#9537,#9538);
#9537 = CARTESIAN_POINT('',(0.16,-0.32,-3.));
#9538 = VECTOR('',#9539,1.);
#9539 = DIRECTION('',(0.,1.,0.));
#9540 = PLANE('',#9541);
#9541 = AXIS2_PLACEMENT_3D('',#9542,#9543,#9544);
#9542 = CARTESIAN_POINT('',(0.24,-0.32,-2.92));
#9543 = DIRECTION('',(-0.707106781187,1.735167508357E-18,0.707106781187)
  );
#9544 = DIRECTION('',(1.226948711654E-18,1.,-1.226948711654E-18));
#9545 = ADVANCED_FACE('',(#9546),#9564,.F.);
#9546 = FACE_BOUND('',#9547,.T.);
#9547 = EDGE_LOOP('',(#9548,#9556,#9557,#9558));
#9548 = ORIENTED_EDGE('',*,*,#9549,.F.);
#9549 = EDGE_CURVE('',#7631,#9550,#9552,.T.);
#9550 = VERTEX_POINT('',#9551);
#9551 = CARTESIAN_POINT('',(-0.16,0.16,-3.));
#9552 = LINE('',#9553,#9554);
#9553 = CARTESIAN_POINT('',(-0.16,0.16,-3.));
#9554 = VECTOR('',#9555,1.);
#9555 = DIRECTION('',(0.57735026919,-0.57735026919,-0.57735026919));
#9556 = ORIENTED_EDGE('',*,*,#7630,.T.);
#9557 = ORIENTED_EDGE('',*,*,#9527,.T.);
#9558 = ORIENTED_EDGE('',*,*,#9559,.F.);
#9559 = EDGE_CURVE('',#9550,#9528,#9560,.T.);
#9560 = LINE('',#9561,#9562);
#9561 = CARTESIAN_POINT('',(-0.32,0.16,-3.));
#9562 = VECTOR('',#9563,1.);
#9563 = DIRECTION('',(1.,0.,0.));
#9564 = PLANE('',#9565);
#9565 = AXIS2_PLACEMENT_3D('',#9566,#9567,#9568);
#9566 = CARTESIAN_POINT('',(-0.32,0.24,-2.92));
#9567 = DIRECTION('',(-1.735167508357E-18,-0.707106781187,0.707106781187
    ));
#9568 = DIRECTION('',(-1.,1.226948711654E-18,-1.226948711654E-18));
#9569 = ADVANCED_FACE('',(#9570),#9581,.T.);
#9570 = FACE_BOUND('',#9571,.T.);
#9571 = EDGE_LOOP('',(#9572,#9573,#9574,#9575));
#9572 = ORIENTED_EDGE('',*,*,#9494,.F.);
#9573 = ORIENTED_EDGE('',*,*,#7654,.T.);
#9574 = ORIENTED_EDGE('',*,*,#9549,.T.);
#9575 = ORIENTED_EDGE('',*,*,#9576,.F.);
#9576 = EDGE_CURVE('',#9495,#9550,#9577,.T.);
#9577 = LINE('',#9578,#9579);
#9578 = CARTESIAN_POINT('',(-0.16,-0.32,-3.));
#9579 = VECTOR('',#9580,1.);
#9580 = DIRECTION('',(0.,1.,0.));
#9581 = PLANE('',#9582);
#9582 = AXIS2_PLACEMENT_3D('',#9583,#9584,#9585);
#9583 = CARTESIAN_POINT('',(-0.24,-0.32,-2.92));
#9584 = DIRECTION('',(-0.707106781187,-1.735167508357E-18,
    -0.707106781187));
#9585 = DIRECTION('',(-1.226948711654E-18,1.,-1.226948711654E-18));
#9586 = ADVANCED_FACE('',(#9587),#9612,.F.);
#9587 = FACE_BOUND('',#9588,.F.);
#9588 = EDGE_LOOP('',(#9589,#9597,#9598,#9606));
#9589 = ORIENTED_EDGE('',*,*,#9590,.F.);
#9590 = EDGE_CURVE('',#7671,#9591,#9593,.T.);
#9591 = VERTEX_POINT('',#9592);
#9592 = CARTESIAN_POINT('',(0.16,-2.7,-3.));
#9593 = LINE('',#9594,#9595);
#9594 = CARTESIAN_POINT('',(0.16,-2.7,-3.));
#9595 = VECTOR('',#9596,1.);
#9596 = DIRECTION('',(-0.57735026919,0.57735026919,-0.57735026919));
#9597 = ORIENTED_EDGE('',*,*,#7678,.T.);
#9598 = ORIENTED_EDGE('',*,*,#9599,.T.);
#9599 = EDGE_CURVE('',#7679,#9600,#9602,.T.);
#9600 = VERTEX_POINT('',#9601);
#9601 = CARTESIAN_POINT('',(0.16,-2.38,-3.));
#9602 = LINE('',#9603,#9604);
#9603 = CARTESIAN_POINT('',(5.333333333333E-02,-2.486666666667,
    -3.106666666667));
#9604 = VECTOR('',#9605,1.);
#9605 = DIRECTION('',(-0.57735026919,-0.57735026919,-0.57735026919));
#9606 = ORIENTED_EDGE('',*,*,#9607,.F.);
#9607 = EDGE_CURVE('',#9591,#9600,#9608,.T.);
#9608 = LINE('',#9609,#9610);
#9609 = CARTESIAN_POINT('',(0.16,-2.86,-3.));
#9610 = VECTOR('',#9611,1.);
#9611 = DIRECTION('',(0.,1.,0.));
#9612 = PLANE('',#9613);
#9613 = AXIS2_PLACEMENT_3D('',#9614,#9615,#9616);
#9614 = CARTESIAN_POINT('',(0.24,-2.86,-2.92));
#9615 = DIRECTION('',(-0.707106781187,1.735167508357E-18,0.707106781187)
  );
#9616 = DIRECTION('',(1.226948711654E-18,1.,-1.226948711654E-18));
#9617 = ADVANCED_FACE('',(#9618),#9636,.F.);
#9618 = FACE_BOUND('',#9619,.T.);
#9619 = EDGE_LOOP('',(#9620,#9628,#9629,#9630));
#9620 = ORIENTED_EDGE('',*,*,#9621,.F.);
#9621 = EDGE_CURVE('',#7703,#9622,#9624,.T.);
#9622 = VERTEX_POINT('',#9623);
#9623 = CARTESIAN_POINT('',(-0.16,-2.38,-3.));
#9624 = LINE('',#9625,#9626);
#9625 = CARTESIAN_POINT('',(-0.16,-2.38,-3.));
#9626 = VECTOR('',#9627,1.);
#9627 = DIRECTION('',(0.57735026919,-0.57735026919,-0.57735026919));
#9628 = ORIENTED_EDGE('',*,*,#7702,.T.);
#9629 = ORIENTED_EDGE('',*,*,#9599,.T.);
#9630 = ORIENTED_EDGE('',*,*,#9631,.F.);
#9631 = EDGE_CURVE('',#9622,#9600,#9632,.T.);
#9632 = LINE('',#9633,#9634);
#9633 = CARTESIAN_POINT('',(-0.32,-2.38,-3.));
#9634 = VECTOR('',#9635,1.);
#9635 = DIRECTION('',(1.,0.,0.));
#9636 = PLANE('',#9637);
#9637 = AXIS2_PLACEMENT_3D('',#9638,#9639,#9640);
#9638 = CARTESIAN_POINT('',(-0.32,-2.3,-2.92));
#9639 = DIRECTION('',(-1.735167508357E-18,-0.707106781187,0.707106781187
    ));
#9640 = DIRECTION('',(-1.,1.226948711654E-18,-1.226948711654E-18));
#9641 = ADVANCED_FACE('',(#9642),#9660,.T.);
#9642 = FACE_BOUND('',#9643,.T.);
#9643 = EDGE_LOOP('',(#9644,#9652,#9653,#9654));
#9644 = ORIENTED_EDGE('',*,*,#9645,.F.);
#9645 = EDGE_CURVE('',#7726,#9646,#9648,.T.);
#9646 = VERTEX_POINT('',#9647);
#9647 = CARTESIAN_POINT('',(-0.16,-2.7,-3.));
#9648 = LINE('',#9649,#9650);
#9649 = CARTESIAN_POINT('',(-0.266666666667,-2.806666666667,
    -2.893333333333));
#9650 = VECTOR('',#9651,1.);
#9651 = DIRECTION('',(0.57735026919,0.57735026919,-0.57735026919));
#9652 = ORIENTED_EDGE('',*,*,#7733,.T.);
#9653 = ORIENTED_EDGE('',*,*,#9621,.T.);
#9654 = ORIENTED_EDGE('',*,*,#9655,.F.);
#9655 = EDGE_CURVE('',#9646,#9622,#9656,.T.);
#9656 = LINE('',#9657,#9658);
#9657 = CARTESIAN_POINT('',(-0.16,-2.86,-3.));
#9658 = VECTOR('',#9659,1.);
#9659 = DIRECTION('',(0.,1.,0.));
#9660 = PLANE('',#9661);
#9661 = AXIS2_PLACEMENT_3D('',#9662,#9663,#9664);
#9662 = CARTESIAN_POINT('',(-0.24,-2.86,-2.92));
#9663 = DIRECTION('',(-0.707106781187,-1.735167508357E-18,
    -0.707106781187));
#9664 = DIRECTION('',(-1.226948711654E-18,1.,-1.226948711654E-18));
#9665 = ADVANCED_FACE('',(#9666),#9677,.T.);
#9666 = FACE_BOUND('',#9667,.F.);
#9667 = EDGE_LOOP('',(#9668,#9669,#9670,#9671));
#9668 = ORIENTED_EDGE('',*,*,#9645,.F.);
#9669 = ORIENTED_EDGE('',*,*,#7750,.T.);
#9670 = ORIENTED_EDGE('',*,*,#9590,.T.);
#9671 = ORIENTED_EDGE('',*,*,#9672,.F.);
#9672 = EDGE_CURVE('',#9646,#9591,#9673,.T.);
#9673 = LINE('',#9674,#9675);
#9674 = CARTESIAN_POINT('',(-0.32,-2.7,-3.));
#9675 = VECTOR('',#9676,1.);
#9676 = DIRECTION('',(1.,0.,0.));
#9677 = PLANE('',#9678);
#9678 = AXIS2_PLACEMENT_3D('',#9679,#9680,#9681);
#9679 = CARTESIAN_POINT('',(-0.32,-2.78,-2.92));
#9680 = DIRECTION('',(1.735167508357E-18,-0.707106781187,-0.707106781187
    ));
#9681 = DIRECTION('',(-1.,-1.226948711654E-18,-1.226948711654E-18));
#9682 = ADVANCED_FACE('',(#9683),#9708,.F.);
#9683 = FACE_BOUND('',#9684,.F.);
#9684 = EDGE_LOOP('',(#9685,#9693,#9694,#9702));
#9685 = ORIENTED_EDGE('',*,*,#9686,.F.);
#9686 = EDGE_CURVE('',#7767,#9687,#9689,.T.);
#9687 = VERTEX_POINT('',#9688);
#9688 = CARTESIAN_POINT('',(0.16,-5.24,-3.));
#9689 = LINE('',#9690,#9691);
#9690 = CARTESIAN_POINT('',(0.16,-5.24,-3.));
#9691 = VECTOR('',#9692,1.);
#9692 = DIRECTION('',(-0.57735026919,0.57735026919,-0.57735026919));
#9693 = ORIENTED_EDGE('',*,*,#7774,.T.);
#9694 = ORIENTED_EDGE('',*,*,#9695,.T.);
#9695 = EDGE_CURVE('',#7775,#9696,#9698,.T.);
#9696 = VERTEX_POINT('',#9697);
#9697 = CARTESIAN_POINT('',(0.16,-4.92,-3.));
#9698 = LINE('',#9699,#9700);
#9699 = CARTESIAN_POINT('',(5.333333333333E-02,-5.026666666667,
    -3.106666666667));
#9700 = VECTOR('',#9701,1.);
#9701 = DIRECTION('',(-0.57735026919,-0.57735026919,-0.57735026919));
#9702 = ORIENTED_EDGE('',*,*,#9703,.F.);
#9703 = EDGE_CURVE('',#9687,#9696,#9704,.T.);
#9704 = LINE('',#9705,#9706);
#9705 = CARTESIAN_POINT('',(0.16,-5.4,-3.));
#9706 = VECTOR('',#9707,1.);
#9707 = DIRECTION('',(0.,1.,0.));
#9708 = PLANE('',#9709);
#9709 = AXIS2_PLACEMENT_3D('',#9710,#9711,#9712);
#9710 = CARTESIAN_POINT('',(0.24,-5.4,-2.92));
#9711 = DIRECTION('',(-0.707106781187,1.735167508357E-18,0.707106781187)
  );
#9712 = DIRECTION('',(1.226948711654E-18,1.,-1.226948711654E-18));
#9713 = ADVANCED_FACE('',(#9714),#9732,.F.);
#9714 = FACE_BOUND('',#9715,.T.);
#9715 = EDGE_LOOP('',(#9716,#9724,#9725,#9726));
#9716 = ORIENTED_EDGE('',*,*,#9717,.F.);
#9717 = EDGE_CURVE('',#7799,#9718,#9720,.T.);
#9718 = VERTEX_POINT('',#9719);
#9719 = CARTESIAN_POINT('',(-0.16,-4.92,-3.));
#9720 = LINE('',#9721,#9722);
#9721 = CARTESIAN_POINT('',(-0.16,-4.92,-3.));
#9722 = VECTOR('',#9723,1.);
#9723 = DIRECTION('',(0.57735026919,-0.57735026919,-0.57735026919));
#9724 = ORIENTED_EDGE('',*,*,#7798,.T.);
#9725 = ORIENTED_EDGE('',*,*,#9695,.T.);
#9726 = ORIENTED_EDGE('',*,*,#9727,.F.);
#9727 = EDGE_CURVE('',#9718,#9696,#9728,.T.);
#9728 = LINE('',#9729,#9730);
#9729 = CARTESIAN_POINT('',(-0.32,-4.92,-3.));
#9730 = VECTOR('',#9731,1.);
#9731 = DIRECTION('',(1.,0.,0.));
#9732 = PLANE('',#9733);
#9733 = AXIS2_PLACEMENT_3D('',#9734,#9735,#9736);
#9734 = CARTESIAN_POINT('',(-0.32,-4.84,-2.92));
#9735 = DIRECTION('',(-1.735167508357E-18,-0.707106781187,0.707106781187
    ));
#9736 = DIRECTION('',(-1.,1.226948711654E-18,-1.226948711654E-18));
#9737 = ADVANCED_FACE('',(#9738),#9756,.T.);
#9738 = FACE_BOUND('',#9739,.T.);
#9739 = EDGE_LOOP('',(#9740,#9748,#9749,#9750));
#9740 = ORIENTED_EDGE('',*,*,#9741,.F.);
#9741 = EDGE_CURVE('',#7822,#9742,#9744,.T.);
#9742 = VERTEX_POINT('',#9743);
#9743 = CARTESIAN_POINT('',(-0.16,-5.24,-3.));
#9744 = LINE('',#9745,#9746);
#9745 = CARTESIAN_POINT('',(-0.266666666667,-5.346666666667,
    -2.893333333333));
#9746 = VECTOR('',#9747,1.);
#9747 = DIRECTION('',(0.57735026919,0.57735026919,-0.57735026919));
#9748 = ORIENTED_EDGE('',*,*,#7829,.T.);
#9749 = ORIENTED_EDGE('',*,*,#9717,.T.);
#9750 = ORIENTED_EDGE('',*,*,#9751,.F.);
#9751 = EDGE_CURVE('',#9742,#9718,#9752,.T.);
#9752 = LINE('',#9753,#9754);
#9753 = CARTESIAN_POINT('',(-0.16,-5.4,-3.));
#9754 = VECTOR('',#9755,1.);
#9755 = DIRECTION('',(0.,1.,0.));
#9756 = PLANE('',#9757);
#9757 = AXIS2_PLACEMENT_3D('',#9758,#9759,#9760);
#9758 = CARTESIAN_POINT('',(-0.24,-5.4,-2.92));
#9759 = DIRECTION('',(-0.707106781187,-1.735167508357E-18,
    -0.707106781187));
#9760 = DIRECTION('',(-1.226948711654E-18,1.,-1.226948711654E-18));
#9761 = ADVANCED_FACE('',(#9762),#9773,.T.);
#9762 = FACE_BOUND('',#9763,.F.);
#9763 = EDGE_LOOP('',(#9764,#9765,#9766,#9767));
#9764 = ORIENTED_EDGE('',*,*,#9741,.F.);
#9765 = ORIENTED_EDGE('',*,*,#7846,.T.);
#9766 = ORIENTED_EDGE('',*,*,#9686,.T.);
#9767 = ORIENTED_EDGE('',*,*,#9768,.F.);
#9768 = EDGE_CURVE('',#9742,#9687,#9769,.T.);
#9769 = LINE('',#9770,#9771);
#9770 = CARTESIAN_POINT('',(-0.32,-5.24,-3.));
#9771 = VECTOR('',#9772,1.);
#9772 = DIRECTION('',(1.,0.,0.));
#9773 = PLANE('',#9774);
#9774 = AXIS2_PLACEMENT_3D('',#9775,#9776,#9777);
#9775 = CARTESIAN_POINT('',(-0.32,-5.32,-2.92));
#9776 = DIRECTION('',(1.735167508357E-18,-0.707106781187,-0.707106781187
    ));
#9777 = DIRECTION('',(-1.,-1.226948711654E-18,-1.226948711654E-18));
#9778 = ADVANCED_FACE('',(#9779),#9804,.T.);
#9779 = FACE_BOUND('',#9780,.T.);
#9780 = EDGE_LOOP('',(#9781,#9789,#9790,#9798));
#9781 = ORIENTED_EDGE('',*,*,#9782,.F.);
#9782 = EDGE_CURVE('',#7863,#9783,#9785,.T.);
#9783 = VERTEX_POINT('',#9784);
#9784 = CARTESIAN_POINT('',(0.16,-12.86,8.54));
#9785 = LINE('',#9786,#9787);
#9786 = CARTESIAN_POINT('',(0.16,-12.86,8.54));
#9787 = VECTOR('',#9788,1.);
#9788 = DIRECTION('',(-0.57735026919,0.57735026919,0.57735026919));
#9789 = ORIENTED_EDGE('',*,*,#7879,.T.);
#9790 = ORIENTED_EDGE('',*,*,#9791,.T.);
#9791 = EDGE_CURVE('',#7872,#9792,#9794,.T.);
#9792 = VERTEX_POINT('',#9793);
#9793 = CARTESIAN_POINT('',(0.16,-12.54,8.54));
#9794 = LINE('',#9795,#9796);
#9795 = CARTESIAN_POINT('',(5.333333333333E-02,-12.64666666666,
    8.646666666667));
#9796 = VECTOR('',#9797,1.);
#9797 = DIRECTION('',(-0.57735026919,-0.57735026919,0.57735026919));
#9798 = ORIENTED_EDGE('',*,*,#9799,.F.);
#9799 = EDGE_CURVE('',#9783,#9792,#9800,.T.);
#9800 = LINE('',#9801,#9802);
#9801 = CARTESIAN_POINT('',(0.16,-13.02,8.54));
#9802 = VECTOR('',#9803,1.);
#9803 = DIRECTION('',(0.,1.,0.));
#9804 = PLANE('',#9805);
#9805 = AXIS2_PLACEMENT_3D('',#9806,#9807,#9808);
#9806 = CARTESIAN_POINT('',(0.24,-13.02,8.46));
#9807 = DIRECTION('',(0.707106781187,-1.735167508357E-18,0.707106781187)
  );
#9808 = DIRECTION('',(1.226948711654E-18,1.,1.226948711654E-18));
#9809 = ADVANCED_FACE('',(#9810),#9828,.T.);
#9810 = FACE_BOUND('',#9811,.F.);
#9811 = EDGE_LOOP('',(#9812,#9820,#9821,#9822));
#9812 = ORIENTED_EDGE('',*,*,#9813,.F.);
#9813 = EDGE_CURVE('',#7896,#9814,#9816,.T.);
#9814 = VERTEX_POINT('',#9815);
#9815 = CARTESIAN_POINT('',(-0.16,-12.54,8.54));
#9816 = LINE('',#9817,#9818);
#9817 = CARTESIAN_POINT('',(-0.16,-12.54,8.54));
#9818 = VECTOR('',#9819,1.);
#9819 = DIRECTION('',(0.57735026919,-0.57735026919,0.57735026919));
#9820 = ORIENTED_EDGE('',*,*,#7903,.T.);
#9821 = ORIENTED_EDGE('',*,*,#9791,.T.);
#9822 = ORIENTED_EDGE('',*,*,#9823,.F.);
#9823 = EDGE_CURVE('',#9814,#9792,#9824,.T.);
#9824 = LINE('',#9825,#9826);
#9825 = CARTESIAN_POINT('',(-0.32,-12.54,8.54));
#9826 = VECTOR('',#9827,1.);
#9827 = DIRECTION('',(1.,0.,0.));
#9828 = PLANE('',#9829);
#9829 = AXIS2_PLACEMENT_3D('',#9830,#9831,#9832);
#9830 = CARTESIAN_POINT('',(-0.32,-12.46,8.46));
#9831 = DIRECTION('',(1.735167508357E-18,0.707106781187,0.707106781187)
  );
#9832 = DIRECTION('',(-1.,1.226948711654E-18,1.226948711654E-18));
#9833 = ADVANCED_FACE('',(#9834),#9852,.F.);
#9834 = FACE_BOUND('',#9835,.F.);
#9835 = EDGE_LOOP('',(#9836,#9844,#9845,#9846));
#9836 = ORIENTED_EDGE('',*,*,#9837,.F.);
#9837 = EDGE_CURVE('',#7918,#9838,#9840,.T.);
#9838 = VERTEX_POINT('',#9839);
#9839 = CARTESIAN_POINT('',(-0.16,-12.86,8.54));
#9840 = LINE('',#9841,#9842);
#9841 = CARTESIAN_POINT('',(-0.266666666667,-12.96666666666,
    8.433333333333));
#9842 = VECTOR('',#9843,1.);
#9843 = DIRECTION('',(0.57735026919,0.57735026919,0.57735026919));
#9844 = ORIENTED_EDGE('',*,*,#7927,.T.);
#9845 = ORIENTED_EDGE('',*,*,#9813,.T.);
#9846 = ORIENTED_EDGE('',*,*,#9847,.F.);
#9847 = EDGE_CURVE('',#9838,#9814,#9848,.T.);
#9848 = LINE('',#9849,#9850);
#9849 = CARTESIAN_POINT('',(-0.16,-13.02,8.54));
#9850 = VECTOR('',#9851,1.);
#9851 = DIRECTION('',(0.,1.,0.));
#9852 = PLANE('',#9853);
#9853 = AXIS2_PLACEMENT_3D('',#9854,#9855,#9856);
#9854 = CARTESIAN_POINT('',(-0.24,-13.02,8.46));
#9855 = DIRECTION('',(0.707106781187,1.735167508357E-18,-0.707106781187)
  );
#9856 = DIRECTION('',(-1.226948711654E-18,1.,1.226948711654E-18));
#9857 = ADVANCED_FACE('',(#9858),#9869,.F.);
#9858 = FACE_BOUND('',#9859,.T.);
#9859 = EDGE_LOOP('',(#9860,#9861,#9862,#9863));
#9860 = ORIENTED_EDGE('',*,*,#9837,.F.);
#9861 = ORIENTED_EDGE('',*,*,#7944,.T.);
#9862 = ORIENTED_EDGE('',*,*,#9782,.T.);
#9863 = ORIENTED_EDGE('',*,*,#9864,.F.);
#9864 = EDGE_CURVE('',#9838,#9783,#9865,.T.);
#9865 = LINE('',#9866,#9867);
#9866 = CARTESIAN_POINT('',(-0.32,-12.86,8.54));
#9867 = VECTOR('',#9868,1.);
#9868 = DIRECTION('',(1.,0.,0.));
#9869 = PLANE('',#9870);
#9870 = AXIS2_PLACEMENT_3D('',#9871,#9872,#9873);
#9871 = CARTESIAN_POINT('',(-0.32,-12.94,8.46));
#9872 = DIRECTION('',(-1.735167508357E-18,0.707106781187,-0.707106781187
    ));
#9873 = DIRECTION('',(-1.,-1.226948711654E-18,1.226948711654E-18));
#9874 = ADVANCED_FACE('',(#9875),#9900,.T.);
#9875 = FACE_BOUND('',#9876,.T.);
#9876 = EDGE_LOOP('',(#9877,#9885,#9886,#9894));
#9877 = ORIENTED_EDGE('',*,*,#9878,.F.);
#9878 = EDGE_CURVE('',#7959,#9879,#9881,.T.);
#9879 = VERTEX_POINT('',#9880);
#9880 = CARTESIAN_POINT('',(0.16,-10.32,8.54));
#9881 = LINE('',#9882,#9883);
#9882 = CARTESIAN_POINT('',(0.16,-10.32,8.54));
#9883 = VECTOR('',#9884,1.);
#9884 = DIRECTION('',(-0.57735026919,0.57735026919,0.57735026919));
#9885 = ORIENTED_EDGE('',*,*,#7975,.T.);
#9886 = ORIENTED_EDGE('',*,*,#9887,.T.);
#9887 = EDGE_CURVE('',#7968,#9888,#9890,.T.);
#9888 = VERTEX_POINT('',#9889);
#9889 = CARTESIAN_POINT('',(0.16,-10.,8.54));
#9890 = LINE('',#9891,#9892);
#9891 = CARTESIAN_POINT('',(5.333333333333E-02,-10.10666666666,
    8.646666666667));
#9892 = VECTOR('',#9893,1.);
#9893 = DIRECTION('',(-0.57735026919,-0.57735026919,0.57735026919));
#9894 = ORIENTED_EDGE('',*,*,#9895,.F.);
#9895 = EDGE_CURVE('',#9879,#9888,#9896,.T.);
#9896 = LINE('',#9897,#9898);
#9897 = CARTESIAN_POINT('',(0.16,-10.48,8.54));
#9898 = VECTOR('',#9899,1.);
#9899 = DIRECTION('',(0.,1.,0.));
#9900 = PLANE('',#9901);
#9901 = AXIS2_PLACEMENT_3D('',#9902,#9903,#9904);
#9902 = CARTESIAN_POINT('',(0.24,-10.48,8.46));
#9903 = DIRECTION('',(0.707106781187,-1.735167508357E-18,0.707106781187)
  );
#9904 = DIRECTION('',(1.226948711654E-18,1.,1.226948711654E-18));
#9905 = ADVANCED_FACE('',(#9906),#9924,.T.);
#9906 = FACE_BOUND('',#9907,.F.);
#9907 = EDGE_LOOP('',(#9908,#9916,#9917,#9918));
#9908 = ORIENTED_EDGE('',*,*,#9909,.F.);
#9909 = EDGE_CURVE('',#7992,#9910,#9912,.T.);
#9910 = VERTEX_POINT('',#9911);
#9911 = CARTESIAN_POINT('',(-0.16,-10.,8.54));
#9912 = LINE('',#9913,#9914);
#9913 = CARTESIAN_POINT('',(-0.16,-10.,8.54));
#9914 = VECTOR('',#9915,1.);
#9915 = DIRECTION('',(0.57735026919,-0.57735026919,0.57735026919));
#9916 = ORIENTED_EDGE('',*,*,#7999,.T.);
#9917 = ORIENTED_EDGE('',*,*,#9887,.T.);
#9918 = ORIENTED_EDGE('',*,*,#9919,.F.);
#9919 = EDGE_CURVE('',#9910,#9888,#9920,.T.);
#9920 = LINE('',#9921,#9922);
#9921 = CARTESIAN_POINT('',(-0.32,-10.,8.54));
#9922 = VECTOR('',#9923,1.);
#9923 = DIRECTION('',(1.,0.,0.));
#9924 = PLANE('',#9925);
#9925 = AXIS2_PLACEMENT_3D('',#9926,#9927,#9928);
#9926 = CARTESIAN_POINT('',(-0.32,-9.92,8.46));
#9927 = DIRECTION('',(1.735167508357E-18,0.707106781187,0.707106781187)
  );
#9928 = DIRECTION('',(-1.,1.226948711654E-18,1.226948711654E-18));
#9929 = ADVANCED_FACE('',(#9930),#9948,.F.);
#9930 = FACE_BOUND('',#9931,.F.);
#9931 = EDGE_LOOP('',(#9932,#9940,#9941,#9942));
#9932 = ORIENTED_EDGE('',*,*,#9933,.F.);
#9933 = EDGE_CURVE('',#8014,#9934,#9936,.T.);
#9934 = VERTEX_POINT('',#9935);
#9935 = CARTESIAN_POINT('',(-0.16,-10.32,8.54));
#9936 = LINE('',#9937,#9938);
#9937 = CARTESIAN_POINT('',(-0.266666666667,-10.42666666666,
    8.433333333333));
#9938 = VECTOR('',#9939,1.);
#9939 = DIRECTION('',(0.57735026919,0.57735026919,0.57735026919));
#9940 = ORIENTED_EDGE('',*,*,#8023,.T.);
#9941 = ORIENTED_EDGE('',*,*,#9909,.T.);
#9942 = ORIENTED_EDGE('',*,*,#9943,.F.);
#9943 = EDGE_CURVE('',#9934,#9910,#9944,.T.);
#9944 = LINE('',#9945,#9946);
#9945 = CARTESIAN_POINT('',(-0.16,-10.48,8.54));
#9946 = VECTOR('',#9947,1.);
#9947 = DIRECTION('',(0.,1.,0.));
#9948 = PLANE('',#9949);
#9949 = AXIS2_PLACEMENT_3D('',#9950,#9951,#9952);
#9950 = CARTESIAN_POINT('',(-0.24,-10.48,8.46));
#9951 = DIRECTION('',(0.707106781187,1.735167508357E-18,-0.707106781187)
  );
#9952 = DIRECTION('',(-1.226948711654E-18,1.,1.226948711654E-18));
#9953 = ADVANCED_FACE('',(#9954),#9965,.F.);
#9954 = FACE_BOUND('',#9955,.T.);
#9955 = EDGE_LOOP('',(#9956,#9957,#9958,#9959));
#9956 = ORIENTED_EDGE('',*,*,#9933,.F.);
#9957 = ORIENTED_EDGE('',*,*,#8040,.T.);
#9958 = ORIENTED_EDGE('',*,*,#9878,.T.);
#9959 = ORIENTED_EDGE('',*,*,#9960,.F.);
#9960 = EDGE_CURVE('',#9934,#9879,#9961,.T.);
#9961 = LINE('',#9962,#9963);
#9962 = CARTESIAN_POINT('',(-0.32,-10.32,8.54));
#9963 = VECTOR('',#9964,1.);
#9964 = DIRECTION('',(1.,0.,0.));
#9965 = PLANE('',#9966);
#9966 = AXIS2_PLACEMENT_3D('',#9967,#9968,#9969);
#9967 = CARTESIAN_POINT('',(-0.32,-10.4,8.46));
#9968 = DIRECTION('',(-1.735167508357E-18,0.707106781187,-0.707106781187
    ));
#9969 = DIRECTION('',(-1.,-1.226948711654E-18,1.226948711654E-18));
#9970 = ADVANCED_FACE('',(#9971),#9996,.T.);
#9971 = FACE_BOUND('',#9972,.T.);
#9972 = EDGE_LOOP('',(#9973,#9981,#9982,#9990));
#9973 = ORIENTED_EDGE('',*,*,#9974,.F.);
#9974 = EDGE_CURVE('',#8055,#9975,#9977,.T.);
#9975 = VERTEX_POINT('',#9976);
#9976 = CARTESIAN_POINT('',(0.16,-7.78,8.54));
#9977 = LINE('',#9978,#9979);
#9978 = CARTESIAN_POINT('',(0.16,-7.78,8.54));
#9979 = VECTOR('',#9980,1.);
#9980 = DIRECTION('',(-0.57735026919,0.57735026919,0.57735026919));
#9981 = ORIENTED_EDGE('',*,*,#8071,.T.);
#9982 = ORIENTED_EDGE('',*,*,#9983,.T.);
#9983 = EDGE_CURVE('',#8064,#9984,#9986,.T.);
#9984 = VERTEX_POINT('',#9985);
#9985 = CARTESIAN_POINT('',(0.16,-7.46,8.54));
#9986 = LINE('',#9987,#9988);
#9987 = CARTESIAN_POINT('',(5.333333333333E-02,-7.566666666667,
    8.646666666667));
#9988 = VECTOR('',#9989,1.);
#9989 = DIRECTION('',(-0.57735026919,-0.57735026919,0.57735026919));
#9990 = ORIENTED_EDGE('',*,*,#9991,.F.);
#9991 = EDGE_CURVE('',#9975,#9984,#9992,.T.);
#9992 = LINE('',#9993,#9994);
#9993 = CARTESIAN_POINT('',(0.16,-7.94,8.54));
#9994 = VECTOR('',#9995,1.);
#9995 = DIRECTION('',(0.,1.,0.));
#9996 = PLANE('',#9997);
#9997 = AXIS2_PLACEMENT_3D('',#9998,#9999,#10000);
#9998 = CARTESIAN_POINT('',(0.24,-7.94,8.46));
#9999 = DIRECTION('',(0.707106781187,-1.735167508357E-18,0.707106781187)
  );
#10000 = DIRECTION('',(1.226948711654E-18,1.,1.226948711654E-18));
#10001 = ADVANCED_FACE('',(#10002),#10020,.T.);
#10002 = FACE_BOUND('',#10003,.F.);
#10003 = EDGE_LOOP('',(#10004,#10012,#10013,#10014));
#10004 = ORIENTED_EDGE('',*,*,#10005,.F.);
#10005 = EDGE_CURVE('',#8088,#10006,#10008,.T.);
#10006 = VERTEX_POINT('',#10007);
#10007 = CARTESIAN_POINT('',(-0.16,-7.46,8.54));
#10008 = LINE('',#10009,#10010);
#10009 = CARTESIAN_POINT('',(-0.16,-7.46,8.54));
#10010 = VECTOR('',#10011,1.);
#10011 = DIRECTION('',(0.57735026919,-0.57735026919,0.57735026919));
#10012 = ORIENTED_EDGE('',*,*,#8095,.T.);
#10013 = ORIENTED_EDGE('',*,*,#9983,.T.);
#10014 = ORIENTED_EDGE('',*,*,#10015,.F.);
#10015 = EDGE_CURVE('',#10006,#9984,#10016,.T.);
#10016 = LINE('',#10017,#10018);
#10017 = CARTESIAN_POINT('',(-0.32,-7.46,8.54));
#10018 = VECTOR('',#10019,1.);
#10019 = DIRECTION('',(1.,0.,0.));
#10020 = PLANE('',#10021);
#10021 = AXIS2_PLACEMENT_3D('',#10022,#10023,#10024);
#10022 = CARTESIAN_POINT('',(-0.32,-7.38,8.46));
#10023 = DIRECTION('',(1.735167508357E-18,0.707106781187,0.707106781187)
  );
#10024 = DIRECTION('',(-1.,1.226948711654E-18,1.226948711654E-18));
#10025 = ADVANCED_FACE('',(#10026),#10044,.F.);
#10026 = FACE_BOUND('',#10027,.F.);
#10027 = EDGE_LOOP('',(#10028,#10036,#10037,#10038));
#10028 = ORIENTED_EDGE('',*,*,#10029,.F.);
#10029 = EDGE_CURVE('',#8110,#10030,#10032,.T.);
#10030 = VERTEX_POINT('',#10031);
#10031 = CARTESIAN_POINT('',(-0.16,-7.78,8.54));
#10032 = LINE('',#10033,#10034);
#10033 = CARTESIAN_POINT('',(-0.266666666667,-7.886666666667,
    8.433333333333));
#10034 = VECTOR('',#10035,1.);
#10035 = DIRECTION('',(0.57735026919,0.57735026919,0.57735026919));
#10036 = ORIENTED_EDGE('',*,*,#8119,.T.);
#10037 = ORIENTED_EDGE('',*,*,#10005,.T.);
#10038 = ORIENTED_EDGE('',*,*,#10039,.F.);
#10039 = EDGE_CURVE('',#10030,#10006,#10040,.T.);
#10040 = LINE('',#10041,#10042);
#10041 = CARTESIAN_POINT('',(-0.16,-7.94,8.54));
#10042 = VECTOR('',#10043,1.);
#10043 = DIRECTION('',(0.,1.,0.));
#10044 = PLANE('',#10045);
#10045 = AXIS2_PLACEMENT_3D('',#10046,#10047,#10048);
#10046 = CARTESIAN_POINT('',(-0.24,-7.94,8.46));
#10047 = DIRECTION('',(0.707106781187,1.735167508357E-18,-0.707106781187
    ));
#10048 = DIRECTION('',(-1.226948711654E-18,1.,1.226948711654E-18));
#10049 = ADVANCED_FACE('',(#10050),#10061,.F.);
#10050 = FACE_BOUND('',#10051,.T.);
#10051 = EDGE_LOOP('',(#10052,#10053,#10054,#10055));
#10052 = ORIENTED_EDGE('',*,*,#10029,.F.);
#10053 = ORIENTED_EDGE('',*,*,#8136,.T.);
#10054 = ORIENTED_EDGE('',*,*,#9974,.T.);
#10055 = ORIENTED_EDGE('',*,*,#10056,.F.);
#10056 = EDGE_CURVE('',#10030,#9975,#10057,.T.);
#10057 = LINE('',#10058,#10059);
#10058 = CARTESIAN_POINT('',(-0.32,-7.78,8.54));
#10059 = VECTOR('',#10060,1.);
#10060 = DIRECTION('',(1.,0.,0.));
#10061 = PLANE('',#10062);
#10062 = AXIS2_PLACEMENT_3D('',#10063,#10064,#10065);
#10063 = CARTESIAN_POINT('',(-0.32,-7.86,8.46));
#10064 = DIRECTION('',(-1.735167508357E-18,0.707106781187,
    -0.707106781187));
#10065 = DIRECTION('',(-1.,-1.226948711654E-18,1.226948711654E-18));
#10066 = ADVANCED_FACE('',(#10067),#10092,.F.);
#10067 = FACE_BOUND('',#10068,.T.);
#10068 = EDGE_LOOP('',(#10069,#10077,#10078,#10086));
#10069 = ORIENTED_EDGE('',*,*,#10070,.F.);
#10070 = EDGE_CURVE('',#8160,#10071,#10073,.T.);
#10071 = VERTEX_POINT('',#10072);
#10072 = CARTESIAN_POINT('',(-0.16,-17.94,8.54));
#10073 = LINE('',#10074,#10075);
#10074 = CARTESIAN_POINT('',(-0.266666666667,-18.04666666666,
    8.433333333333));
#10075 = VECTOR('',#10076,1.);
#10076 = DIRECTION('',(0.57735026919,0.57735026919,0.57735026919));
#10077 = ORIENTED_EDGE('',*,*,#8167,.T.);
#10078 = ORIENTED_EDGE('',*,*,#10079,.T.);
#10079 = EDGE_CURVE('',#8151,#10080,#10082,.T.);
#10080 = VERTEX_POINT('',#10081);
#10081 = CARTESIAN_POINT('',(0.16,-17.94,8.54));
#10082 = LINE('',#10083,#10084);
#10083 = CARTESIAN_POINT('',(0.16,-17.94,8.54));
#10084 = VECTOR('',#10085,1.);
#10085 = DIRECTION('',(-0.57735026919,0.57735026919,0.57735026919));
#10086 = ORIENTED_EDGE('',*,*,#10087,.F.);
#10087 = EDGE_CURVE('',#10071,#10080,#10088,.T.);
#10088 = LINE('',#10089,#10090);
#10089 = CARTESIAN_POINT('',(-0.32,-17.94,8.54));
#10090 = VECTOR('',#10091,1.);
#10091 = DIRECTION('',(1.,0.,0.));
#10092 = PLANE('',#10093);
#10093 = AXIS2_PLACEMENT_3D('',#10094,#10095,#10096);
#10094 = CARTESIAN_POINT('',(-0.32,-18.02,8.46));
#10095 = DIRECTION('',(-1.735167508357E-18,0.707106781187,
    -0.707106781187));
#10096 = DIRECTION('',(-1.,-1.226948711654E-18,1.226948711654E-18));
#10097 = ADVANCED_FACE('',(#10098),#10116,.T.);
#10098 = FACE_BOUND('',#10099,.T.);
#10099 = EDGE_LOOP('',(#10100,#10101,#10102,#10110));
#10100 = ORIENTED_EDGE('',*,*,#10079,.F.);
#10101 = ORIENTED_EDGE('',*,*,#8191,.T.);
#10102 = ORIENTED_EDGE('',*,*,#10103,.T.);
#10103 = EDGE_CURVE('',#8184,#10104,#10106,.T.);
#10104 = VERTEX_POINT('',#10105);
#10105 = CARTESIAN_POINT('',(0.16,-17.62,8.54));
#10106 = LINE('',#10107,#10108);
#10107 = CARTESIAN_POINT('',(5.333333333333E-02,-17.72666666666,
    8.646666666667));
#10108 = VECTOR('',#10109,1.);
#10109 = DIRECTION('',(-0.57735026919,-0.57735026919,0.57735026919));
#10110 = ORIENTED_EDGE('',*,*,#10111,.F.);
#10111 = EDGE_CURVE('',#10080,#10104,#10112,.T.);
#10112 = LINE('',#10113,#10114);
#10113 = CARTESIAN_POINT('',(0.16,-18.1,8.54));
#10114 = VECTOR('',#10115,1.);
#10115 = DIRECTION('',(0.,1.,0.));
#10116 = PLANE('',#10117);
#10117 = AXIS2_PLACEMENT_3D('',#10118,#10119,#10120);
#10118 = CARTESIAN_POINT('',(0.24,-18.1,8.46));
#10119 = DIRECTION('',(0.707106781187,-1.735167508357E-18,0.707106781187
    ));
#10120 = DIRECTION('',(1.226948711654E-18,1.,1.226948711654E-18));
#10121 = ADVANCED_FACE('',(#10122),#10140,.T.);
#10122 = FACE_BOUND('',#10123,.F.);
#10123 = EDGE_LOOP('',(#10124,#10132,#10133,#10134));
#10124 = ORIENTED_EDGE('',*,*,#10125,.F.);
#10125 = EDGE_CURVE('',#8208,#10126,#10128,.T.);
#10126 = VERTEX_POINT('',#10127);
#10127 = CARTESIAN_POINT('',(-0.16,-17.62,8.54));
#10128 = LINE('',#10129,#10130);
#10129 = CARTESIAN_POINT('',(-0.16,-17.62,8.54));
#10130 = VECTOR('',#10131,1.);
#10131 = DIRECTION('',(0.57735026919,-0.57735026919,0.57735026919));
#10132 = ORIENTED_EDGE('',*,*,#8215,.T.);
#10133 = ORIENTED_EDGE('',*,*,#10103,.T.);
#10134 = ORIENTED_EDGE('',*,*,#10135,.F.);
#10135 = EDGE_CURVE('',#10126,#10104,#10136,.T.);
#10136 = LINE('',#10137,#10138);
#10137 = CARTESIAN_POINT('',(-0.32,-17.62,8.54));
#10138 = VECTOR('',#10139,1.);
#10139 = DIRECTION('',(1.,0.,0.));
#10140 = PLANE('',#10141);
#10141 = AXIS2_PLACEMENT_3D('',#10142,#10143,#10144);
#10142 = CARTESIAN_POINT('',(-0.32,-17.54,8.46));
#10143 = DIRECTION('',(1.735167508357E-18,0.707106781187,0.707106781187)
  );
#10144 = DIRECTION('',(-1.,1.226948711654E-18,1.226948711654E-18));
#10145 = ADVANCED_FACE('',(#10146),#10157,.F.);
#10146 = FACE_BOUND('',#10147,.F.);
#10147 = EDGE_LOOP('',(#10148,#10149,#10150,#10151));
#10148 = ORIENTED_EDGE('',*,*,#10070,.F.);
#10149 = ORIENTED_EDGE('',*,*,#8232,.T.);
#10150 = ORIENTED_EDGE('',*,*,#10125,.T.);
#10151 = ORIENTED_EDGE('',*,*,#10152,.F.);
#10152 = EDGE_CURVE('',#10071,#10126,#10153,.T.);
#10153 = LINE('',#10154,#10155);
#10154 = CARTESIAN_POINT('',(-0.16,-18.1,8.54));
#10155 = VECTOR('',#10156,1.);
#10156 = DIRECTION('',(0.,1.,0.));
#10157 = PLANE('',#10158);
#10158 = AXIS2_PLACEMENT_3D('',#10159,#10160,#10161);
#10159 = CARTESIAN_POINT('',(-0.24,-18.1,8.46));
#10160 = DIRECTION('',(0.707106781187,1.735167508357E-18,-0.707106781187
    ));
#10161 = DIRECTION('',(-1.226948711654E-18,1.,1.226948711654E-18));
#10162 = ADVANCED_FACE('',(#10163),#10188,.T.);
#10163 = FACE_BOUND('',#10164,.T.);
#10164 = EDGE_LOOP('',(#10165,#10173,#10174,#10182));
#10165 = ORIENTED_EDGE('',*,*,#10166,.F.);
#10166 = EDGE_CURVE('',#8247,#10167,#10169,.T.);
#10167 = VERTEX_POINT('',#10168);
#10168 = CARTESIAN_POINT('',(0.16,-15.4,8.54));
#10169 = LINE('',#10170,#10171);
#10170 = CARTESIAN_POINT('',(0.16,-15.4,8.54));
#10171 = VECTOR('',#10172,1.);
#10172 = DIRECTION('',(-0.57735026919,0.57735026919,0.57735026919));
#10173 = ORIENTED_EDGE('',*,*,#8263,.T.);
#10174 = ORIENTED_EDGE('',*,*,#10175,.T.);
#10175 = EDGE_CURVE('',#8256,#10176,#10178,.T.);
#10176 = VERTEX_POINT('',#10177);
#10177 = CARTESIAN_POINT('',(0.16,-15.08,8.54));
#10178 = LINE('',#10179,#10180);
#10179 = CARTESIAN_POINT('',(5.333333333333E-02,-15.18666666666,
    8.646666666667));
#10180 = VECTOR('',#10181,1.);
#10181 = DIRECTION('',(-0.57735026919,-0.57735026919,0.57735026919));
#10182 = ORIENTED_EDGE('',*,*,#10183,.F.);
#10183 = EDGE_CURVE('',#10167,#10176,#10184,.T.);
#10184 = LINE('',#10185,#10186);
#10185 = CARTESIAN_POINT('',(0.16,-15.56,8.54));
#10186 = VECTOR('',#10187,1.);
#10187 = DIRECTION('',(0.,1.,0.));
#10188 = PLANE('',#10189);
#10189 = AXIS2_PLACEMENT_3D('',#10190,#10191,#10192);
#10190 = CARTESIAN_POINT('',(0.24,-15.56,8.46));
#10191 = DIRECTION('',(0.707106781187,-1.735167508357E-18,0.707106781187
    ));
#10192 = DIRECTION('',(1.226948711654E-18,1.,1.226948711654E-18));
#10193 = ADVANCED_FACE('',(#10194),#10212,.T.);
#10194 = FACE_BOUND('',#10195,.F.);
#10195 = EDGE_LOOP('',(#10196,#10204,#10205,#10206));
#10196 = ORIENTED_EDGE('',*,*,#10197,.F.);
#10197 = EDGE_CURVE('',#8280,#10198,#10200,.T.);
#10198 = VERTEX_POINT('',#10199);
#10199 = CARTESIAN_POINT('',(-0.16,-15.08,8.54));
#10200 = LINE('',#10201,#10202);
#10201 = CARTESIAN_POINT('',(-0.16,-15.08,8.54));
#10202 = VECTOR('',#10203,1.);
#10203 = DIRECTION('',(0.57735026919,-0.57735026919,0.57735026919));
#10204 = ORIENTED_EDGE('',*,*,#8287,.T.);
#10205 = ORIENTED_EDGE('',*,*,#10175,.T.);
#10206 = ORIENTED_EDGE('',*,*,#10207,.F.);
#10207 = EDGE_CURVE('',#10198,#10176,#10208,.T.);
#10208 = LINE('',#10209,#10210);
#10209 = CARTESIAN_POINT('',(-0.32,-15.08,8.54));
#10210 = VECTOR('',#10211,1.);
#10211 = DIRECTION('',(1.,0.,0.));
#10212 = PLANE('',#10213);
#10213 = AXIS2_PLACEMENT_3D('',#10214,#10215,#10216);
#10214 = CARTESIAN_POINT('',(-0.32,-15.,8.46));
#10215 = DIRECTION('',(1.735167508357E-18,0.707106781187,0.707106781187)
  );
#10216 = DIRECTION('',(-1.,1.226948711654E-18,1.226948711654E-18));
#10217 = ADVANCED_FACE('',(#10218),#10236,.F.);
#10218 = FACE_BOUND('',#10219,.F.);
#10219 = EDGE_LOOP('',(#10220,#10228,#10229,#10230));
#10220 = ORIENTED_EDGE('',*,*,#10221,.F.);
#10221 = EDGE_CURVE('',#8302,#10222,#10224,.T.);
#10222 = VERTEX_POINT('',#10223);
#10223 = CARTESIAN_POINT('',(-0.16,-15.4,8.54));
#10224 = LINE('',#10225,#10226);
#10225 = CARTESIAN_POINT('',(-0.266666666667,-15.50666666666,
    8.433333333333));
#10226 = VECTOR('',#10227,1.);
#10227 = DIRECTION('',(0.57735026919,0.57735026919,0.57735026919));
#10228 = ORIENTED_EDGE('',*,*,#8311,.T.);
#10229 = ORIENTED_EDGE('',*,*,#10197,.T.);
#10230 = ORIENTED_EDGE('',*,*,#10231,.F.);
#10231 = EDGE_CURVE('',#10222,#10198,#10232,.T.);
#10232 = LINE('',#10233,#10234);
#10233 = CARTESIAN_POINT('',(-0.16,-15.56,8.54));
#10234 = VECTOR('',#10235,1.);
#10235 = DIRECTION('',(0.,1.,0.));
#10236 = PLANE('',#10237);
#10237 = AXIS2_PLACEMENT_3D('',#10238,#10239,#10240);
#10238 = CARTESIAN_POINT('',(-0.24,-15.56,8.46));
#10239 = DIRECTION('',(0.707106781187,1.735167508357E-18,-0.707106781187
    ));
#10240 = DIRECTION('',(-1.226948711654E-18,1.,1.226948711654E-18));
#10241 = ADVANCED_FACE('',(#10242),#10253,.F.);
#10242 = FACE_BOUND('',#10243,.T.);
#10243 = EDGE_LOOP('',(#10244,#10245,#10246,#10247));
#10244 = ORIENTED_EDGE('',*,*,#10221,.F.);
#10245 = ORIENTED_EDGE('',*,*,#8328,.T.);
#10246 = ORIENTED_EDGE('',*,*,#10166,.T.);
#10247 = ORIENTED_EDGE('',*,*,#10248,.F.);
#10248 = EDGE_CURVE('',#10222,#10167,#10249,.T.);
#10249 = LINE('',#10250,#10251);
#10250 = CARTESIAN_POINT('',(-0.32,-15.4,8.54));
#10251 = VECTOR('',#10252,1.);
#10252 = DIRECTION('',(1.,0.,0.));
#10253 = PLANE('',#10254);
#10254 = AXIS2_PLACEMENT_3D('',#10255,#10256,#10257);
#10255 = CARTESIAN_POINT('',(-0.32,-15.48,8.46));
#10256 = DIRECTION('',(-1.735167508357E-18,0.707106781187,
    -0.707106781187));
#10257 = DIRECTION('',(-1.,-1.226948711654E-18,1.226948711654E-18));
#10258 = ADVANCED_FACE('',(#10259),#10284,.T.);
#10259 = FACE_BOUND('',#10260,.T.);
#10260 = EDGE_LOOP('',(#10261,#10269,#10270,#10278));
#10261 = ORIENTED_EDGE('',*,*,#10262,.F.);
#10262 = EDGE_CURVE('',#8343,#10263,#10265,.T.);
#10263 = VERTEX_POINT('',#10264);
#10264 = CARTESIAN_POINT('',(0.16,-23.02,8.54));
#10265 = LINE('',#10266,#10267);
#10266 = CARTESIAN_POINT('',(0.16,-23.02,8.54));
#10267 = VECTOR('',#10268,1.);
#10268 = DIRECTION('',(-0.57735026919,0.57735026919,0.57735026919));
#10269 = ORIENTED_EDGE('',*,*,#8359,.T.);
#10270 = ORIENTED_EDGE('',*,*,#10271,.T.);
#10271 = EDGE_CURVE('',#8352,#10272,#10274,.T.);
#10272 = VERTEX_POINT('',#10273);
#10273 = CARTESIAN_POINT('',(0.16,-22.7,8.54));
#10274 = LINE('',#10275,#10276);
#10275 = CARTESIAN_POINT('',(5.333333333333E-02,-22.80666666666,
    8.646666666667));
#10276 = VECTOR('',#10277,1.);
#10277 = DIRECTION('',(-0.57735026919,-0.57735026919,0.57735026919));
#10278 = ORIENTED_EDGE('',*,*,#10279,.F.);
#10279 = EDGE_CURVE('',#10263,#10272,#10280,.T.);
#10280 = LINE('',#10281,#10282);
#10281 = CARTESIAN_POINT('',(0.16,-23.18,8.54));
#10282 = VECTOR('',#10283,1.);
#10283 = DIRECTION('',(0.,1.,0.));
#10284 = PLANE('',#10285);
#10285 = AXIS2_PLACEMENT_3D('',#10286,#10287,#10288);
#10286 = CARTESIAN_POINT('',(0.24,-23.18,8.46));
#10287 = DIRECTION('',(0.707106781187,-1.735167508357E-18,0.707106781187
    ));
#10288 = DIRECTION('',(1.226948711654E-18,1.,1.226948711654E-18));
#10289 = ADVANCED_FACE('',(#10290),#10308,.T.);
#10290 = FACE_BOUND('',#10291,.F.);
#10291 = EDGE_LOOP('',(#10292,#10300,#10301,#10302));
#10292 = ORIENTED_EDGE('',*,*,#10293,.F.);
#10293 = EDGE_CURVE('',#8376,#10294,#10296,.T.);
#10294 = VERTEX_POINT('',#10295);
#10295 = CARTESIAN_POINT('',(-0.16,-22.7,8.54));
#10296 = LINE('',#10297,#10298);
#10297 = CARTESIAN_POINT('',(-0.16,-22.7,8.54));
#10298 = VECTOR('',#10299,1.);
#10299 = DIRECTION('',(0.57735026919,-0.57735026919,0.57735026919));
#10300 = ORIENTED_EDGE('',*,*,#8383,.T.);
#10301 = ORIENTED_EDGE('',*,*,#10271,.T.);
#10302 = ORIENTED_EDGE('',*,*,#10303,.F.);
#10303 = EDGE_CURVE('',#10294,#10272,#10304,.T.);
#10304 = LINE('',#10305,#10306);
#10305 = CARTESIAN_POINT('',(-0.32,-22.7,8.54));
#10306 = VECTOR('',#10307,1.);
#10307 = DIRECTION('',(1.,0.,0.));
#10308 = PLANE('',#10309);
#10309 = AXIS2_PLACEMENT_3D('',#10310,#10311,#10312);
#10310 = CARTESIAN_POINT('',(-0.32,-22.62,8.46));
#10311 = DIRECTION('',(1.735167508357E-18,0.707106781187,0.707106781187)
  );
#10312 = DIRECTION('',(-1.,1.226948711654E-18,1.226948711654E-18));
#10313 = ADVANCED_FACE('',(#10314),#10332,.F.);
#10314 = FACE_BOUND('',#10315,.F.);
#10315 = EDGE_LOOP('',(#10316,#10324,#10325,#10326));
#10316 = ORIENTED_EDGE('',*,*,#10317,.F.);
#10317 = EDGE_CURVE('',#8398,#10318,#10320,.T.);
#10318 = VERTEX_POINT('',#10319);
#10319 = CARTESIAN_POINT('',(-0.16,-23.02,8.54));
#10320 = LINE('',#10321,#10322);
#10321 = CARTESIAN_POINT('',(-0.266666666667,-23.12666666666,
    8.433333333333));
#10322 = VECTOR('',#10323,1.);
#10323 = DIRECTION('',(0.57735026919,0.57735026919,0.57735026919));
#10324 = ORIENTED_EDGE('',*,*,#8407,.T.);
#10325 = ORIENTED_EDGE('',*,*,#10293,.T.);
#10326 = ORIENTED_EDGE('',*,*,#10327,.F.);
#10327 = EDGE_CURVE('',#10318,#10294,#10328,.T.);
#10328 = LINE('',#10329,#10330);
#10329 = CARTESIAN_POINT('',(-0.16,-23.18,8.54));
#10330 = VECTOR('',#10331,1.);
#10331 = DIRECTION('',(0.,1.,0.));
#10332 = PLANE('',#10333);
#10333 = AXIS2_PLACEMENT_3D('',#10334,#10335,#10336);
#10334 = CARTESIAN_POINT('',(-0.24,-23.18,8.46));
#10335 = DIRECTION('',(0.707106781187,1.735167508357E-18,-0.707106781187
    ));
#10336 = DIRECTION('',(-1.226948711654E-18,1.,1.226948711654E-18));
#10337 = ADVANCED_FACE('',(#10338),#10349,.F.);
#10338 = FACE_BOUND('',#10339,.T.);
#10339 = EDGE_LOOP('',(#10340,#10341,#10342,#10343));
#10340 = ORIENTED_EDGE('',*,*,#10317,.F.);
#10341 = ORIENTED_EDGE('',*,*,#8424,.T.);
#10342 = ORIENTED_EDGE('',*,*,#10262,.T.);
#10343 = ORIENTED_EDGE('',*,*,#10344,.F.);
#10344 = EDGE_CURVE('',#10318,#10263,#10345,.T.);
#10345 = LINE('',#10346,#10347);
#10346 = CARTESIAN_POINT('',(-0.32,-23.02,8.54));
#10347 = VECTOR('',#10348,1.);
#10348 = DIRECTION('',(1.,0.,0.));
#10349 = PLANE('',#10350);
#10350 = AXIS2_PLACEMENT_3D('',#10351,#10352,#10353);
#10351 = CARTESIAN_POINT('',(-0.32,-23.1,8.46));
#10352 = DIRECTION('',(-1.735167508357E-18,0.707106781187,
    -0.707106781187));
#10353 = DIRECTION('',(-1.,-1.226948711654E-18,1.226948711654E-18));
#10354 = ADVANCED_FACE('',(#10355),#10380,.F.);
#10355 = FACE_BOUND('',#10356,.T.);
#10356 = EDGE_LOOP('',(#10357,#10365,#10366,#10374));
#10357 = ORIENTED_EDGE('',*,*,#10358,.F.);
#10358 = EDGE_CURVE('',#8448,#10359,#10361,.T.);
#10359 = VERTEX_POINT('',#10360);
#10360 = CARTESIAN_POINT('',(-0.16,-20.48,8.54));
#10361 = LINE('',#10362,#10363);
#10362 = CARTESIAN_POINT('',(-0.266666666667,-20.58666666666,
    8.433333333333));
#10363 = VECTOR('',#10364,1.);
#10364 = DIRECTION('',(0.57735026919,0.57735026919,0.57735026919));
#10365 = ORIENTED_EDGE('',*,*,#8455,.T.);
#10366 = ORIENTED_EDGE('',*,*,#10367,.T.);
#10367 = EDGE_CURVE('',#8439,#10368,#10370,.T.);
#10368 = VERTEX_POINT('',#10369);
#10369 = CARTESIAN_POINT('',(0.16,-20.48,8.54));
#10370 = LINE('',#10371,#10372);
#10371 = CARTESIAN_POINT('',(0.16,-20.48,8.54));
#10372 = VECTOR('',#10373,1.);
#10373 = DIRECTION('',(-0.57735026919,0.57735026919,0.57735026919));
#10374 = ORIENTED_EDGE('',*,*,#10375,.F.);
#10375 = EDGE_CURVE('',#10359,#10368,#10376,.T.);
#10376 = LINE('',#10377,#10378);
#10377 = CARTESIAN_POINT('',(-0.32,-20.48,8.54));
#10378 = VECTOR('',#10379,1.);
#10379 = DIRECTION('',(1.,0.,0.));
#10380 = PLANE('',#10381);
#10381 = AXIS2_PLACEMENT_3D('',#10382,#10383,#10384);
#10382 = CARTESIAN_POINT('',(-0.32,-20.56,8.46));
#10383 = DIRECTION('',(-1.735167508357E-18,0.707106781187,
    -0.707106781187));
#10384 = DIRECTION('',(-1.,-1.226948711654E-18,1.226948711654E-18));
#10385 = ADVANCED_FACE('',(#10386),#10404,.T.);
#10386 = FACE_BOUND('',#10387,.T.);
#10387 = EDGE_LOOP('',(#10388,#10389,#10390,#10398));
#10388 = ORIENTED_EDGE('',*,*,#10367,.F.);
#10389 = ORIENTED_EDGE('',*,*,#8479,.T.);
#10390 = ORIENTED_EDGE('',*,*,#10391,.T.);
#10391 = EDGE_CURVE('',#8472,#10392,#10394,.T.);
#10392 = VERTEX_POINT('',#10393);
#10393 = CARTESIAN_POINT('',(0.16,-20.16,8.54));
#10394 = LINE('',#10395,#10396);
#10395 = CARTESIAN_POINT('',(5.333333333333E-02,-20.26666666666,
    8.646666666667));
#10396 = VECTOR('',#10397,1.);
#10397 = DIRECTION('',(-0.57735026919,-0.57735026919,0.57735026919));
#10398 = ORIENTED_EDGE('',*,*,#10399,.F.);
#10399 = EDGE_CURVE('',#10368,#10392,#10400,.T.);
#10400 = LINE('',#10401,#10402);
#10401 = CARTESIAN_POINT('',(0.16,-20.64,8.54));
#10402 = VECTOR('',#10403,1.);
#10403 = DIRECTION('',(0.,1.,0.));
#10404 = PLANE('',#10405);
#10405 = AXIS2_PLACEMENT_3D('',#10406,#10407,#10408);
#10406 = CARTESIAN_POINT('',(0.24,-20.64,8.46));
#10407 = DIRECTION('',(0.707106781187,-1.735167508357E-18,0.707106781187
    ));
#10408 = DIRECTION('',(1.226948711654E-18,1.,1.226948711654E-18));
#10409 = ADVANCED_FACE('',(#10410),#10428,.T.);
#10410 = FACE_BOUND('',#10411,.F.);
#10411 = EDGE_LOOP('',(#10412,#10420,#10421,#10422));
#10412 = ORIENTED_EDGE('',*,*,#10413,.F.);
#10413 = EDGE_CURVE('',#8496,#10414,#10416,.T.);
#10414 = VERTEX_POINT('',#10415);
#10415 = CARTESIAN_POINT('',(-0.16,-20.16,8.54));
#10416 = LINE('',#10417,#10418);
#10417 = CARTESIAN_POINT('',(-0.16,-20.16,8.54));
#10418 = VECTOR('',#10419,1.);
#10419 = DIRECTION('',(0.57735026919,-0.57735026919,0.57735026919));
#10420 = ORIENTED_EDGE('',*,*,#8503,.T.);
#10421 = ORIENTED_EDGE('',*,*,#10391,.T.);
#10422 = ORIENTED_EDGE('',*,*,#10423,.F.);
#10423 = EDGE_CURVE('',#10414,#10392,#10424,.T.);
#10424 = LINE('',#10425,#10426);
#10425 = CARTESIAN_POINT('',(-0.32,-20.16,8.54));
#10426 = VECTOR('',#10427,1.);
#10427 = DIRECTION('',(1.,0.,0.));
#10428 = PLANE('',#10429);
#10429 = AXIS2_PLACEMENT_3D('',#10430,#10431,#10432);
#10430 = CARTESIAN_POINT('',(-0.32,-20.08,8.46));
#10431 = DIRECTION('',(1.735167508357E-18,0.707106781187,0.707106781187)
  );
#10432 = DIRECTION('',(-1.,1.226948711654E-18,1.226948711654E-18));
#10433 = ADVANCED_FACE('',(#10434),#10445,.F.);
#10434 = FACE_BOUND('',#10435,.F.);
#10435 = EDGE_LOOP('',(#10436,#10437,#10438,#10439));
#10436 = ORIENTED_EDGE('',*,*,#10358,.F.);
#10437 = ORIENTED_EDGE('',*,*,#8520,.T.);
#10438 = ORIENTED_EDGE('',*,*,#10413,.T.);
#10439 = ORIENTED_EDGE('',*,*,#10440,.F.);
#10440 = EDGE_CURVE('',#10359,#10414,#10441,.T.);
#10441 = LINE('',#10442,#10443);
#10442 = CARTESIAN_POINT('',(-0.16,-20.64,8.54));
#10443 = VECTOR('',#10444,1.);
#10444 = DIRECTION('',(0.,1.,0.));
#10445 = PLANE('',#10446);
#10446 = AXIS2_PLACEMENT_3D('',#10447,#10448,#10449);
#10447 = CARTESIAN_POINT('',(-0.24,-20.64,8.46));
#10448 = DIRECTION('',(0.707106781187,1.735167508357E-18,-0.707106781187
    ));
#10449 = DIRECTION('',(-1.226948711654E-18,1.,1.226948711654E-18));
#10450 = ADVANCED_FACE('',(#10451),#10476,.F.);
#10451 = FACE_BOUND('',#10452,.T.);
#10452 = EDGE_LOOP('',(#10453,#10461,#10462,#10470));
#10453 = ORIENTED_EDGE('',*,*,#10454,.F.);
#10454 = EDGE_CURVE('',#8544,#10455,#10457,.T.);
#10455 = VERTEX_POINT('',#10456);
#10456 = CARTESIAN_POINT('',(-0.16,-0.16,8.54));
#10457 = LINE('',#10458,#10459);
#10458 = CARTESIAN_POINT('',(-0.266666666667,-0.266666666667,
    8.433333333333));
#10459 = VECTOR('',#10460,1.);
#10460 = DIRECTION('',(0.57735026919,0.57735026919,0.57735026919));
#10461 = ORIENTED_EDGE('',*,*,#8551,.T.);
#10462 = ORIENTED_EDGE('',*,*,#10463,.T.);
#10463 = EDGE_CURVE('',#8535,#10464,#10466,.T.);
#10464 = VERTEX_POINT('',#10465);
#10465 = CARTESIAN_POINT('',(0.16,-0.16,8.54));
#10466 = LINE('',#10467,#10468);
#10467 = CARTESIAN_POINT('',(0.16,-0.16,8.54));
#10468 = VECTOR('',#10469,1.);
#10469 = DIRECTION('',(-0.57735026919,0.57735026919,0.57735026919));
#10470 = ORIENTED_EDGE('',*,*,#10471,.F.);
#10471 = EDGE_CURVE('',#10455,#10464,#10472,.T.);
#10472 = LINE('',#10473,#10474);
#10473 = CARTESIAN_POINT('',(-0.32,-0.16,8.54));
#10474 = VECTOR('',#10475,1.);
#10475 = DIRECTION('',(1.,0.,0.));
#10476 = PLANE('',#10477);
#10477 = AXIS2_PLACEMENT_3D('',#10478,#10479,#10480);
#10478 = CARTESIAN_POINT('',(-0.32,-0.24,8.46));
#10479 = DIRECTION('',(-1.735167508357E-18,0.707106781187,
    -0.707106781187));
#10480 = DIRECTION('',(-1.,-1.226948711654E-18,1.226948711654E-18));
#10481 = ADVANCED_FACE('',(#10482),#10500,.T.);
#10482 = FACE_BOUND('',#10483,.T.);
#10483 = EDGE_LOOP('',(#10484,#10485,#10486,#10494));
#10484 = ORIENTED_EDGE('',*,*,#10463,.F.);
#10485 = ORIENTED_EDGE('',*,*,#8575,.T.);
#10486 = ORIENTED_EDGE('',*,*,#10487,.T.);
#10487 = EDGE_CURVE('',#8568,#10488,#10490,.T.);
#10488 = VERTEX_POINT('',#10489);
#10489 = CARTESIAN_POINT('',(0.16,0.16,8.54));
#10490 = LINE('',#10491,#10492);
#10491 = CARTESIAN_POINT('',(5.333333333333E-02,5.333333333333E-02,
    8.646666666667));
#10492 = VECTOR('',#10493,1.);
#10493 = DIRECTION('',(-0.57735026919,-0.57735026919,0.57735026919));
#10494 = ORIENTED_EDGE('',*,*,#10495,.F.);
#10495 = EDGE_CURVE('',#10464,#10488,#10496,.T.);
#10496 = LINE('',#10497,#10498);
#10497 = CARTESIAN_POINT('',(0.16,-0.32,8.54));
#10498 = VECTOR('',#10499,1.);
#10499 = DIRECTION('',(0.,1.,0.));
#10500 = PLANE('',#10501);
#10501 = AXIS2_PLACEMENT_3D('',#10502,#10503,#10504);
#10502 = CARTESIAN_POINT('',(0.24,-0.32,8.46));
#10503 = DIRECTION('',(0.707106781187,-1.735167508357E-18,0.707106781187
    ));
#10504 = DIRECTION('',(1.226948711654E-18,1.,1.226948711654E-18));
#10505 = ADVANCED_FACE('',(#10506),#10524,.T.);
#10506 = FACE_BOUND('',#10507,.F.);
#10507 = EDGE_LOOP('',(#10508,#10516,#10517,#10518));
#10508 = ORIENTED_EDGE('',*,*,#10509,.F.);
#10509 = EDGE_CURVE('',#8592,#10510,#10512,.T.);
#10510 = VERTEX_POINT('',#10511);
#10511 = CARTESIAN_POINT('',(-0.16,0.16,8.54));
#10512 = LINE('',#10513,#10514);
#10513 = CARTESIAN_POINT('',(-0.16,0.16,8.54));
#10514 = VECTOR('',#10515,1.);
#10515 = DIRECTION('',(0.57735026919,-0.57735026919,0.57735026919));
#10516 = ORIENTED_EDGE('',*,*,#8599,.T.);
#10517 = ORIENTED_EDGE('',*,*,#10487,.T.);
#10518 = ORIENTED_EDGE('',*,*,#10519,.F.);
#10519 = EDGE_CURVE('',#10510,#10488,#10520,.T.);
#10520 = LINE('',#10521,#10522);
#10521 = CARTESIAN_POINT('',(-0.32,0.16,8.54));
#10522 = VECTOR('',#10523,1.);
#10523 = DIRECTION('',(1.,0.,0.));
#10524 = PLANE('',#10525);
#10525 = AXIS2_PLACEMENT_3D('',#10526,#10527,#10528);
#10526 = CARTESIAN_POINT('',(-0.32,0.24,8.46));
#10527 = DIRECTION('',(1.735167508357E-18,0.707106781187,0.707106781187)
  );
#10528 = DIRECTION('',(-1.,1.226948711654E-18,1.226948711654E-18));
#10529 = ADVANCED_FACE('',(#10530),#10541,.F.);
#10530 = FACE_BOUND('',#10531,.F.);
#10531 = EDGE_LOOP('',(#10532,#10533,#10534,#10535));
#10532 = ORIENTED_EDGE('',*,*,#10454,.F.);
#10533 = ORIENTED_EDGE('',*,*,#8616,.T.);
#10534 = ORIENTED_EDGE('',*,*,#10509,.T.);
#10535 = ORIENTED_EDGE('',*,*,#10536,.F.);
#10536 = EDGE_CURVE('',#10455,#10510,#10537,.T.);
#10537 = LINE('',#10538,#10539);
#10538 = CARTESIAN_POINT('',(-0.16,-0.32,8.54));
#10539 = VECTOR('',#10540,1.);
#10540 = DIRECTION('',(0.,1.,0.));
#10541 = PLANE('',#10542);
#10542 = AXIS2_PLACEMENT_3D('',#10543,#10544,#10545);
#10543 = CARTESIAN_POINT('',(-0.24,-0.32,8.46));
#10544 = DIRECTION('',(0.707106781187,1.735167508357E-18,-0.707106781187
    ));
#10545 = DIRECTION('',(-1.226948711654E-18,1.,1.226948711654E-18));
#10546 = ADVANCED_FACE('',(#10547),#10572,.T.);
#10547 = FACE_BOUND('',#10548,.T.);
#10548 = EDGE_LOOP('',(#10549,#10557,#10558,#10566));
#10549 = ORIENTED_EDGE('',*,*,#10550,.F.);
#10550 = EDGE_CURVE('',#8631,#10551,#10553,.T.);
#10551 = VERTEX_POINT('',#10552);
#10552 = CARTESIAN_POINT('',(0.16,-2.7,8.54));
#10553 = LINE('',#10554,#10555);
#10554 = CARTESIAN_POINT('',(0.16,-2.7,8.54));
#10555 = VECTOR('',#10556,1.);
#10556 = DIRECTION('',(-0.57735026919,0.57735026919,0.57735026919));
#10557 = ORIENTED_EDGE('',*,*,#8647,.T.);
#10558 = ORIENTED_EDGE('',*,*,#10559,.T.);
#10559 = EDGE_CURVE('',#8640,#10560,#10562,.T.);
#10560 = VERTEX_POINT('',#10561);
#10561 = CARTESIAN_POINT('',(0.16,-2.38,8.54));
#10562 = LINE('',#10563,#10564);
#10563 = CARTESIAN_POINT('',(5.333333333333E-02,-2.486666666667,
    8.646666666667));
#10564 = VECTOR('',#10565,1.);
#10565 = DIRECTION('',(-0.57735026919,-0.57735026919,0.57735026919));
#10566 = ORIENTED_EDGE('',*,*,#10567,.F.);
#10567 = EDGE_CURVE('',#10551,#10560,#10568,.T.);
#10568 = LINE('',#10569,#10570);
#10569 = CARTESIAN_POINT('',(0.16,-2.86,8.54));
#10570 = VECTOR('',#10571,1.);
#10571 = DIRECTION('',(0.,1.,0.));
#10572 = PLANE('',#10573);
#10573 = AXIS2_PLACEMENT_3D('',#10574,#10575,#10576);
#10574 = CARTESIAN_POINT('',(0.24,-2.86,8.46));
#10575 = DIRECTION('',(0.707106781187,-1.735167508357E-18,0.707106781187
    ));
#10576 = DIRECTION('',(1.226948711654E-18,1.,1.226948711654E-18));
#10577 = ADVANCED_FACE('',(#10578),#10596,.T.);
#10578 = FACE_BOUND('',#10579,.F.);
#10579 = EDGE_LOOP('',(#10580,#10588,#10589,#10590));
#10580 = ORIENTED_EDGE('',*,*,#10581,.F.);
#10581 = EDGE_CURVE('',#8664,#10582,#10584,.T.);
#10582 = VERTEX_POINT('',#10583);
#10583 = CARTESIAN_POINT('',(-0.16,-2.38,8.54));
#10584 = LINE('',#10585,#10586);
#10585 = CARTESIAN_POINT('',(-0.16,-2.38,8.54));
#10586 = VECTOR('',#10587,1.);
#10587 = DIRECTION('',(0.57735026919,-0.57735026919,0.57735026919));
#10588 = ORIENTED_EDGE('',*,*,#8671,.T.);
#10589 = ORIENTED_EDGE('',*,*,#10559,.T.);
#10590 = ORIENTED_EDGE('',*,*,#10591,.F.);
#10591 = EDGE_CURVE('',#10582,#10560,#10592,.T.);
#10592 = LINE('',#10593,#10594);
#10593 = CARTESIAN_POINT('',(-0.32,-2.38,8.54));
#10594 = VECTOR('',#10595,1.);
#10595 = DIRECTION('',(1.,0.,0.));
#10596 = PLANE('',#10597);
#10597 = AXIS2_PLACEMENT_3D('',#10598,#10599,#10600);
#10598 = CARTESIAN_POINT('',(-0.32,-2.3,8.46));
#10599 = DIRECTION('',(1.735167508357E-18,0.707106781187,0.707106781187)
  );
#10600 = DIRECTION('',(-1.,1.226948711654E-18,1.226948711654E-18));
#10601 = ADVANCED_FACE('',(#10602),#10620,.F.);
#10602 = FACE_BOUND('',#10603,.F.);
#10603 = EDGE_LOOP('',(#10604,#10612,#10613,#10614));
#10604 = ORIENTED_EDGE('',*,*,#10605,.F.);
#10605 = EDGE_CURVE('',#8686,#10606,#10608,.T.);
#10606 = VERTEX_POINT('',#10607);
#10607 = CARTESIAN_POINT('',(-0.16,-2.7,8.54));
#10608 = LINE('',#10609,#10610);
#10609 = CARTESIAN_POINT('',(-0.266666666667,-2.806666666667,
    8.433333333333));
#10610 = VECTOR('',#10611,1.);
#10611 = DIRECTION('',(0.57735026919,0.57735026919,0.57735026919));
#10612 = ORIENTED_EDGE('',*,*,#8695,.T.);
#10613 = ORIENTED_EDGE('',*,*,#10581,.T.);
#10614 = ORIENTED_EDGE('',*,*,#10615,.F.);
#10615 = EDGE_CURVE('',#10606,#10582,#10616,.T.);
#10616 = LINE('',#10617,#10618);
#10617 = CARTESIAN_POINT('',(-0.16,-2.86,8.54));
#10618 = VECTOR('',#10619,1.);
#10619 = DIRECTION('',(0.,1.,0.));
#10620 = PLANE('',#10621);
#10621 = AXIS2_PLACEMENT_3D('',#10622,#10623,#10624);
#10622 = CARTESIAN_POINT('',(-0.24,-2.86,8.46));
#10623 = DIRECTION('',(0.707106781187,1.735167508357E-18,-0.707106781187
    ));
#10624 = DIRECTION('',(-1.226948711654E-18,1.,1.226948711654E-18));
#10625 = ADVANCED_FACE('',(#10626),#10637,.F.);
#10626 = FACE_BOUND('',#10627,.T.);
#10627 = EDGE_LOOP('',(#10628,#10629,#10630,#10631));
#10628 = ORIENTED_EDGE('',*,*,#10605,.F.);
#10629 = ORIENTED_EDGE('',*,*,#8712,.T.);
#10630 = ORIENTED_EDGE('',*,*,#10550,.T.);
#10631 = ORIENTED_EDGE('',*,*,#10632,.F.);
#10632 = EDGE_CURVE('',#10606,#10551,#10633,.T.);
#10633 = LINE('',#10634,#10635);
#10634 = CARTESIAN_POINT('',(-0.32,-2.7,8.54));
#10635 = VECTOR('',#10636,1.);
#10636 = DIRECTION('',(1.,0.,0.));
#10637 = PLANE('',#10638);
#10638 = AXIS2_PLACEMENT_3D('',#10639,#10640,#10641);
#10639 = CARTESIAN_POINT('',(-0.32,-2.78,8.46));
#10640 = DIRECTION('',(-1.735167508357E-18,0.707106781187,
    -0.707106781187));
#10641 = DIRECTION('',(-1.,-1.226948711654E-18,1.226948711654E-18));
#10642 = ADVANCED_FACE('',(#10643),#10668,.T.);
#10643 = FACE_BOUND('',#10644,.T.);
#10644 = EDGE_LOOP('',(#10645,#10653,#10654,#10662));
#10645 = ORIENTED_EDGE('',*,*,#10646,.F.);
#10646 = EDGE_CURVE('',#8727,#10647,#10649,.T.);
#10647 = VERTEX_POINT('',#10648);
#10648 = CARTESIAN_POINT('',(0.16,-5.24,8.54));
#10649 = LINE('',#10650,#10651);
#10650 = CARTESIAN_POINT('',(0.16,-5.24,8.54));
#10651 = VECTOR('',#10652,1.);
#10652 = DIRECTION('',(-0.57735026919,0.57735026919,0.57735026919));
#10653 = ORIENTED_EDGE('',*,*,#8743,.T.);
#10654 = ORIENTED_EDGE('',*,*,#10655,.T.);
#10655 = EDGE_CURVE('',#8736,#10656,#10658,.T.);
#10656 = VERTEX_POINT('',#10657);
#10657 = CARTESIAN_POINT('',(0.16,-4.92,8.54));
#10658 = LINE('',#10659,#10660);
#10659 = CARTESIAN_POINT('',(5.333333333333E-02,-5.026666666667,
    8.646666666667));
#10660 = VECTOR('',#10661,1.);
#10661 = DIRECTION('',(-0.57735026919,-0.57735026919,0.57735026919));
#10662 = ORIENTED_EDGE('',*,*,#10663,.F.);
#10663 = EDGE_CURVE('',#10647,#10656,#10664,.T.);
#10664 = LINE('',#10665,#10666);
#10665 = CARTESIAN_POINT('',(0.16,-5.4,8.54));
#10666 = VECTOR('',#10667,1.);
#10667 = DIRECTION('',(0.,1.,0.));
#10668 = PLANE('',#10669);
#10669 = AXIS2_PLACEMENT_3D('',#10670,#10671,#10672);
#10670 = CARTESIAN_POINT('',(0.24,-5.4,8.46));
#10671 = DIRECTION('',(0.707106781187,-1.735167508357E-18,0.707106781187
    ));
#10672 = DIRECTION('',(1.226948711654E-18,1.,1.226948711654E-18));
#10673 = ADVANCED_FACE('',(#10674),#10692,.T.);
#10674 = FACE_BOUND('',#10675,.F.);
#10675 = EDGE_LOOP('',(#10676,#10684,#10685,#10686));
#10676 = ORIENTED_EDGE('',*,*,#10677,.F.);
#10677 = EDGE_CURVE('',#8760,#10678,#10680,.T.);
#10678 = VERTEX_POINT('',#10679);
#10679 = CARTESIAN_POINT('',(-0.16,-4.92,8.54));
#10680 = LINE('',#10681,#10682);
#10681 = CARTESIAN_POINT('',(-0.16,-4.92,8.54));
#10682 = VECTOR('',#10683,1.);
#10683 = DIRECTION('',(0.57735026919,-0.57735026919,0.57735026919));
#10684 = ORIENTED_EDGE('',*,*,#8767,.T.);
#10685 = ORIENTED_EDGE('',*,*,#10655,.T.);
#10686 = ORIENTED_EDGE('',*,*,#10687,.F.);
#10687 = EDGE_CURVE('',#10678,#10656,#10688,.T.);
#10688 = LINE('',#10689,#10690);
#10689 = CARTESIAN_POINT('',(-0.32,-4.92,8.54));
#10690 = VECTOR('',#10691,1.);
#10691 = DIRECTION('',(1.,0.,0.));
#10692 = PLANE('',#10693);
#10693 = AXIS2_PLACEMENT_3D('',#10694,#10695,#10696);
#10694 = CARTESIAN_POINT('',(-0.32,-4.84,8.46));
#10695 = DIRECTION('',(1.735167508357E-18,0.707106781187,0.707106781187)
  );
#10696 = DIRECTION('',(-1.,1.226948711654E-18,1.226948711654E-18));
#10697 = ADVANCED_FACE('',(#10698),#10716,.F.);
#10698 = FACE_BOUND('',#10699,.F.);
#10699 = EDGE_LOOP('',(#10700,#10708,#10709,#10710));
#10700 = ORIENTED_EDGE('',*,*,#10701,.F.);
#10701 = EDGE_CURVE('',#8782,#10702,#10704,.T.);
#10702 = VERTEX_POINT('',#10703);
#10703 = CARTESIAN_POINT('',(-0.16,-5.24,8.54));
#10704 = LINE('',#10705,#10706);
#10705 = CARTESIAN_POINT('',(-0.266666666667,-5.346666666667,
    8.433333333333));
#10706 = VECTOR('',#10707,1.);
#10707 = DIRECTION('',(0.57735026919,0.57735026919,0.57735026919));
#10708 = ORIENTED_EDGE('',*,*,#8791,.T.);
#10709 = ORIENTED_EDGE('',*,*,#10677,.T.);
#10710 = ORIENTED_EDGE('',*,*,#10711,.F.);
#10711 = EDGE_CURVE('',#10702,#10678,#10712,.T.);
#10712 = LINE('',#10713,#10714);
#10713 = CARTESIAN_POINT('',(-0.16,-5.4,8.54));
#10714 = VECTOR('',#10715,1.);
#10715 = DIRECTION('',(0.,1.,0.));
#10716 = PLANE('',#10717);
#10717 = AXIS2_PLACEMENT_3D('',#10718,#10719,#10720);
#10718 = CARTESIAN_POINT('',(-0.24,-5.4,8.46));
#10719 = DIRECTION('',(0.707106781187,1.735167508357E-18,-0.707106781187
    ));
#10720 = DIRECTION('',(-1.226948711654E-18,1.,1.226948711654E-18));
#10721 = ADVANCED_FACE('',(#10722),#10733,.F.);
#10722 = FACE_BOUND('',#10723,.T.);
#10723 = EDGE_LOOP('',(#10724,#10725,#10726,#10727));
#10724 = ORIENTED_EDGE('',*,*,#10701,.F.);
#10725 = ORIENTED_EDGE('',*,*,#8808,.T.);
#10726 = ORIENTED_EDGE('',*,*,#10646,.T.);
#10727 = ORIENTED_EDGE('',*,*,#10728,.F.);
#10728 = EDGE_CURVE('',#10702,#10647,#10729,.T.);
#10729 = LINE('',#10730,#10731);
#10730 = CARTESIAN_POINT('',(-0.32,-5.24,8.54));
#10731 = VECTOR('',#10732,1.);
#10732 = DIRECTION('',(1.,0.,0.));
#10733 = PLANE('',#10734);
#10734 = AXIS2_PLACEMENT_3D('',#10735,#10736,#10737);
#10735 = CARTESIAN_POINT('',(-0.32,-5.32,8.46));
#10736 = DIRECTION('',(-1.735167508357E-18,0.707106781187,
    -0.707106781187));
#10737 = DIRECTION('',(-1.,-1.226948711654E-18,1.226948711654E-18));
#10738 = ADVANCED_FACE('',(#10739),#10745,.F.);
#10739 = FACE_BOUND('',#10740,.F.);
#10740 = EDGE_LOOP('',(#10741,#10742,#10743,#10744));
#10741 = ORIENTED_EDGE('',*,*,#8863,.F.);
#10742 = ORIENTED_EDGE('',*,*,#8887,.F.);
#10743 = ORIENTED_EDGE('',*,*,#8904,.T.);
#10744 = ORIENTED_EDGE('',*,*,#8839,.T.);
#10745 = PLANE('',#10746);
#10746 = AXIS2_PLACEMENT_3D('',#10747,#10748,#10749);
#10747 = CARTESIAN_POINT('',(-0.32,-13.02,-3.));
#10748 = DIRECTION('',(0.,0.,1.));
#10749 = DIRECTION('',(1.,0.,-0.));
#10750 = ADVANCED_FACE('',(#10751),#10757,.F.);
#10751 = FACE_BOUND('',#10752,.F.);
#10752 = EDGE_LOOP('',(#10753,#10754,#10755,#10756));
#10753 = ORIENTED_EDGE('',*,*,#8959,.F.);
#10754 = ORIENTED_EDGE('',*,*,#8983,.F.);
#10755 = ORIENTED_EDGE('',*,*,#9000,.T.);
#10756 = ORIENTED_EDGE('',*,*,#8935,.T.);
#10757 = PLANE('',#10758);
#10758 = AXIS2_PLACEMENT_3D('',#10759,#10760,#10761);
#10759 = CARTESIAN_POINT('',(-0.32,-10.48,-3.));
#10760 = DIRECTION('',(0.,0.,1.));
#10761 = DIRECTION('',(1.,0.,-0.));
#10762 = ADVANCED_FACE('',(#10763),#10769,.F.);
#10763 = FACE_BOUND('',#10764,.F.);
#10764 = EDGE_LOOP('',(#10765,#10766,#10767,#10768));
#10765 = ORIENTED_EDGE('',*,*,#9055,.F.);
#10766 = ORIENTED_EDGE('',*,*,#9079,.F.);
#10767 = ORIENTED_EDGE('',*,*,#9096,.T.);
#10768 = ORIENTED_EDGE('',*,*,#9031,.T.);
#10769 = PLANE('',#10770);
#10770 = AXIS2_PLACEMENT_3D('',#10771,#10772,#10773);
#10771 = CARTESIAN_POINT('',(-0.32,-7.94,-3.));
#10772 = DIRECTION('',(0.,0.,1.));
#10773 = DIRECTION('',(1.,0.,-0.));
#10774 = ADVANCED_FACE('',(#10775),#10781,.F.);
#10775 = FACE_BOUND('',#10776,.F.);
#10776 = EDGE_LOOP('',(#10777,#10778,#10779,#10780));
#10777 = ORIENTED_EDGE('',*,*,#9175,.F.);
#10778 = ORIENTED_EDGE('',*,*,#9192,.F.);
#10779 = ORIENTED_EDGE('',*,*,#9127,.T.);
#10780 = ORIENTED_EDGE('',*,*,#9151,.T.);
#10781 = PLANE('',#10782);
#10782 = AXIS2_PLACEMENT_3D('',#10783,#10784,#10785);
#10783 = CARTESIAN_POINT('',(-0.32,-18.1,-3.));
#10784 = DIRECTION('',(0.,0.,1.));
#10785 = DIRECTION('',(1.,0.,-0.));
#10786 = ADVANCED_FACE('',(#10787),#10793,.F.);
#10787 = FACE_BOUND('',#10788,.F.);
#10788 = EDGE_LOOP('',(#10789,#10790,#10791,#10792));
#10789 = ORIENTED_EDGE('',*,*,#9247,.F.);
#10790 = ORIENTED_EDGE('',*,*,#9271,.F.);
#10791 = ORIENTED_EDGE('',*,*,#9288,.T.);
#10792 = ORIENTED_EDGE('',*,*,#9223,.T.);
#10793 = PLANE('',#10794);
#10794 = AXIS2_PLACEMENT_3D('',#10795,#10796,#10797);
#10795 = CARTESIAN_POINT('',(-0.32,-15.56,-3.));
#10796 = DIRECTION('',(0.,0.,1.));
#10797 = DIRECTION('',(1.,0.,-0.));
#10798 = ADVANCED_FACE('',(#10799),#10805,.F.);
#10799 = FACE_BOUND('',#10800,.F.);
#10800 = EDGE_LOOP('',(#10801,#10802,#10803,#10804));
#10801 = ORIENTED_EDGE('',*,*,#9343,.F.);
#10802 = ORIENTED_EDGE('',*,*,#9367,.F.);
#10803 = ORIENTED_EDGE('',*,*,#9384,.T.);
#10804 = ORIENTED_EDGE('',*,*,#9319,.T.);
#10805 = PLANE('',#10806);
#10806 = AXIS2_PLACEMENT_3D('',#10807,#10808,#10809);
#10807 = CARTESIAN_POINT('',(-0.32,-23.18,-3.));
#10808 = DIRECTION('',(0.,0.,1.));
#10809 = DIRECTION('',(1.,0.,-0.));
#10810 = ADVANCED_FACE('',(#10811),#10817,.F.);
#10811 = FACE_BOUND('',#10812,.F.);
#10812 = EDGE_LOOP('',(#10813,#10814,#10815,#10816));
#10813 = ORIENTED_EDGE('',*,*,#9463,.F.);
#10814 = ORIENTED_EDGE('',*,*,#9480,.F.);
#10815 = ORIENTED_EDGE('',*,*,#9415,.T.);
#10816 = ORIENTED_EDGE('',*,*,#9439,.T.);
#10817 = PLANE('',#10818);
#10818 = AXIS2_PLACEMENT_3D('',#10819,#10820,#10821);
#10819 = CARTESIAN_POINT('',(-0.32,-20.64,-3.));
#10820 = DIRECTION('',(0.,0.,1.));
#10821 = DIRECTION('',(1.,0.,-0.));
#10822 = ADVANCED_FACE('',(#10823),#10829,.F.);
#10823 = FACE_BOUND('',#10824,.F.);
#10824 = EDGE_LOOP('',(#10825,#10826,#10827,#10828));
#10825 = ORIENTED_EDGE('',*,*,#9559,.F.);
#10826 = ORIENTED_EDGE('',*,*,#9576,.F.);
#10827 = ORIENTED_EDGE('',*,*,#9511,.T.);
#10828 = ORIENTED_EDGE('',*,*,#9535,.T.);
#10829 = PLANE('',#10830);
#10830 = AXIS2_PLACEMENT_3D('',#10831,#10832,#10833);
#10831 = CARTESIAN_POINT('',(-0.32,-0.32,-3.));
#10832 = DIRECTION('',(0.,0.,1.));
#10833 = DIRECTION('',(1.,0.,-0.));
#10834 = ADVANCED_FACE('',(#10835),#10841,.F.);
#10835 = FACE_BOUND('',#10836,.F.);
#10836 = EDGE_LOOP('',(#10837,#10838,#10839,#10840));
#10837 = ORIENTED_EDGE('',*,*,#9631,.F.);
#10838 = ORIENTED_EDGE('',*,*,#9655,.F.);
#10839 = ORIENTED_EDGE('',*,*,#9672,.T.);
#10840 = ORIENTED_EDGE('',*,*,#9607,.T.);
#10841 = PLANE('',#10842);
#10842 = AXIS2_PLACEMENT_3D('',#10843,#10844,#10845);
#10843 = CARTESIAN_POINT('',(-0.32,-2.86,-3.));
#10844 = DIRECTION('',(0.,0.,1.));
#10845 = DIRECTION('',(1.,0.,-0.));
#10846 = ADVANCED_FACE('',(#10847),#10853,.F.);
#10847 = FACE_BOUND('',#10848,.F.);
#10848 = EDGE_LOOP('',(#10849,#10850,#10851,#10852));
#10849 = ORIENTED_EDGE('',*,*,#9727,.F.);
#10850 = ORIENTED_EDGE('',*,*,#9751,.F.);
#10851 = ORIENTED_EDGE('',*,*,#9768,.T.);
#10852 = ORIENTED_EDGE('',*,*,#9703,.T.);
#10853 = PLANE('',#10854);
#10854 = AXIS2_PLACEMENT_3D('',#10855,#10856,#10857);
#10855 = CARTESIAN_POINT('',(-0.32,-5.4,-3.));
#10856 = DIRECTION('',(0.,0.,1.));
#10857 = DIRECTION('',(1.,0.,-0.));
#10858 = ADVANCED_FACE('',(#10859),#10865,.T.);
#10859 = FACE_BOUND('',#10860,.T.);
#10860 = EDGE_LOOP('',(#10861,#10862,#10863,#10864));
#10861 = ORIENTED_EDGE('',*,*,#9847,.F.);
#10862 = ORIENTED_EDGE('',*,*,#9864,.T.);
#10863 = ORIENTED_EDGE('',*,*,#9799,.T.);
#10864 = ORIENTED_EDGE('',*,*,#9823,.F.);
#10865 = PLANE('',#10866);
#10866 = AXIS2_PLACEMENT_3D('',#10867,#10868,#10869);
#10867 = CARTESIAN_POINT('',(-0.32,-13.02,8.54));
#10868 = DIRECTION('',(0.,0.,1.));
#10869 = DIRECTION('',(1.,0.,-0.));
#10870 = ADVANCED_FACE('',(#10871),#10877,.T.);
#10871 = FACE_BOUND('',#10872,.T.);
#10872 = EDGE_LOOP('',(#10873,#10874,#10875,#10876));
#10873 = ORIENTED_EDGE('',*,*,#9943,.F.);
#10874 = ORIENTED_EDGE('',*,*,#9960,.T.);
#10875 = ORIENTED_EDGE('',*,*,#9895,.T.);
#10876 = ORIENTED_EDGE('',*,*,#9919,.F.);
#10877 = PLANE('',#10878);
#10878 = AXIS2_PLACEMENT_3D('',#10879,#10880,#10881);
#10879 = CARTESIAN_POINT('',(-0.32,-10.48,8.54));
#10880 = DIRECTION('',(0.,0.,1.));
#10881 = DIRECTION('',(1.,0.,-0.));
#10882 = ADVANCED_FACE('',(#10883),#10889,.T.);
#10883 = FACE_BOUND('',#10884,.T.);
#10884 = EDGE_LOOP('',(#10885,#10886,#10887,#10888));
#10885 = ORIENTED_EDGE('',*,*,#10039,.F.);
#10886 = ORIENTED_EDGE('',*,*,#10056,.T.);
#10887 = ORIENTED_EDGE('',*,*,#9991,.T.);
#10888 = ORIENTED_EDGE('',*,*,#10015,.F.);
#10889 = PLANE('',#10890);
#10890 = AXIS2_PLACEMENT_3D('',#10891,#10892,#10893);
#10891 = CARTESIAN_POINT('',(-0.32,-7.94,8.54));
#10892 = DIRECTION('',(0.,0.,1.));
#10893 = DIRECTION('',(1.,0.,-0.));
#10894 = ADVANCED_FACE('',(#10895),#10901,.T.);
#10895 = FACE_BOUND('',#10896,.T.);
#10896 = EDGE_LOOP('',(#10897,#10898,#10899,#10900));
#10897 = ORIENTED_EDGE('',*,*,#10152,.F.);
#10898 = ORIENTED_EDGE('',*,*,#10087,.T.);
#10899 = ORIENTED_EDGE('',*,*,#10111,.T.);
#10900 = ORIENTED_EDGE('',*,*,#10135,.F.);
#10901 = PLANE('',#10902);
#10902 = AXIS2_PLACEMENT_3D('',#10903,#10904,#10905);
#10903 = CARTESIAN_POINT('',(-0.32,-18.1,8.54));
#10904 = DIRECTION('',(0.,0.,1.));
#10905 = DIRECTION('',(1.,0.,-0.));
#10906 = ADVANCED_FACE('',(#10907),#10913,.T.);
#10907 = FACE_BOUND('',#10908,.T.);
#10908 = EDGE_LOOP('',(#10909,#10910,#10911,#10912));
#10909 = ORIENTED_EDGE('',*,*,#10231,.F.);
#10910 = ORIENTED_EDGE('',*,*,#10248,.T.);
#10911 = ORIENTED_EDGE('',*,*,#10183,.T.);
#10912 = ORIENTED_EDGE('',*,*,#10207,.F.);
#10913 = PLANE('',#10914);
#10914 = AXIS2_PLACEMENT_3D('',#10915,#10916,#10917);
#10915 = CARTESIAN_POINT('',(-0.32,-15.56,8.54));
#10916 = DIRECTION('',(0.,0.,1.));
#10917 = DIRECTION('',(1.,0.,-0.));
#10918 = ADVANCED_FACE('',(#10919),#10925,.T.);
#10919 = FACE_BOUND('',#10920,.T.);
#10920 = EDGE_LOOP('',(#10921,#10922,#10923,#10924));
#10921 = ORIENTED_EDGE('',*,*,#10327,.F.);
#10922 = ORIENTED_EDGE('',*,*,#10344,.T.);
#10923 = ORIENTED_EDGE('',*,*,#10279,.T.);
#10924 = ORIENTED_EDGE('',*,*,#10303,.F.);
#10925 = PLANE('',#10926);
#10926 = AXIS2_PLACEMENT_3D('',#10927,#10928,#10929);
#10927 = CARTESIAN_POINT('',(-0.32,-23.18,8.54));
#10928 = DIRECTION('',(0.,0.,1.));
#10929 = DIRECTION('',(1.,0.,-0.));
#10930 = ADVANCED_FACE('',(#10931),#10937,.T.);
#10931 = FACE_BOUND('',#10932,.T.);
#10932 = EDGE_LOOP('',(#10933,#10934,#10935,#10936));
#10933 = ORIENTED_EDGE('',*,*,#10440,.F.);
#10934 = ORIENTED_EDGE('',*,*,#10375,.T.);
#10935 = ORIENTED_EDGE('',*,*,#10399,.T.);
#10936 = ORIENTED_EDGE('',*,*,#10423,.F.);
#10937 = PLANE('',#10938);
#10938 = AXIS2_PLACEMENT_3D('',#10939,#10940,#10941);
#10939 = CARTESIAN_POINT('',(-0.32,-20.64,8.54));
#10940 = DIRECTION('',(0.,0.,1.));
#10941 = DIRECTION('',(1.,0.,-0.));
#10942 = ADVANCED_FACE('',(#10943),#10949,.T.);
#10943 = FACE_BOUND('',#10944,.T.);
#10944 = EDGE_LOOP('',(#10945,#10946,#10947,#10948));
#10945 = ORIENTED_EDGE('',*,*,#10536,.F.);
#10946 = ORIENTED_EDGE('',*,*,#10471,.T.);
#10947 = ORIENTED_EDGE('',*,*,#10495,.T.);
#10948 = ORIENTED_EDGE('',*,*,#10519,.F.);
#10949 = PLANE('',#10950);
#10950 = AXIS2_PLACEMENT_3D('',#10951,#10952,#10953);
#10951 = CARTESIAN_POINT('',(-0.32,-0.32,8.54));
#10952 = DIRECTION('',(0.,0.,1.));
#10953 = DIRECTION('',(1.,0.,-0.));
#10954 = ADVANCED_FACE('',(#10955),#10961,.T.);
#10955 = FACE_BOUND('',#10956,.T.);
#10956 = EDGE_LOOP('',(#10957,#10958,#10959,#10960));
#10957 = ORIENTED_EDGE('',*,*,#10615,.F.);
#10958 = ORIENTED_EDGE('',*,*,#10632,.T.);
#10959 = ORIENTED_EDGE('',*,*,#10567,.T.);
#10960 = ORIENTED_EDGE('',*,*,#10591,.F.);
#10961 = PLANE('',#10962);
#10962 = AXIS2_PLACEMENT_3D('',#10963,#10964,#10965);
#10963 = CARTESIAN_POINT('',(-0.32,-2.86,8.54));
#10964 = DIRECTION('',(0.,0.,1.));
#10965 = DIRECTION('',(1.,0.,-0.));
#10966 = ADVANCED_FACE('',(#10967),#10973,.T.);
#10967 = FACE_BOUND('',#10968,.T.);
#10968 = EDGE_LOOP('',(#10969,#10970,#10971,#10972));
#10969 = ORIENTED_EDGE('',*,*,#10711,.F.);
#10970 = ORIENTED_EDGE('',*,*,#10728,.T.);
#10971 = ORIENTED_EDGE('',*,*,#10663,.T.);
#10972 = ORIENTED_EDGE('',*,*,#10687,.F.);
#10973 = PLANE('',#10974);
#10974 = AXIS2_PLACEMENT_3D('',#10975,#10976,#10977);
#10975 = CARTESIAN_POINT('',(-0.32,-5.4,8.54));
#10976 = DIRECTION('',(0.,0.,1.));
#10977 = DIRECTION('',(1.,0.,-0.));
#10978 = ( GEOMETRIC_REPRESENTATION_CONTEXT(3) 
GLOBAL_UNCERTAINTY_ASSIGNED_CONTEXT((#10982)) 
GLOBAL_UNIT_ASSIGNED_CONTEXT((#10979,#10980,#10981)) 
REPRESENTATION_CONTEXT('Context #1',
  '3D Context with UNIT and UNCERTAINTY') );
#10979 = ( LENGTH_UNIT() NAMED_UNIT(*) SI_UNIT(.MILLI.,.METRE.) );
#10980 = ( NAMED_UNIT(*) PLANE_ANGLE_UNIT() SI_UNIT($,.RADIAN.) );
#10981 = ( NAMED_UNIT(*) SI_UNIT($,.STERADIAN.) SOLID_ANGLE_UNIT() );
#10982 = UNCERTAINTY_MEASURE_WITH_UNIT(LENGTH_MEASURE(1.E-07),#10979,
  'distance_accuracy_value','confusion accuracy');
#10983 = CONTEXT_DEPENDENT_SHAPE_REPRESENTATION(#10984,#10986);
#10984 = ( REPRESENTATION_RELATIONSHIP('','',#4153,#10) 
REPRESENTATION_RELATIONSHIP_WITH_TRANSFORMATION(#10985) 
SHAPE_REPRESENTATION_RELATIONSHIP() );
#10985 = ITEM_DEFINED_TRANSFORMATION('','',#11,#31);
#10986 = PRODUCT_DEFINITION_SHAPE('Placement','Placement of an item',
  #10987);
#10987 = NEXT_ASSEMBLY_USAGE_OCCURRENCE('5','J2','',#5,#4148,$);
#10988 = PRODUCT_RELATED_PRODUCT_CATEGORY('part',$,(#4150));
#10989 = CONTEXT_DEPENDENT_SHAPE_REPRESENTATION(#10990,#10992);
#10990 = ( REPRESENTATION_RELATIONSHIP('','',#4153,#10) 
REPRESENTATION_RELATIONSHIP_WITH_TRANSFORMATION(#10991) 
SHAPE_REPRESENTATION_RELATIONSHIP() );
#10991 = ITEM_DEFINED_TRANSFORMATION('','',#11,#35);
#10992 = PRODUCT_DEFINITION_SHAPE('Placement','Placement of an item',
  #10993);
#10993 = NEXT_ASSEMBLY_USAGE_OCCURRENCE('6','J3','',#5,#4148,$);
#10994 = SHAPE_DEFINITION_REPRESENTATION(#10995,#11001);
#10995 = PRODUCT_DEFINITION_SHAPE('','',#10996);
#10996 = PRODUCT_DEFINITION('design','',#10997,#11000);
#10997 = PRODUCT_DEFINITION_FORMATION('','',#10998);
#10998 = PRODUCT('TinkerSend - E220-900MM22S_PCB',
  'TinkerSend - E220-900MM22S_PCB','',(#10999));
#10999 = PRODUCT_CONTEXT('',#2,'mechanical');
#11000 = PRODUCT_DEFINITION_CONTEXT('part definition',#2,'design');
#11001 = ADVANCED_BREP_SHAPE_REPRESENTATION('',(#11,#11002),#12072);
#11002 = MANIFOLD_SOLID_BREP('',#11003);
#11003 = CLOSED_SHELL('',(#11004,#11046,#11077,#11108,#11380,#11652,
    #11669,#11686,#11703,#11720,#11732,#11749,#11766,#11783,#11800,
    #11817,#11834,#11851,#11868,#11885,#11902,#11919,#11936,#11953,
    #11970,#11987,#12004,#12021,#12038,#12055));
#11004 = ADVANCED_FACE('',(#11005),#11041,.T.);
#11005 = FACE_BOUND('',#11006,.T.);
#11006 = EDGE_LOOP('',(#11007,#11017,#11026,#11034));
#11007 = ORIENTED_EDGE('',*,*,#11008,.T.);
#11008 = EDGE_CURVE('',#11009,#11011,#11013,.T.);
#11009 = VERTEX_POINT('',#11010);
#11010 = CARTESIAN_POINT('',(23.05,28.20875,0.));
#11011 = VERTEX_POINT('',#11012);
#11012 = CARTESIAN_POINT('',(23.05,28.20875,1.615));
#11013 = LINE('',#11014,#11015);
#11014 = CARTESIAN_POINT('',(23.05,28.20875,0.));
#11015 = VECTOR('',#11016,1.);
#11016 = DIRECTION('',(0.,0.,1.));
#11017 = ORIENTED_EDGE('',*,*,#11018,.T.);
#11018 = EDGE_CURVE('',#11011,#11019,#11021,.T.);
#11019 = VERTEX_POINT('',#11020);
#11020 = CARTESIAN_POINT('',(25.05,26.20875,1.615));
#11021 = CIRCLE('',#11022,1.99999850585);
#11022 = AXIS2_PLACEMENT_3D('',#11023,#11024,#11025);
#11023 = CARTESIAN_POINT('',(23.05000149415,26.20875149415,1.615));
#11024 = DIRECTION('',(0.,0.,-1.));
#11025 = DIRECTION('',(-7.47075740283E-07,1.,0.));
#11026 = ORIENTED_EDGE('',*,*,#11027,.F.);
#11027 = EDGE_CURVE('',#11028,#11019,#11030,.T.);
#11028 = VERTEX_POINT('',#11029);
#11029 = CARTESIAN_POINT('',(25.05,26.20875,0.));
#11030 = LINE('',#11031,#11032);
#11031 = CARTESIAN_POINT('',(25.05,26.20875,0.));
#11032 = VECTOR('',#11033,1.);
#11033 = DIRECTION('',(0.,0.,1.));
#11034 = ORIENTED_EDGE('',*,*,#11035,.F.);
#11035 = EDGE_CURVE('',#11009,#11028,#11036,.T.);
#11036 = CIRCLE('',#11037,1.99999850585);
#11037 = AXIS2_PLACEMENT_3D('',#11038,#11039,#11040);
#11038 = CARTESIAN_POINT('',(23.05000149415,26.20875149415,0.));
#11039 = DIRECTION('',(0.,0.,-1.));
#11040 = DIRECTION('',(-7.47075740283E-07,1.,0.));
#11041 = CYLINDRICAL_SURFACE('',#11042,1.99999850585);
#11042 = AXIS2_PLACEMENT_3D('',#11043,#11044,#11045);
#11043 = CARTESIAN_POINT('',(23.05000149415,26.20875149415,0.));
#11044 = DIRECTION('',(0.,0.,-1.));
#11045 = DIRECTION('',(-7.47075740283E-07,1.,0.));
#11046 = ADVANCED_FACE('',(#11047),#11072,.T.);
#11047 = FACE_BOUND('',#11048,.T.);
#11048 = EDGE_LOOP('',(#11049,#11059,#11065,#11066));
#11049 = ORIENTED_EDGE('',*,*,#11050,.T.);
#11050 = EDGE_CURVE('',#11051,#11053,#11055,.T.);
#11051 = VERTEX_POINT('',#11052);
#11052 = CARTESIAN_POINT('',(2.05,28.20875,0.));
#11053 = VERTEX_POINT('',#11054);
#11054 = CARTESIAN_POINT('',(2.05,28.20875,1.615));
#11055 = LINE('',#11056,#11057);
#11056 = CARTESIAN_POINT('',(2.05,28.20875,0.));
#11057 = VECTOR('',#11058,1.);
#11058 = DIRECTION('',(0.,0.,1.));
#11059 = ORIENTED_EDGE('',*,*,#11060,.T.);
#11060 = EDGE_CURVE('',#11053,#11011,#11061,.T.);
#11061 = LINE('',#11062,#11063);
#11062 = CARTESIAN_POINT('',(2.05,28.20875,1.615));
#11063 = VECTOR('',#11064,1.);
#11064 = DIRECTION('',(1.,0.,0.));
#11065 = ORIENTED_EDGE('',*,*,#11008,.F.);
#11066 = ORIENTED_EDGE('',*,*,#11067,.F.);
#11067 = EDGE_CURVE('',#11051,#11009,#11068,.T.);
#11068 = LINE('',#11069,#11070);
#11069 = CARTESIAN_POINT('',(2.05,28.20875,0.));
#11070 = VECTOR('',#11071,1.);
#11071 = DIRECTION('',(1.,0.,0.));
#11072 = PLANE('',#11073);
#11073 = AXIS2_PLACEMENT_3D('',#11074,#11075,#11076);
#11074 = CARTESIAN_POINT('',(2.05,28.20875,0.));
#11075 = DIRECTION('',(0.,1.,0.));
#11076 = DIRECTION('',(1.,0.,0.));
#11077 = ADVANCED_FACE('',(#11078),#11103,.T.);
#11078 = FACE_BOUND('',#11079,.T.);
#11079 = EDGE_LOOP('',(#11080,#11081,#11089,#11097));
#11080 = ORIENTED_EDGE('',*,*,#11027,.T.);
#11081 = ORIENTED_EDGE('',*,*,#11082,.T.);
#11082 = EDGE_CURVE('',#11019,#11083,#11085,.T.);
#11083 = VERTEX_POINT('',#11084);
#11084 = CARTESIAN_POINT('',(25.05,2.05875,1.615));
#11085 = LINE('',#11086,#11087);
#11086 = CARTESIAN_POINT('',(25.05,26.20875,1.615));
#11087 = VECTOR('',#11088,1.);
#11088 = DIRECTION('',(0.,-1.,0.));
#11089 = ORIENTED_EDGE('',*,*,#11090,.F.);
#11090 = EDGE_CURVE('',#11091,#11083,#11093,.T.);
#11091 = VERTEX_POINT('',#11092);
#11092 = CARTESIAN_POINT('',(25.05,2.05875,0.));
#11093 = LINE('',#11094,#11095);
#11094 = CARTESIAN_POINT('',(25.05,2.05875,0.));
#11095 = VECTOR('',#11096,1.);
#11096 = DIRECTION('',(0.,0.,1.));
#11097 = ORIENTED_EDGE('',*,*,#11098,.F.);
#11098 = EDGE_CURVE('',#11028,#11091,#11099,.T.);
#11099 = LINE('',#11100,#11101);
#11100 = CARTESIAN_POINT('',(25.05,26.20875,0.));
#11101 = VECTOR('',#11102,1.);
#11102 = DIRECTION('',(0.,-1.,0.));
#11103 = PLANE('',#11104);
#11104 = AXIS2_PLACEMENT_3D('',#11105,#11106,#11107);
#11105 = CARTESIAN_POINT('',(25.05,26.20875,0.));
#11106 = DIRECTION('',(1.,0.,-0.));
#11107 = DIRECTION('',(0.,-1.,0.));
#11108 = ADVANCED_FACE('',(#11109,#11155,#11166,#11177,#11188,#11199,
    #11210,#11221,#11232,#11243,#11254,#11265,#11276,#11287,#11298,
    #11309,#11320,#11331,#11342,#11353,#11364),#11375,.F.);
#11109 = FACE_BOUND('',#11110,.F.);
#11110 = EDGE_LOOP('',(#11111,#11112,#11113,#11122,#11130,#11139,#11147,
    #11154));
#11111 = ORIENTED_EDGE('',*,*,#11035,.F.);
#11112 = ORIENTED_EDGE('',*,*,#11067,.F.);
#11113 = ORIENTED_EDGE('',*,*,#11114,.F.);
#11114 = EDGE_CURVE('',#11115,#11051,#11117,.T.);
#11115 = VERTEX_POINT('',#11116);
#11116 = CARTESIAN_POINT('',(5.E-02,26.20875,0.));
#11117 = CIRCLE('',#11118,1.99999850585);
#11118 = AXIS2_PLACEMENT_3D('',#11119,#11120,#11121);
#11119 = CARTESIAN_POINT('',(2.04999850585,26.20875149415,0.));
#11120 = DIRECTION('',(0.,0.,-1.));
#11121 = DIRECTION('',(-1.,-7.470757420593E-07,-0.));
#11122 = ORIENTED_EDGE('',*,*,#11123,.F.);
#11123 = EDGE_CURVE('',#11124,#11115,#11126,.T.);
#11124 = VERTEX_POINT('',#11125);
#11125 = CARTESIAN_POINT('',(5.E-02,2.05875,0.));
#11126 = LINE('',#11127,#11128);
#11127 = CARTESIAN_POINT('',(5.E-02,2.05875,0.));
#11128 = VECTOR('',#11129,1.);
#11129 = DIRECTION('',(0.,1.,0.));
#11130 = ORIENTED_EDGE('',*,*,#11131,.F.);
#11131 = EDGE_CURVE('',#11132,#11124,#11134,.T.);
#11132 = VERTEX_POINT('',#11133);
#11133 = CARTESIAN_POINT('',(2.05,5.875E-02,0.));
#11134 = CIRCLE('',#11135,1.99999850585);
#11135 = AXIS2_PLACEMENT_3D('',#11136,#11137,#11138);
#11136 = CARTESIAN_POINT('',(2.04999850585,2.05874850585,0.));
#11137 = DIRECTION('',(0.,0.,-1.));
#11138 = DIRECTION('',(7.470757413932E-07,-1.,0.));
#11139 = ORIENTED_EDGE('',*,*,#11140,.F.);
#11140 = EDGE_CURVE('',#11141,#11132,#11143,.T.);
#11141 = VERTEX_POINT('',#11142);
#11142 = CARTESIAN_POINT('',(23.05,5.875E-02,0.));
#11143 = LINE('',#11144,#11145);
#11144 = CARTESIAN_POINT('',(23.05,5.875E-02,0.));
#11145 = VECTOR('',#11146,1.);
#11146 = DIRECTION('',(-1.,0.,0.));
#11147 = ORIENTED_EDGE('',*,*,#11148,.F.);
#11148 = EDGE_CURVE('',#11091,#11141,#11149,.T.);
#11149 = CIRCLE('',#11150,1.99999850585);
#11150 = AXIS2_PLACEMENT_3D('',#11151,#11152,#11153);
#11151 = CARTESIAN_POINT('',(23.05000149415,2.05874850585,0.));
#11152 = DIRECTION('',(0.,0.,-1.));
#11153 = DIRECTION('',(1.,7.470757393948E-07,0.));
#11154 = ORIENTED_EDGE('',*,*,#11098,.F.);
#11155 = FACE_BOUND('',#11156,.F.);
#11156 = EDGE_LOOP('',(#11157));
#11157 = ORIENTED_EDGE('',*,*,#11158,.T.);
#11158 = EDGE_CURVE('',#11159,#11159,#11161,.T.);
#11159 = VERTEX_POINT('',#11160);
#11160 = CARTESIAN_POINT('',(2.74,2.01875,0.));
#11161 = CIRCLE('',#11162,0.5);
#11162 = AXIS2_PLACEMENT_3D('',#11163,#11164,#11165);
#11163 = CARTESIAN_POINT('',(2.74,2.51875,0.));
#11164 = DIRECTION('',(-0.,0.,-1.));
#11165 = DIRECTION('',(-0.,-1.,0.));
#11166 = FACE_BOUND('',#11167,.F.);
#11167 = EDGE_LOOP('',(#11168));
#11168 = ORIENTED_EDGE('',*,*,#11169,.T.);
#11169 = EDGE_CURVE('',#11170,#11170,#11172,.T.);
#11170 = VERTEX_POINT('',#11171);
#11171 = CARTESIAN_POINT('',(2.74,4.55875,0.));
#11172 = CIRCLE('',#11173,0.5);
#11173 = AXIS2_PLACEMENT_3D('',#11174,#11175,#11176);
#11174 = CARTESIAN_POINT('',(2.74,5.05875,0.));
#11175 = DIRECTION('',(-0.,0.,-1.));
#11176 = DIRECTION('',(-0.,-1.,0.));
#11177 = FACE_BOUND('',#11178,.F.);
#11178 = EDGE_LOOP('',(#11179));
#11179 = ORIENTED_EDGE('',*,*,#11180,.T.);
#11180 = EDGE_CURVE('',#11181,#11181,#11183,.T.);
#11181 = VERTEX_POINT('',#11182);
#11182 = CARTESIAN_POINT('',(2.74,7.09875,0.));
#11183 = CIRCLE('',#11184,0.5);
#11184 = AXIS2_PLACEMENT_3D('',#11185,#11186,#11187);
#11185 = CARTESIAN_POINT('',(2.74,7.59875,0.));
#11186 = DIRECTION('',(-0.,0.,-1.));
#11187 = DIRECTION('',(-0.,-1.,0.));
#11188 = FACE_BOUND('',#11189,.F.);
#11189 = EDGE_LOOP('',(#11190));
#11190 = ORIENTED_EDGE('',*,*,#11191,.T.);
#11191 = EDGE_CURVE('',#11192,#11192,#11194,.T.);
#11192 = VERTEX_POINT('',#11193);
#11193 = CARTESIAN_POINT('',(2.74,9.63875,0.));
#11194 = CIRCLE('',#11195,0.5);
#11195 = AXIS2_PLACEMENT_3D('',#11196,#11197,#11198);
#11196 = CARTESIAN_POINT('',(2.74,10.13875,0.));
#11197 = DIRECTION('',(-0.,0.,-1.));
#11198 = DIRECTION('',(-0.,-1.,0.));
#11199 = FACE_BOUND('',#11200,.F.);
#11200 = EDGE_LOOP('',(#11201));
#11201 = ORIENTED_EDGE('',*,*,#11202,.T.);
#11202 = EDGE_CURVE('',#11203,#11203,#11205,.T.);
#11203 = VERTEX_POINT('',#11204);
#11204 = CARTESIAN_POINT('',(2.74,12.17875,0.));
#11205 = CIRCLE('',#11206,0.5);
#11206 = AXIS2_PLACEMENT_3D('',#11207,#11208,#11209);
#11207 = CARTESIAN_POINT('',(2.74,12.67875,0.));
#11208 = DIRECTION('',(-0.,0.,-1.));
#11209 = DIRECTION('',(-0.,-1.,0.));
#11210 = FACE_BOUND('',#11211,.F.);
#11211 = EDGE_LOOP('',(#11212));
#11212 = ORIENTED_EDGE('',*,*,#11213,.T.);
#11213 = EDGE_CURVE('',#11214,#11214,#11216,.T.);
#11214 = VERTEX_POINT('',#11215);
#11215 = CARTESIAN_POINT('',(22.52,2.18875,0.));
#11216 = CIRCLE('',#11217,0.5);
#11217 = AXIS2_PLACEMENT_3D('',#11218,#11219,#11220);
#11218 = CARTESIAN_POINT('',(22.52,2.68875,0.));
#11219 = DIRECTION('',(-0.,0.,-1.));
#11220 = DIRECTION('',(-0.,-1.,0.));
#11221 = FACE_BOUND('',#11222,.F.);
#11222 = EDGE_LOOP('',(#11223));
#11223 = ORIENTED_EDGE('',*,*,#11224,.T.);
#11224 = EDGE_CURVE('',#11225,#11225,#11227,.T.);
#11225 = VERTEX_POINT('',#11226);
#11226 = CARTESIAN_POINT('',(22.52,4.72875,0.));
#11227 = CIRCLE('',#11228,0.5);
#11228 = AXIS2_PLACEMENT_3D('',#11229,#11230,#11231);
#11229 = CARTESIAN_POINT('',(22.52,5.22875,0.));
#11230 = DIRECTION('',(-0.,0.,-1.));
#11231 = DIRECTION('',(-0.,-1.,0.));
#11232 = FACE_BOUND('',#11233,.F.);
#11233 = EDGE_LOOP('',(#11234));
#11234 = ORIENTED_EDGE('',*,*,#11235,.T.);
#11235 = EDGE_CURVE('',#11236,#11236,#11238,.T.);
#11236 = VERTEX_POINT('',#11237);
#11237 = CARTESIAN_POINT('',(22.52,7.26875,0.));
#11238 = CIRCLE('',#11239,0.5);
#11239 = AXIS2_PLACEMENT_3D('',#11240,#11241,#11242);
#11240 = CARTESIAN_POINT('',(22.52,7.76875,0.));
#11241 = DIRECTION('',(-0.,0.,-1.));
#11242 = DIRECTION('',(-0.,-1.,0.));
#11243 = FACE_BOUND('',#11244,.F.);
#11244 = EDGE_LOOP('',(#11245));
#11245 = ORIENTED_EDGE('',*,*,#11246,.T.);
#11246 = EDGE_CURVE('',#11247,#11247,#11249,.T.);
#11247 = VERTEX_POINT('',#11248);
#11248 = CARTESIAN_POINT('',(22.52,9.80875,0.));
#11249 = CIRCLE('',#11250,0.5);
#11250 = AXIS2_PLACEMENT_3D('',#11251,#11252,#11253);
#11251 = CARTESIAN_POINT('',(22.52,10.30875,0.));
#11252 = DIRECTION('',(-0.,0.,-1.));
#11253 = DIRECTION('',(-0.,-1.,0.));
#11254 = FACE_BOUND('',#11255,.F.);
#11255 = EDGE_LOOP('',(#11256));
#11256 = ORIENTED_EDGE('',*,*,#11257,.T.);
#11257 = EDGE_CURVE('',#11258,#11258,#11260,.T.);
#11258 = VERTEX_POINT('',#11259);
#11259 = CARTESIAN_POINT('',(22.52,12.34875,0.));
#11260 = CIRCLE('',#11261,0.5);
#11261 = AXIS2_PLACEMENT_3D('',#11262,#11263,#11264);
#11262 = CARTESIAN_POINT('',(22.52,12.84875,0.));
#11263 = DIRECTION('',(-0.,0.,-1.));
#11264 = DIRECTION('',(-0.,-1.,0.));
#11265 = FACE_BOUND('',#11266,.F.);
#11266 = EDGE_LOOP('',(#11267));
#11267 = ORIENTED_EDGE('',*,*,#11268,.T.);
#11268 = EDGE_CURVE('',#11269,#11269,#11271,.T.);
#11269 = VERTEX_POINT('',#11270);
#11270 = CARTESIAN_POINT('',(2.74,14.71875,0.));
#11271 = CIRCLE('',#11272,0.5);
#11272 = AXIS2_PLACEMENT_3D('',#11273,#11274,#11275);
#11273 = CARTESIAN_POINT('',(2.74,15.21875,0.));
#11274 = DIRECTION('',(-0.,0.,-1.));
#11275 = DIRECTION('',(-0.,-1.,0.));
#11276 = FACE_BOUND('',#11277,.F.);
#11277 = EDGE_LOOP('',(#11278));
#11278 = ORIENTED_EDGE('',*,*,#11279,.T.);
#11279 = EDGE_CURVE('',#11280,#11280,#11282,.T.);
#11280 = VERTEX_POINT('',#11281);
#11281 = CARTESIAN_POINT('',(2.74,17.25875,0.));
#11282 = CIRCLE('',#11283,0.5);
#11283 = AXIS2_PLACEMENT_3D('',#11284,#11285,#11286);
#11284 = CARTESIAN_POINT('',(2.74,17.75875,0.));
#11285 = DIRECTION('',(-0.,0.,-1.));
#11286 = DIRECTION('',(-0.,-1.,0.));
#11287 = FACE_BOUND('',#11288,.F.);
#11288 = EDGE_LOOP('',(#11289));
#11289 = ORIENTED_EDGE('',*,*,#11290,.T.);
#11290 = EDGE_CURVE('',#11291,#11291,#11293,.T.);
#11291 = VERTEX_POINT('',#11292);
#11292 = CARTESIAN_POINT('',(2.74,19.79875,0.));
#11293 = CIRCLE('',#11294,0.5);
#11294 = AXIS2_PLACEMENT_3D('',#11295,#11296,#11297);
#11295 = CARTESIAN_POINT('',(2.74,20.29875,0.));
#11296 = DIRECTION('',(-0.,0.,-1.));
#11297 = DIRECTION('',(-0.,-1.,0.));
#11298 = FACE_BOUND('',#11299,.F.);
#11299 = EDGE_LOOP('',(#11300));
#11300 = ORIENTED_EDGE('',*,*,#11301,.T.);
#11301 = EDGE_CURVE('',#11302,#11302,#11304,.T.);
#11302 = VERTEX_POINT('',#11303);
#11303 = CARTESIAN_POINT('',(2.74,22.33875,0.));
#11304 = CIRCLE('',#11305,0.5);
#11305 = AXIS2_PLACEMENT_3D('',#11306,#11307,#11308);
#11306 = CARTESIAN_POINT('',(2.74,22.83875,0.));
#11307 = DIRECTION('',(-0.,0.,-1.));
#11308 = DIRECTION('',(-0.,-1.,0.));
#11309 = FACE_BOUND('',#11310,.F.);
#11310 = EDGE_LOOP('',(#11311));
#11311 = ORIENTED_EDGE('',*,*,#11312,.T.);
#11312 = EDGE_CURVE('',#11313,#11313,#11315,.T.);
#11313 = VERTEX_POINT('',#11314);
#11314 = CARTESIAN_POINT('',(2.74,24.87875,0.));
#11315 = CIRCLE('',#11316,0.5);
#11316 = AXIS2_PLACEMENT_3D('',#11317,#11318,#11319);
#11317 = CARTESIAN_POINT('',(2.74,25.37875,0.));
#11318 = DIRECTION('',(-0.,0.,-1.));
#11319 = DIRECTION('',(-0.,-1.,0.));
#11320 = FACE_BOUND('',#11321,.F.);
#11321 = EDGE_LOOP('',(#11322));
#11322 = ORIENTED_EDGE('',*,*,#11323,.T.);
#11323 = EDGE_CURVE('',#11324,#11324,#11326,.T.);
#11324 = VERTEX_POINT('',#11325);
#11325 = CARTESIAN_POINT('',(22.52,14.88875,0.));
#11326 = CIRCLE('',#11327,0.5);
#11327 = AXIS2_PLACEMENT_3D('',#11328,#11329,#11330);
#11328 = CARTESIAN_POINT('',(22.52,15.38875,0.));
#11329 = DIRECTION('',(-0.,0.,-1.));
#11330 = DIRECTION('',(-0.,-1.,0.));
#11331 = FACE_BOUND('',#11332,.F.);
#11332 = EDGE_LOOP('',(#11333));
#11333 = ORIENTED_EDGE('',*,*,#11334,.T.);
#11334 = EDGE_CURVE('',#11335,#11335,#11337,.T.);
#11335 = VERTEX_POINT('',#11336);
#11336 = CARTESIAN_POINT('',(22.52,17.42875,0.));
#11337 = CIRCLE('',#11338,0.5);
#11338 = AXIS2_PLACEMENT_3D('',#11339,#11340,#11341);
#11339 = CARTESIAN_POINT('',(22.52,17.92875,0.));
#11340 = DIRECTION('',(-0.,0.,-1.));
#11341 = DIRECTION('',(-0.,-1.,0.));
#11342 = FACE_BOUND('',#11343,.F.);
#11343 = EDGE_LOOP('',(#11344));
#11344 = ORIENTED_EDGE('',*,*,#11345,.T.);
#11345 = EDGE_CURVE('',#11346,#11346,#11348,.T.);
#11346 = VERTEX_POINT('',#11347);
#11347 = CARTESIAN_POINT('',(22.52,19.96875,0.));
#11348 = CIRCLE('',#11349,0.5);
#11349 = AXIS2_PLACEMENT_3D('',#11350,#11351,#11352);
#11350 = CARTESIAN_POINT('',(22.52,20.46875,0.));
#11351 = DIRECTION('',(-0.,0.,-1.));
#11352 = DIRECTION('',(-0.,-1.,0.));
#11353 = FACE_BOUND('',#11354,.F.);
#11354 = EDGE_LOOP('',(#11355));
#11355 = ORIENTED_EDGE('',*,*,#11356,.T.);
#11356 = EDGE_CURVE('',#11357,#11357,#11359,.T.);
#11357 = VERTEX_POINT('',#11358);
#11358 = CARTESIAN_POINT('',(22.52,22.50875,0.));
#11359 = CIRCLE('',#11360,0.5);
#11360 = AXIS2_PLACEMENT_3D('',#11361,#11362,#11363);
#11361 = CARTESIAN_POINT('',(22.52,23.00875,0.));
#11362 = DIRECTION('',(-0.,0.,-1.));
#11363 = DIRECTION('',(-0.,-1.,0.));
#11364 = FACE_BOUND('',#11365,.F.);
#11365 = EDGE_LOOP('',(#11366));
#11366 = ORIENTED_EDGE('',*,*,#11367,.T.);
#11367 = EDGE_CURVE('',#11368,#11368,#11370,.T.);
#11368 = VERTEX_POINT('',#11369);
#11369 = CARTESIAN_POINT('',(22.52,25.04875,0.));
#11370 = CIRCLE('',#11371,0.5);
#11371 = AXIS2_PLACEMENT_3D('',#11372,#11373,#11374);
#11372 = CARTESIAN_POINT('',(22.52,25.54875,0.));
#11373 = DIRECTION('',(-0.,0.,-1.));
#11374 = DIRECTION('',(-0.,-1.,0.));
#11375 = PLANE('',#11376);
#11376 = AXIS2_PLACEMENT_3D('',#11377,#11378,#11379);
#11377 = CARTESIAN_POINT('',(0.,0.,0.));
#11378 = DIRECTION('',(0.,0.,1.));
#11379 = DIRECTION('',(1.,0.,-0.));
#11380 = ADVANCED_FACE('',(#11381,#11427,#11438,#11449,#11460,#11471,
    #11482,#11493,#11504,#11515,#11526,#11537,#11548,#11559,#11570,
    #11581,#11592,#11603,#11614,#11625,#11636),#11647,.T.);
#11381 = FACE_BOUND('',#11382,.T.);
#11382 = EDGE_LOOP('',(#11383,#11384,#11385,#11394,#11402,#11411,#11419,
    #11426));
#11383 = ORIENTED_EDGE('',*,*,#11018,.F.);
#11384 = ORIENTED_EDGE('',*,*,#11060,.F.);
#11385 = ORIENTED_EDGE('',*,*,#11386,.F.);
#11386 = EDGE_CURVE('',#11387,#11053,#11389,.T.);
#11387 = VERTEX_POINT('',#11388);
#11388 = CARTESIAN_POINT('',(5.E-02,26.20875,1.615));
#11389 = CIRCLE('',#11390,1.99999850585);
#11390 = AXIS2_PLACEMENT_3D('',#11391,#11392,#11393);
#11391 = CARTESIAN_POINT('',(2.04999850585,26.20875149415,1.615));
#11392 = DIRECTION('',(0.,0.,-1.));
#11393 = DIRECTION('',(-1.,-7.470757420593E-07,-0.));
#11394 = ORIENTED_EDGE('',*,*,#11395,.F.);
#11395 = EDGE_CURVE('',#11396,#11387,#11398,.T.);
#11396 = VERTEX_POINT('',#11397);
#11397 = CARTESIAN_POINT('',(5.E-02,2.05875,1.615));
#11398 = LINE('',#11399,#11400);
#11399 = CARTESIAN_POINT('',(5.E-02,2.05875,1.615));
#11400 = VECTOR('',#11401,1.);
#11401 = DIRECTION('',(0.,1.,0.));
#11402 = ORIENTED_EDGE('',*,*,#11403,.F.);
#11403 = EDGE_CURVE('',#11404,#11396,#11406,.T.);
#11404 = VERTEX_POINT('',#11405);
#11405 = CARTESIAN_POINT('',(2.05,5.875E-02,1.615));
#11406 = CIRCLE('',#11407,1.99999850585);
#11407 = AXIS2_PLACEMENT_3D('',#11408,#11409,#11410);
#11408 = CARTESIAN_POINT('',(2.04999850585,2.05874850585,1.615));
#11409 = DIRECTION('',(0.,0.,-1.));
#11410 = DIRECTION('',(7.470757413932E-07,-1.,0.));
#11411 = ORIENTED_EDGE('',*,*,#11412,.F.);
#11412 = EDGE_CURVE('',#11413,#11404,#11415,.T.);
#11413 = VERTEX_POINT('',#11414);
#11414 = CARTESIAN_POINT('',(23.05,5.875E-02,1.615));
#11415 = LINE('',#11416,#11417);
#11416 = CARTESIAN_POINT('',(23.05,5.875E-02,1.615));
#11417 = VECTOR('',#11418,1.);
#11418 = DIRECTION('',(-1.,0.,0.));
#11419 = ORIENTED_EDGE('',*,*,#11420,.F.);
#11420 = EDGE_CURVE('',#11083,#11413,#11421,.T.);
#11421 = CIRCLE('',#11422,1.99999850585);
#11422 = AXIS2_PLACEMENT_3D('',#11423,#11424,#11425);
#11423 = CARTESIAN_POINT('',(23.05000149415,2.05874850585,1.615));
#11424 = DIRECTION('',(0.,0.,-1.));
#11425 = DIRECTION('',(1.,7.470757393948E-07,0.));
#11426 = ORIENTED_EDGE('',*,*,#11082,.F.);
#11427 = FACE_BOUND('',#11428,.T.);
#11428 = EDGE_LOOP('',(#11429));
#11429 = ORIENTED_EDGE('',*,*,#11430,.T.);
#11430 = EDGE_CURVE('',#11431,#11431,#11433,.T.);
#11431 = VERTEX_POINT('',#11432);
#11432 = CARTESIAN_POINT('',(2.74,2.01875,1.615));
#11433 = CIRCLE('',#11434,0.5);
#11434 = AXIS2_PLACEMENT_3D('',#11435,#11436,#11437);
#11435 = CARTESIAN_POINT('',(2.74,2.51875,1.615));
#11436 = DIRECTION('',(-0.,0.,-1.));
#11437 = DIRECTION('',(-0.,-1.,0.));
#11438 = FACE_BOUND('',#11439,.T.);
#11439 = EDGE_LOOP('',(#11440));
#11440 = ORIENTED_EDGE('',*,*,#11441,.T.);
#11441 = EDGE_CURVE('',#11442,#11442,#11444,.T.);
#11442 = VERTEX_POINT('',#11443);
#11443 = CARTESIAN_POINT('',(2.74,4.55875,1.615));
#11444 = CIRCLE('',#11445,0.5);
#11445 = AXIS2_PLACEMENT_3D('',#11446,#11447,#11448);
#11446 = CARTESIAN_POINT('',(2.74,5.05875,1.615));
#11447 = DIRECTION('',(-0.,0.,-1.));
#11448 = DIRECTION('',(-0.,-1.,0.));
#11449 = FACE_BOUND('',#11450,.T.);
#11450 = EDGE_LOOP('',(#11451));
#11451 = ORIENTED_EDGE('',*,*,#11452,.T.);
#11452 = EDGE_CURVE('',#11453,#11453,#11455,.T.);
#11453 = VERTEX_POINT('',#11454);
#11454 = CARTESIAN_POINT('',(2.74,7.09875,1.615));
#11455 = CIRCLE('',#11456,0.5);
#11456 = AXIS2_PLACEMENT_3D('',#11457,#11458,#11459);
#11457 = CARTESIAN_POINT('',(2.74,7.59875,1.615));
#11458 = DIRECTION('',(-0.,0.,-1.));
#11459 = DIRECTION('',(-0.,-1.,0.));
#11460 = FACE_BOUND('',#11461,.T.);
#11461 = EDGE_LOOP('',(#11462));
#11462 = ORIENTED_EDGE('',*,*,#11463,.T.);
#11463 = EDGE_CURVE('',#11464,#11464,#11466,.T.);
#11464 = VERTEX_POINT('',#11465);
#11465 = CARTESIAN_POINT('',(2.74,9.63875,1.615));
#11466 = CIRCLE('',#11467,0.5);
#11467 = AXIS2_PLACEMENT_3D('',#11468,#11469,#11470);
#11468 = CARTESIAN_POINT('',(2.74,10.13875,1.615));
#11469 = DIRECTION('',(-0.,0.,-1.));
#11470 = DIRECTION('',(-0.,-1.,0.));
#11471 = FACE_BOUND('',#11472,.T.);
#11472 = EDGE_LOOP('',(#11473));
#11473 = ORIENTED_EDGE('',*,*,#11474,.T.);
#11474 = EDGE_CURVE('',#11475,#11475,#11477,.T.);
#11475 = VERTEX_POINT('',#11476);
#11476 = CARTESIAN_POINT('',(2.74,12.17875,1.615));
#11477 = CIRCLE('',#11478,0.5);
#11478 = AXIS2_PLACEMENT_3D('',#11479,#11480,#11481);
#11479 = CARTESIAN_POINT('',(2.74,12.67875,1.615));
#11480 = DIRECTION('',(-0.,0.,-1.));
#11481 = DIRECTION('',(-0.,-1.,0.));
#11482 = FACE_BOUND('',#11483,.T.);
#11483 = EDGE_LOOP('',(#11484));
#11484 = ORIENTED_EDGE('',*,*,#11485,.T.);
#11485 = EDGE_CURVE('',#11486,#11486,#11488,.T.);
#11486 = VERTEX_POINT('',#11487);
#11487 = CARTESIAN_POINT('',(22.52,2.18875,1.615));
#11488 = CIRCLE('',#11489,0.5);
#11489 = AXIS2_PLACEMENT_3D('',#11490,#11491,#11492);
#11490 = CARTESIAN_POINT('',(22.52,2.68875,1.615));
#11491 = DIRECTION('',(-0.,0.,-1.));
#11492 = DIRECTION('',(-0.,-1.,0.));
#11493 = FACE_BOUND('',#11494,.T.);
#11494 = EDGE_LOOP('',(#11495));
#11495 = ORIENTED_EDGE('',*,*,#11496,.T.);
#11496 = EDGE_CURVE('',#11497,#11497,#11499,.T.);
#11497 = VERTEX_POINT('',#11498);
#11498 = CARTESIAN_POINT('',(22.52,4.72875,1.615));
#11499 = CIRCLE('',#11500,0.5);
#11500 = AXIS2_PLACEMENT_3D('',#11501,#11502,#11503);
#11501 = CARTESIAN_POINT('',(22.52,5.22875,1.615));
#11502 = DIRECTION('',(-0.,0.,-1.));
#11503 = DIRECTION('',(-0.,-1.,0.));
#11504 = FACE_BOUND('',#11505,.T.);
#11505 = EDGE_LOOP('',(#11506));
#11506 = ORIENTED_EDGE('',*,*,#11507,.T.);
#11507 = EDGE_CURVE('',#11508,#11508,#11510,.T.);
#11508 = VERTEX_POINT('',#11509);
#11509 = CARTESIAN_POINT('',(22.52,7.26875,1.615));
#11510 = CIRCLE('',#11511,0.5);
#11511 = AXIS2_PLACEMENT_3D('',#11512,#11513,#11514);
#11512 = CARTESIAN_POINT('',(22.52,7.76875,1.615));
#11513 = DIRECTION('',(-0.,0.,-1.));
#11514 = DIRECTION('',(-0.,-1.,0.));
#11515 = FACE_BOUND('',#11516,.T.);
#11516 = EDGE_LOOP('',(#11517));
#11517 = ORIENTED_EDGE('',*,*,#11518,.T.);
#11518 = EDGE_CURVE('',#11519,#11519,#11521,.T.);
#11519 = VERTEX_POINT('',#11520);
#11520 = CARTESIAN_POINT('',(22.52,9.80875,1.615));
#11521 = CIRCLE('',#11522,0.5);
#11522 = AXIS2_PLACEMENT_3D('',#11523,#11524,#11525);
#11523 = CARTESIAN_POINT('',(22.52,10.30875,1.615));
#11524 = DIRECTION('',(-0.,0.,-1.));
#11525 = DIRECTION('',(-0.,-1.,0.));
#11526 = FACE_BOUND('',#11527,.T.);
#11527 = EDGE_LOOP('',(#11528));
#11528 = ORIENTED_EDGE('',*,*,#11529,.T.);
#11529 = EDGE_CURVE('',#11530,#11530,#11532,.T.);
#11530 = VERTEX_POINT('',#11531);
#11531 = CARTESIAN_POINT('',(22.52,12.34875,1.615));
#11532 = CIRCLE('',#11533,0.5);
#11533 = AXIS2_PLACEMENT_3D('',#11534,#11535,#11536);
#11534 = CARTESIAN_POINT('',(22.52,12.84875,1.615));
#11535 = DIRECTION('',(-0.,0.,-1.));
#11536 = DIRECTION('',(-0.,-1.,0.));
#11537 = FACE_BOUND('',#11538,.T.);
#11538 = EDGE_LOOP('',(#11539));
#11539 = ORIENTED_EDGE('',*,*,#11540,.T.);
#11540 = EDGE_CURVE('',#11541,#11541,#11543,.T.);
#11541 = VERTEX_POINT('',#11542);
#11542 = CARTESIAN_POINT('',(2.74,14.71875,1.615));
#11543 = CIRCLE('',#11544,0.5);
#11544 = AXIS2_PLACEMENT_3D('',#11545,#11546,#11547);
#11545 = CARTESIAN_POINT('',(2.74,15.21875,1.615));
#11546 = DIRECTION('',(-0.,0.,-1.));
#11547 = DIRECTION('',(-0.,-1.,0.));
#11548 = FACE_BOUND('',#11549,.T.);
#11549 = EDGE_LOOP('',(#11550));
#11550 = ORIENTED_EDGE('',*,*,#11551,.T.);
#11551 = EDGE_CURVE('',#11552,#11552,#11554,.T.);
#11552 = VERTEX_POINT('',#11553);
#11553 = CARTESIAN_POINT('',(2.74,17.25875,1.615));
#11554 = CIRCLE('',#11555,0.5);
#11555 = AXIS2_PLACEMENT_3D('',#11556,#11557,#11558);
#11556 = CARTESIAN_POINT('',(2.74,17.75875,1.615));
#11557 = DIRECTION('',(-0.,0.,-1.));
#11558 = DIRECTION('',(-0.,-1.,0.));
#11559 = FACE_BOUND('',#11560,.T.);
#11560 = EDGE_LOOP('',(#11561));
#11561 = ORIENTED_EDGE('',*,*,#11562,.T.);
#11562 = EDGE_CURVE('',#11563,#11563,#11565,.T.);
#11563 = VERTEX_POINT('',#11564);
#11564 = CARTESIAN_POINT('',(2.74,19.79875,1.615));
#11565 = CIRCLE('',#11566,0.5);
#11566 = AXIS2_PLACEMENT_3D('',#11567,#11568,#11569);
#11567 = CARTESIAN_POINT('',(2.74,20.29875,1.615));
#11568 = DIRECTION('',(-0.,0.,-1.));
#11569 = DIRECTION('',(-0.,-1.,0.));
#11570 = FACE_BOUND('',#11571,.T.);
#11571 = EDGE_LOOP('',(#11572));
#11572 = ORIENTED_EDGE('',*,*,#11573,.T.);
#11573 = EDGE_CURVE('',#11574,#11574,#11576,.T.);
#11574 = VERTEX_POINT('',#11575);
#11575 = CARTESIAN_POINT('',(2.74,22.33875,1.615));
#11576 = CIRCLE('',#11577,0.5);
#11577 = AXIS2_PLACEMENT_3D('',#11578,#11579,#11580);
#11578 = CARTESIAN_POINT('',(2.74,22.83875,1.615));
#11579 = DIRECTION('',(-0.,0.,-1.));
#11580 = DIRECTION('',(-0.,-1.,0.));
#11581 = FACE_BOUND('',#11582,.T.);
#11582 = EDGE_LOOP('',(#11583));
#11583 = ORIENTED_EDGE('',*,*,#11584,.T.);
#11584 = EDGE_CURVE('',#11585,#11585,#11587,.T.);
#11585 = VERTEX_POINT('',#11586);
#11586 = CARTESIAN_POINT('',(2.74,24.87875,1.615));
#11587 = CIRCLE('',#11588,0.5);
#11588 = AXIS2_PLACEMENT_3D('',#11589,#11590,#11591);
#11589 = CARTESIAN_POINT('',(2.74,25.37875,1.615));
#11590 = DIRECTION('',(-0.,0.,-1.));
#11591 = DIRECTION('',(-0.,-1.,0.));
#11592 = FACE_BOUND('',#11593,.T.);
#11593 = EDGE_LOOP('',(#11594));
#11594 = ORIENTED_EDGE('',*,*,#11595,.T.);
#11595 = EDGE_CURVE('',#11596,#11596,#11598,.T.);
#11596 = VERTEX_POINT('',#11597);
#11597 = CARTESIAN_POINT('',(22.52,14.88875,1.615));
#11598 = CIRCLE('',#11599,0.5);
#11599 = AXIS2_PLACEMENT_3D('',#11600,#11601,#11602);
#11600 = CARTESIAN_POINT('',(22.52,15.38875,1.615));
#11601 = DIRECTION('',(-0.,0.,-1.));
#11602 = DIRECTION('',(-0.,-1.,0.));
#11603 = FACE_BOUND('',#11604,.T.);
#11604 = EDGE_LOOP('',(#11605));
#11605 = ORIENTED_EDGE('',*,*,#11606,.T.);
#11606 = EDGE_CURVE('',#11607,#11607,#11609,.T.);
#11607 = VERTEX_POINT('',#11608);
#11608 = CARTESIAN_POINT('',(22.52,17.42875,1.615));
#11609 = CIRCLE('',#11610,0.5);
#11610 = AXIS2_PLACEMENT_3D('',#11611,#11612,#11613);
#11611 = CARTESIAN_POINT('',(22.52,17.92875,1.615));
#11612 = DIRECTION('',(-0.,0.,-1.));
#11613 = DIRECTION('',(-0.,-1.,0.));
#11614 = FACE_BOUND('',#11615,.T.);
#11615 = EDGE_LOOP('',(#11616));
#11616 = ORIENTED_EDGE('',*,*,#11617,.T.);
#11617 = EDGE_CURVE('',#11618,#11618,#11620,.T.);
#11618 = VERTEX_POINT('',#11619);
#11619 = CARTESIAN_POINT('',(22.52,19.96875,1.615));
#11620 = CIRCLE('',#11621,0.5);
#11621 = AXIS2_PLACEMENT_3D('',#11622,#11623,#11624);
#11622 = CARTESIAN_POINT('',(22.52,20.46875,1.615));
#11623 = DIRECTION('',(-0.,0.,-1.));
#11624 = DIRECTION('',(-0.,-1.,0.));
#11625 = FACE_BOUND('',#11626,.T.);
#11626 = EDGE_LOOP('',(#11627));
#11627 = ORIENTED_EDGE('',*,*,#11628,.T.);
#11628 = EDGE_CURVE('',#11629,#11629,#11631,.T.);
#11629 = VERTEX_POINT('',#11630);
#11630 = CARTESIAN_POINT('',(22.52,22.50875,1.615));
#11631 = CIRCLE('',#11632,0.5);
#11632 = AXIS2_PLACEMENT_3D('',#11633,#11634,#11635);
#11633 = CARTESIAN_POINT('',(22.52,23.00875,1.615));
#11634 = DIRECTION('',(-0.,0.,-1.));
#11635 = DIRECTION('',(-0.,-1.,0.));
#11636 = FACE_BOUND('',#11637,.T.);
#11637 = EDGE_LOOP('',(#11638));
#11638 = ORIENTED_EDGE('',*,*,#11639,.T.);
#11639 = EDGE_CURVE('',#11640,#11640,#11642,.T.);
#11640 = VERTEX_POINT('',#11641);
#11641 = CARTESIAN_POINT('',(22.52,25.04875,1.615));
#11642 = CIRCLE('',#11643,0.5);
#11643 = AXIS2_PLACEMENT_3D('',#11644,#11645,#11646);
#11644 = CARTESIAN_POINT('',(22.52,25.54875,1.615));
#11645 = DIRECTION('',(-0.,0.,-1.));
#11646 = DIRECTION('',(-0.,-1.,0.));
#11647 = PLANE('',#11648);
#11648 = AXIS2_PLACEMENT_3D('',#11649,#11650,#11651);
#11649 = CARTESIAN_POINT('',(0.,0.,1.615));
#11650 = DIRECTION('',(0.,0.,1.));
#11651 = DIRECTION('',(1.,0.,-0.));
#11652 = ADVANCED_FACE('',(#11653),#11664,.T.);
#11653 = FACE_BOUND('',#11654,.T.);
#11654 = EDGE_LOOP('',(#11655,#11661,#11662,#11663));
#11655 = ORIENTED_EDGE('',*,*,#11656,.T.);
#11656 = EDGE_CURVE('',#11115,#11387,#11657,.T.);
#11657 = LINE('',#11658,#11659);
#11658 = CARTESIAN_POINT('',(5.E-02,26.20875,0.));
#11659 = VECTOR('',#11660,1.);
#11660 = DIRECTION('',(0.,0.,1.));
#11661 = ORIENTED_EDGE('',*,*,#11386,.T.);
#11662 = ORIENTED_EDGE('',*,*,#11050,.F.);
#11663 = ORIENTED_EDGE('',*,*,#11114,.F.);
#11664 = CYLINDRICAL_SURFACE('',#11665,1.99999850585);
#11665 = AXIS2_PLACEMENT_3D('',#11666,#11667,#11668);
#11666 = CARTESIAN_POINT('',(2.04999850585,26.20875149415,0.));
#11667 = DIRECTION('',(0.,0.,-1.));
#11668 = DIRECTION('',(-1.,-7.470757420593E-07,-0.));
#11669 = ADVANCED_FACE('',(#11670),#11681,.T.);
#11670 = FACE_BOUND('',#11671,.T.);
#11671 = EDGE_LOOP('',(#11672,#11673,#11674,#11680));
#11672 = ORIENTED_EDGE('',*,*,#11090,.T.);
#11673 = ORIENTED_EDGE('',*,*,#11420,.T.);
#11674 = ORIENTED_EDGE('',*,*,#11675,.F.);
#11675 = EDGE_CURVE('',#11141,#11413,#11676,.T.);
#11676 = LINE('',#11677,#11678);
#11677 = CARTESIAN_POINT('',(23.05,5.875E-02,0.));
#11678 = VECTOR('',#11679,1.);
#11679 = DIRECTION('',(0.,0.,1.));
#11680 = ORIENTED_EDGE('',*,*,#11148,.F.);
#11681 = CYLINDRICAL_SURFACE('',#11682,1.99999850585);
#11682 = AXIS2_PLACEMENT_3D('',#11683,#11684,#11685);
#11683 = CARTESIAN_POINT('',(23.05000149415,2.05874850585,0.));
#11684 = DIRECTION('',(0.,0.,-1.));
#11685 = DIRECTION('',(1.,7.470757393948E-07,0.));
#11686 = ADVANCED_FACE('',(#11687),#11698,.T.);
#11687 = FACE_BOUND('',#11688,.T.);
#11688 = EDGE_LOOP('',(#11689,#11695,#11696,#11697));
#11689 = ORIENTED_EDGE('',*,*,#11690,.T.);
#11690 = EDGE_CURVE('',#11124,#11396,#11691,.T.);
#11691 = LINE('',#11692,#11693);
#11692 = CARTESIAN_POINT('',(5.E-02,2.05875,0.));
#11693 = VECTOR('',#11694,1.);
#11694 = DIRECTION('',(0.,0.,1.));
#11695 = ORIENTED_EDGE('',*,*,#11395,.T.);
#11696 = ORIENTED_EDGE('',*,*,#11656,.F.);
#11697 = ORIENTED_EDGE('',*,*,#11123,.F.);
#11698 = PLANE('',#11699);
#11699 = AXIS2_PLACEMENT_3D('',#11700,#11701,#11702);
#11700 = CARTESIAN_POINT('',(5.E-02,2.05875,0.));
#11701 = DIRECTION('',(-1.,0.,0.));
#11702 = DIRECTION('',(0.,1.,0.));
#11703 = ADVANCED_FACE('',(#11704),#11715,.T.);
#11704 = FACE_BOUND('',#11705,.T.);
#11705 = EDGE_LOOP('',(#11706,#11707,#11708,#11714));
#11706 = ORIENTED_EDGE('',*,*,#11675,.T.);
#11707 = ORIENTED_EDGE('',*,*,#11412,.T.);
#11708 = ORIENTED_EDGE('',*,*,#11709,.F.);
#11709 = EDGE_CURVE('',#11132,#11404,#11710,.T.);
#11710 = LINE('',#11711,#11712);
#11711 = CARTESIAN_POINT('',(2.05,5.875E-02,0.));
#11712 = VECTOR('',#11713,1.);
#11713 = DIRECTION('',(0.,0.,1.));
#11714 = ORIENTED_EDGE('',*,*,#11140,.F.);
#11715 = PLANE('',#11716);
#11716 = AXIS2_PLACEMENT_3D('',#11717,#11718,#11719);
#11717 = CARTESIAN_POINT('',(23.05,5.875E-02,0.));
#11718 = DIRECTION('',(0.,-1.,0.));
#11719 = DIRECTION('',(-1.,0.,0.));
#11720 = ADVANCED_FACE('',(#11721),#11727,.T.);
#11721 = FACE_BOUND('',#11722,.T.);
#11722 = EDGE_LOOP('',(#11723,#11724,#11725,#11726));
#11723 = ORIENTED_EDGE('',*,*,#11709,.T.);
#11724 = ORIENTED_EDGE('',*,*,#11403,.T.);
#11725 = ORIENTED_EDGE('',*,*,#11690,.F.);
#11726 = ORIENTED_EDGE('',*,*,#11131,.F.);
#11727 = CYLINDRICAL_SURFACE('',#11728,1.99999850585);
#11728 = AXIS2_PLACEMENT_3D('',#11729,#11730,#11731);
#11729 = CARTESIAN_POINT('',(2.04999850585,2.05874850585,0.));
#11730 = DIRECTION('',(0.,0.,-1.));
#11731 = DIRECTION('',(7.470757413932E-07,-1.,0.));
#11732 = ADVANCED_FACE('',(#11733),#11744,.F.);
#11733 = FACE_BOUND('',#11734,.T.);
#11734 = EDGE_LOOP('',(#11735,#11736,#11742,#11743));
#11735 = ORIENTED_EDGE('',*,*,#11158,.T.);
#11736 = ORIENTED_EDGE('',*,*,#11737,.T.);
#11737 = EDGE_CURVE('',#11159,#11431,#11738,.T.);
#11738 = LINE('',#11739,#11740);
#11739 = CARTESIAN_POINT('',(2.74,2.01875,-4.6E-02));
#11740 = VECTOR('',#11741,1.);
#11741 = DIRECTION('',(0.,0.,1.));
#11742 = ORIENTED_EDGE('',*,*,#11430,.F.);
#11743 = ORIENTED_EDGE('',*,*,#11737,.F.);
#11744 = CYLINDRICAL_SURFACE('',#11745,0.5);
#11745 = AXIS2_PLACEMENT_3D('',#11746,#11747,#11748);
#11746 = CARTESIAN_POINT('',(2.74,2.51875,-4.6E-02));
#11747 = DIRECTION('',(-0.,-0.,-1.));
#11748 = DIRECTION('',(-0.,-1.,0.));
#11749 = ADVANCED_FACE('',(#11750),#11761,.F.);
#11750 = FACE_BOUND('',#11751,.T.);
#11751 = EDGE_LOOP('',(#11752,#11753,#11759,#11760));
#11752 = ORIENTED_EDGE('',*,*,#11169,.T.);
#11753 = ORIENTED_EDGE('',*,*,#11754,.T.);
#11754 = EDGE_CURVE('',#11170,#11442,#11755,.T.);
#11755 = LINE('',#11756,#11757);
#11756 = CARTESIAN_POINT('',(2.74,4.55875,-4.6E-02));
#11757 = VECTOR('',#11758,1.);
#11758 = DIRECTION('',(0.,0.,1.));
#11759 = ORIENTED_EDGE('',*,*,#11441,.F.);
#11760 = ORIENTED_EDGE('',*,*,#11754,.F.);
#11761 = CYLINDRICAL_SURFACE('',#11762,0.5);
#11762 = AXIS2_PLACEMENT_3D('',#11763,#11764,#11765);
#11763 = CARTESIAN_POINT('',(2.74,5.05875,-4.6E-02));
#11764 = DIRECTION('',(-0.,-0.,-1.));
#11765 = DIRECTION('',(-0.,-1.,0.));
#11766 = ADVANCED_FACE('',(#11767),#11778,.F.);
#11767 = FACE_BOUND('',#11768,.T.);
#11768 = EDGE_LOOP('',(#11769,#11770,#11776,#11777));
#11769 = ORIENTED_EDGE('',*,*,#11180,.T.);
#11770 = ORIENTED_EDGE('',*,*,#11771,.T.);
#11771 = EDGE_CURVE('',#11181,#11453,#11772,.T.);
#11772 = LINE('',#11773,#11774);
#11773 = CARTESIAN_POINT('',(2.74,7.09875,-4.6E-02));
#11774 = VECTOR('',#11775,1.);
#11775 = DIRECTION('',(0.,0.,1.));
#11776 = ORIENTED_EDGE('',*,*,#11452,.F.);
#11777 = ORIENTED_EDGE('',*,*,#11771,.F.);
#11778 = CYLINDRICAL_SURFACE('',#11779,0.5);
#11779 = AXIS2_PLACEMENT_3D('',#11780,#11781,#11782);
#11780 = CARTESIAN_POINT('',(2.74,7.59875,-4.6E-02));
#11781 = DIRECTION('',(-0.,-0.,-1.));
#11782 = DIRECTION('',(-0.,-1.,0.));
#11783 = ADVANCED_FACE('',(#11784),#11795,.F.);
#11784 = FACE_BOUND('',#11785,.T.);
#11785 = EDGE_LOOP('',(#11786,#11787,#11793,#11794));
#11786 = ORIENTED_EDGE('',*,*,#11191,.T.);
#11787 = ORIENTED_EDGE('',*,*,#11788,.T.);
#11788 = EDGE_CURVE('',#11192,#11464,#11789,.T.);
#11789 = LINE('',#11790,#11791);
#11790 = CARTESIAN_POINT('',(2.74,9.63875,-4.6E-02));
#11791 = VECTOR('',#11792,1.);
#11792 = DIRECTION('',(0.,0.,1.));
#11793 = ORIENTED_EDGE('',*,*,#11463,.F.);
#11794 = ORIENTED_EDGE('',*,*,#11788,.F.);
#11795 = CYLINDRICAL_SURFACE('',#11796,0.5);
#11796 = AXIS2_PLACEMENT_3D('',#11797,#11798,#11799);
#11797 = CARTESIAN_POINT('',(2.74,10.13875,-4.6E-02));
#11798 = DIRECTION('',(-0.,-0.,-1.));
#11799 = DIRECTION('',(-0.,-1.,0.));
#11800 = ADVANCED_FACE('',(#11801),#11812,.F.);
#11801 = FACE_BOUND('',#11802,.T.);
#11802 = EDGE_LOOP('',(#11803,#11804,#11810,#11811));
#11803 = ORIENTED_EDGE('',*,*,#11202,.T.);
#11804 = ORIENTED_EDGE('',*,*,#11805,.T.);
#11805 = EDGE_CURVE('',#11203,#11475,#11806,.T.);
#11806 = LINE('',#11807,#11808);
#11807 = CARTESIAN_POINT('',(2.74,12.17875,-4.6E-02));
#11808 = VECTOR('',#11809,1.);
#11809 = DIRECTION('',(0.,0.,1.));
#11810 = ORIENTED_EDGE('',*,*,#11474,.F.);
#11811 = ORIENTED_EDGE('',*,*,#11805,.F.);
#11812 = CYLINDRICAL_SURFACE('',#11813,0.5);
#11813 = AXIS2_PLACEMENT_3D('',#11814,#11815,#11816);
#11814 = CARTESIAN_POINT('',(2.74,12.67875,-4.6E-02));
#11815 = DIRECTION('',(-0.,-0.,-1.));
#11816 = DIRECTION('',(-0.,-1.,0.));
#11817 = ADVANCED_FACE('',(#11818),#11829,.F.);
#11818 = FACE_BOUND('',#11819,.T.);
#11819 = EDGE_LOOP('',(#11820,#11821,#11827,#11828));
#11820 = ORIENTED_EDGE('',*,*,#11213,.T.);
#11821 = ORIENTED_EDGE('',*,*,#11822,.T.);
#11822 = EDGE_CURVE('',#11214,#11486,#11823,.T.);
#11823 = LINE('',#11824,#11825);
#11824 = CARTESIAN_POINT('',(22.52,2.18875,-4.6E-02));
#11825 = VECTOR('',#11826,1.);
#11826 = DIRECTION('',(0.,0.,1.));
#11827 = ORIENTED_EDGE('',*,*,#11485,.F.);
#11828 = ORIENTED_EDGE('',*,*,#11822,.F.);
#11829 = CYLINDRICAL_SURFACE('',#11830,0.5);
#11830 = AXIS2_PLACEMENT_3D('',#11831,#11832,#11833);
#11831 = CARTESIAN_POINT('',(22.52,2.68875,-4.6E-02));
#11832 = DIRECTION('',(-0.,-0.,-1.));
#11833 = DIRECTION('',(-0.,-1.,0.));
#11834 = ADVANCED_FACE('',(#11835),#11846,.F.);
#11835 = FACE_BOUND('',#11836,.T.);
#11836 = EDGE_LOOP('',(#11837,#11838,#11844,#11845));
#11837 = ORIENTED_EDGE('',*,*,#11224,.T.);
#11838 = ORIENTED_EDGE('',*,*,#11839,.T.);
#11839 = EDGE_CURVE('',#11225,#11497,#11840,.T.);
#11840 = LINE('',#11841,#11842);
#11841 = CARTESIAN_POINT('',(22.52,4.72875,-4.6E-02));
#11842 = VECTOR('',#11843,1.);
#11843 = DIRECTION('',(0.,0.,1.));
#11844 = ORIENTED_EDGE('',*,*,#11496,.F.);
#11845 = ORIENTED_EDGE('',*,*,#11839,.F.);
#11846 = CYLINDRICAL_SURFACE('',#11847,0.5);
#11847 = AXIS2_PLACEMENT_3D('',#11848,#11849,#11850);
#11848 = CARTESIAN_POINT('',(22.52,5.22875,-4.6E-02));
#11849 = DIRECTION('',(-0.,-0.,-1.));
#11850 = DIRECTION('',(-0.,-1.,0.));
#11851 = ADVANCED_FACE('',(#11852),#11863,.F.);
#11852 = FACE_BOUND('',#11853,.T.);
#11853 = EDGE_LOOP('',(#11854,#11855,#11861,#11862));
#11854 = ORIENTED_EDGE('',*,*,#11235,.T.);
#11855 = ORIENTED_EDGE('',*,*,#11856,.T.);
#11856 = EDGE_CURVE('',#11236,#11508,#11857,.T.);
#11857 = LINE('',#11858,#11859);
#11858 = CARTESIAN_POINT('',(22.52,7.26875,-4.6E-02));
#11859 = VECTOR('',#11860,1.);
#11860 = DIRECTION('',(0.,0.,1.));
#11861 = ORIENTED_EDGE('',*,*,#11507,.F.);
#11862 = ORIENTED_EDGE('',*,*,#11856,.F.);
#11863 = CYLINDRICAL_SURFACE('',#11864,0.5);
#11864 = AXIS2_PLACEMENT_3D('',#11865,#11866,#11867);
#11865 = CARTESIAN_POINT('',(22.52,7.76875,-4.6E-02));
#11866 = DIRECTION('',(-0.,-0.,-1.));
#11867 = DIRECTION('',(-0.,-1.,0.));
#11868 = ADVANCED_FACE('',(#11869),#11880,.F.);
#11869 = FACE_BOUND('',#11870,.T.);
#11870 = EDGE_LOOP('',(#11871,#11872,#11878,#11879));
#11871 = ORIENTED_EDGE('',*,*,#11246,.T.);
#11872 = ORIENTED_EDGE('',*,*,#11873,.T.);
#11873 = EDGE_CURVE('',#11247,#11519,#11874,.T.);
#11874 = LINE('',#11875,#11876);
#11875 = CARTESIAN_POINT('',(22.52,9.80875,-4.6E-02));
#11876 = VECTOR('',#11877,1.);
#11877 = DIRECTION('',(0.,0.,1.));
#11878 = ORIENTED_EDGE('',*,*,#11518,.F.);
#11879 = ORIENTED_EDGE('',*,*,#11873,.F.);
#11880 = CYLINDRICAL_SURFACE('',#11881,0.5);
#11881 = AXIS2_PLACEMENT_3D('',#11882,#11883,#11884);
#11882 = CARTESIAN_POINT('',(22.52,10.30875,-4.6E-02));
#11883 = DIRECTION('',(-0.,-0.,-1.));
#11884 = DIRECTION('',(-0.,-1.,0.));
#11885 = ADVANCED_FACE('',(#11886),#11897,.F.);
#11886 = FACE_BOUND('',#11887,.T.);
#11887 = EDGE_LOOP('',(#11888,#11889,#11895,#11896));
#11888 = ORIENTED_EDGE('',*,*,#11257,.T.);
#11889 = ORIENTED_EDGE('',*,*,#11890,.T.);
#11890 = EDGE_CURVE('',#11258,#11530,#11891,.T.);
#11891 = LINE('',#11892,#11893);
#11892 = CARTESIAN_POINT('',(22.52,12.34875,-4.6E-02));
#11893 = VECTOR('',#11894,1.);
#11894 = DIRECTION('',(0.,0.,1.));
#11895 = ORIENTED_EDGE('',*,*,#11529,.F.);
#11896 = ORIENTED_EDGE('',*,*,#11890,.F.);
#11897 = CYLINDRICAL_SURFACE('',#11898,0.5);
#11898 = AXIS2_PLACEMENT_3D('',#11899,#11900,#11901);
#11899 = CARTESIAN_POINT('',(22.52,12.84875,-4.6E-02));
#11900 = DIRECTION('',(-0.,-0.,-1.));
#11901 = DIRECTION('',(-0.,-1.,0.));
#11902 = ADVANCED_FACE('',(#11903),#11914,.F.);
#11903 = FACE_BOUND('',#11904,.T.);
#11904 = EDGE_LOOP('',(#11905,#11906,#11912,#11913));
#11905 = ORIENTED_EDGE('',*,*,#11268,.T.);
#11906 = ORIENTED_EDGE('',*,*,#11907,.T.);
#11907 = EDGE_CURVE('',#11269,#11541,#11908,.T.);
#11908 = LINE('',#11909,#11910);
#11909 = CARTESIAN_POINT('',(2.74,14.71875,-4.6E-02));
#11910 = VECTOR('',#11911,1.);
#11911 = DIRECTION('',(0.,0.,1.));
#11912 = ORIENTED_EDGE('',*,*,#11540,.F.);
#11913 = ORIENTED_EDGE('',*,*,#11907,.F.);
#11914 = CYLINDRICAL_SURFACE('',#11915,0.5);
#11915 = AXIS2_PLACEMENT_3D('',#11916,#11917,#11918);
#11916 = CARTESIAN_POINT('',(2.74,15.21875,-4.6E-02));
#11917 = DIRECTION('',(-0.,-0.,-1.));
#11918 = DIRECTION('',(-0.,-1.,0.));
#11919 = ADVANCED_FACE('',(#11920),#11931,.F.);
#11920 = FACE_BOUND('',#11921,.T.);
#11921 = EDGE_LOOP('',(#11922,#11923,#11929,#11930));
#11922 = ORIENTED_EDGE('',*,*,#11279,.T.);
#11923 = ORIENTED_EDGE('',*,*,#11924,.T.);
#11924 = EDGE_CURVE('',#11280,#11552,#11925,.T.);
#11925 = LINE('',#11926,#11927);
#11926 = CARTESIAN_POINT('',(2.74,17.25875,-4.6E-02));
#11927 = VECTOR('',#11928,1.);
#11928 = DIRECTION('',(0.,0.,1.));
#11929 = ORIENTED_EDGE('',*,*,#11551,.F.);
#11930 = ORIENTED_EDGE('',*,*,#11924,.F.);
#11931 = CYLINDRICAL_SURFACE('',#11932,0.5);
#11932 = AXIS2_PLACEMENT_3D('',#11933,#11934,#11935);
#11933 = CARTESIAN_POINT('',(2.74,17.75875,-4.6E-02));
#11934 = DIRECTION('',(-0.,-0.,-1.));
#11935 = DIRECTION('',(-0.,-1.,0.));
#11936 = ADVANCED_FACE('',(#11937),#11948,.F.);
#11937 = FACE_BOUND('',#11938,.T.);
#11938 = EDGE_LOOP('',(#11939,#11940,#11946,#11947));
#11939 = ORIENTED_EDGE('',*,*,#11290,.T.);
#11940 = ORIENTED_EDGE('',*,*,#11941,.T.);
#11941 = EDGE_CURVE('',#11291,#11563,#11942,.T.);
#11942 = LINE('',#11943,#11944);
#11943 = CARTESIAN_POINT('',(2.74,19.79875,-4.6E-02));
#11944 = VECTOR('',#11945,1.);
#11945 = DIRECTION('',(0.,0.,1.));
#11946 = ORIENTED_EDGE('',*,*,#11562,.F.);
#11947 = ORIENTED_EDGE('',*,*,#11941,.F.);
#11948 = CYLINDRICAL_SURFACE('',#11949,0.5);
#11949 = AXIS2_PLACEMENT_3D('',#11950,#11951,#11952);
#11950 = CARTESIAN_POINT('',(2.74,20.29875,-4.6E-02));
#11951 = DIRECTION('',(-0.,-0.,-1.));
#11952 = DIRECTION('',(-0.,-1.,0.));
#11953 = ADVANCED_FACE('',(#11954),#11965,.F.);
#11954 = FACE_BOUND('',#11955,.T.);
#11955 = EDGE_LOOP('',(#11956,#11957,#11963,#11964));
#11956 = ORIENTED_EDGE('',*,*,#11301,.T.);
#11957 = ORIENTED_EDGE('',*,*,#11958,.T.);
#11958 = EDGE_CURVE('',#11302,#11574,#11959,.T.);
#11959 = LINE('',#11960,#11961);
#11960 = CARTESIAN_POINT('',(2.74,22.33875,-4.6E-02));
#11961 = VECTOR('',#11962,1.);
#11962 = DIRECTION('',(0.,0.,1.));
#11963 = ORIENTED_EDGE('',*,*,#11573,.F.);
#11964 = ORIENTED_EDGE('',*,*,#11958,.F.);
#11965 = CYLINDRICAL_SURFACE('',#11966,0.5);
#11966 = AXIS2_PLACEMENT_3D('',#11967,#11968,#11969);
#11967 = CARTESIAN_POINT('',(2.74,22.83875,-4.6E-02));
#11968 = DIRECTION('',(-0.,-0.,-1.));
#11969 = DIRECTION('',(-0.,-1.,0.));
#11970 = ADVANCED_FACE('',(#11971),#11982,.F.);
#11971 = FACE_BOUND('',#11972,.T.);
#11972 = EDGE_LOOP('',(#11973,#11974,#11980,#11981));
#11973 = ORIENTED_EDGE('',*,*,#11312,.T.);
#11974 = ORIENTED_EDGE('',*,*,#11975,.T.);
#11975 = EDGE_CURVE('',#11313,#11585,#11976,.T.);
#11976 = LINE('',#11977,#11978);
#11977 = CARTESIAN_POINT('',(2.74,24.87875,-4.6E-02));
#11978 = VECTOR('',#11979,1.);
#11979 = DIRECTION('',(0.,0.,1.));
#11980 = ORIENTED_EDGE('',*,*,#11584,.F.);
#11981 = ORIENTED_EDGE('',*,*,#11975,.F.);
#11982 = CYLINDRICAL_SURFACE('',#11983,0.5);
#11983 = AXIS2_PLACEMENT_3D('',#11984,#11985,#11986);
#11984 = CARTESIAN_POINT('',(2.74,25.37875,-4.6E-02));
#11985 = DIRECTION('',(-0.,-0.,-1.));
#11986 = DIRECTION('',(-0.,-1.,0.));
#11987 = ADVANCED_FACE('',(#11988),#11999,.F.);
#11988 = FACE_BOUND('',#11989,.T.);
#11989 = EDGE_LOOP('',(#11990,#11991,#11997,#11998));
#11990 = ORIENTED_EDGE('',*,*,#11323,.T.);
#11991 = ORIENTED_EDGE('',*,*,#11992,.T.);
#11992 = EDGE_CURVE('',#11324,#11596,#11993,.T.);
#11993 = LINE('',#11994,#11995);
#11994 = CARTESIAN_POINT('',(22.52,14.88875,-4.6E-02));
#11995 = VECTOR('',#11996,1.);
#11996 = DIRECTION('',(0.,0.,1.));
#11997 = ORIENTED_EDGE('',*,*,#11595,.F.);
#11998 = ORIENTED_EDGE('',*,*,#11992,.F.);
#11999 = CYLINDRICAL_SURFACE('',#12000,0.5);
#12000 = AXIS2_PLACEMENT_3D('',#12001,#12002,#12003);
#12001 = CARTESIAN_POINT('',(22.52,15.38875,-4.6E-02));
#12002 = DIRECTION('',(-0.,-0.,-1.));
#12003 = DIRECTION('',(-0.,-1.,0.));
#12004 = ADVANCED_FACE('',(#12005),#12016,.F.);
#12005 = FACE_BOUND('',#12006,.T.);
#12006 = EDGE_LOOP('',(#12007,#12008,#12014,#12015));
#12007 = ORIENTED_EDGE('',*,*,#11334,.T.);
#12008 = ORIENTED_EDGE('',*,*,#12009,.T.);
#12009 = EDGE_CURVE('',#11335,#11607,#12010,.T.);
#12010 = LINE('',#12011,#12012);
#12011 = CARTESIAN_POINT('',(22.52,17.42875,-4.6E-02));
#12012 = VECTOR('',#12013,1.);
#12013 = DIRECTION('',(0.,0.,1.));
#12014 = ORIENTED_EDGE('',*,*,#11606,.F.);
#12015 = ORIENTED_EDGE('',*,*,#12009,.F.);
#12016 = CYLINDRICAL_SURFACE('',#12017,0.5);
#12017 = AXIS2_PLACEMENT_3D('',#12018,#12019,#12020);
#12018 = CARTESIAN_POINT('',(22.52,17.92875,-4.6E-02));
#12019 = DIRECTION('',(-0.,-0.,-1.));
#12020 = DIRECTION('',(-0.,-1.,0.));
#12021 = ADVANCED_FACE('',(#12022),#12033,.F.);
#12022 = FACE_BOUND('',#12023,.T.);
#12023 = EDGE_LOOP('',(#12024,#12025,#12031,#12032));
#12024 = ORIENTED_EDGE('',*,*,#11345,.T.);
#12025 = ORIENTED_EDGE('',*,*,#12026,.T.);
#12026 = EDGE_CURVE('',#11346,#11618,#12027,.T.);
#12027 = LINE('',#12028,#12029);
#12028 = CARTESIAN_POINT('',(22.52,19.96875,-4.6E-02));
#12029 = VECTOR('',#12030,1.);
#12030 = DIRECTION('',(0.,0.,1.));
#12031 = ORIENTED_EDGE('',*,*,#11617,.F.);
#12032 = ORIENTED_EDGE('',*,*,#12026,.F.);
#12033 = CYLINDRICAL_SURFACE('',#12034,0.5);
#12034 = AXIS2_PLACEMENT_3D('',#12035,#12036,#12037);
#12035 = CARTESIAN_POINT('',(22.52,20.46875,-4.6E-02));
#12036 = DIRECTION('',(-0.,-0.,-1.));
#12037 = DIRECTION('',(-0.,-1.,0.));
#12038 = ADVANCED_FACE('',(#12039),#12050,.F.);
#12039 = FACE_BOUND('',#12040,.T.);
#12040 = EDGE_LOOP('',(#12041,#12042,#12048,#12049));
#12041 = ORIENTED_EDGE('',*,*,#11356,.T.);
#12042 = ORIENTED_EDGE('',*,*,#12043,.T.);
#12043 = EDGE_CURVE('',#11357,#11629,#12044,.T.);
#12044 = LINE('',#12045,#12046);
#12045 = CARTESIAN_POINT('',(22.52,22.50875,-4.6E-02));
#12046 = VECTOR('',#12047,1.);
#12047 = DIRECTION('',(0.,0.,1.));
#12048 = ORIENTED_EDGE('',*,*,#11628,.F.);
#12049 = ORIENTED_EDGE('',*,*,#12043,.F.);
#12050 = CYLINDRICAL_SURFACE('',#12051,0.5);
#12051 = AXIS2_PLACEMENT_3D('',#12052,#12053,#12054);
#12052 = CARTESIAN_POINT('',(22.52,23.00875,-4.6E-02));
#12053 = DIRECTION('',(-0.,-0.,-1.));
#12054 = DIRECTION('',(-0.,-1.,0.));
#12055 = ADVANCED_FACE('',(#12056),#12067,.F.);
#12056 = FACE_BOUND('',#12057,.T.);
#12057 = EDGE_LOOP('',(#12058,#12059,#12065,#12066));
#12058 = ORIENTED_EDGE('',*,*,#11367,.T.);
#12059 = ORIENTED_EDGE('',*,*,#12060,.T.);
#12060 = EDGE_CURVE('',#11368,#11640,#12061,.T.);
#12061 = LINE('',#12062,#12063);
#12062 = CARTESIAN_POINT('',(22.52,25.04875,-4.6E-02));
#12063 = VECTOR('',#12064,1.);
#12064 = DIRECTION('',(0.,0.,1.));
#12065 = ORIENTED_EDGE('',*,*,#11639,.F.);
#12066 = ORIENTED_EDGE('',*,*,#12060,.F.);
#12067 = CYLINDRICAL_SURFACE('',#12068,0.5);
#12068 = AXIS2_PLACEMENT_3D('',#12069,#12070,#12071);
#12069 = CARTESIAN_POINT('',(22.52,25.54875,-4.6E-02));
#12070 = DIRECTION('',(-0.,-0.,-1.));
#12071 = DIRECTION('',(-0.,-1.,0.));
#12072 = ( GEOMETRIC_REPRESENTATION_CONTEXT(3) 
GLOBAL_UNCERTAINTY_ASSIGNED_CONTEXT((#12076)) 
GLOBAL_UNIT_ASSIGNED_CONTEXT((#12073,#12074,#12075)) 
REPRESENTATION_CONTEXT('Context #1',
  '3D Context with UNIT and UNCERTAINTY') );
#12073 = ( LENGTH_UNIT() NAMED_UNIT(*) SI_UNIT(.MILLI.,.METRE.) );
#12074 = ( NAMED_UNIT(*) PLANE_ANGLE_UNIT() SI_UNIT($,.RADIAN.) );
#12075 = ( NAMED_UNIT(*) SI_UNIT($,.STERADIAN.) SOLID_ANGLE_UNIT() );
#12076 = UNCERTAINTY_MEASURE_WITH_UNIT(LENGTH_MEASURE(1.E-07),#12073,
  'distance_accuracy_value','confusion accuracy');
#12077 = CONTEXT_DEPENDENT_SHAPE_REPRESENTATION(#12078,#12080);
#12078 = ( REPRESENTATION_RELATIONSHIP('','',#11001,#10) 
REPRESENTATION_RELATIONSHIP_WITH_TRANSFORMATION(#12079) 
SHAPE_REPRESENTATION_RELATIONSHIP() );
#12079 = ITEM_DEFINED_TRANSFORMATION('','',#11,#39);
#12080 = PRODUCT_DEFINITION_SHAPE('Placement','Placement of an item',
  #12081);
#12081 = NEXT_ASSEMBLY_USAGE_OCCURRENCE('7','=>[0:1:1:7]','',#5,#10996,$
  );
#12082 = PRODUCT_RELATED_PRODUCT_CATEGORY('part',$,(#10998));
#12083 = MECHANICAL_DESIGN_GEOMETRIC_PRESENTATION_REPRESENTATION('',(
    #12084,#12092,#12099,#12106,#12113,#12120,#12127,#12134,#12141,
    #12148,#12155,#12163,#12170,#12177,#12184,#12191,#12198,#12205,
    #12212,#12219,#12226,#12233,#12240,#12247,#12254,#12261,#12268,
    #12275),#4135);
#12084 = STYLED_ITEM('color',(#12085),#3283);
#12085 = PRESENTATION_STYLE_ASSIGNMENT((#12086));
#12086 = SURFACE_STYLE_USAGE(.BOTH.,#12087);
#12087 = SURFACE_SIDE_STYLE('',(#12088));
#12088 = SURFACE_STYLE_FILL_AREA(#12089);
#12089 = FILL_AREA_STYLE('',(#12090));
#12090 = FILL_AREA_STYLE_COLOUR('',#12091);
#12091 = COLOUR_RGB('',0.823999987314,0.819999987296,0.781000009244);
#12092 = STYLED_ITEM('color',(#12093),#3359);
#12093 = PRESENTATION_STYLE_ASSIGNMENT((#12094));
#12094 = SURFACE_STYLE_USAGE(.BOTH.,#12095);
#12095 = SURFACE_SIDE_STYLE('',(#12096));
#12096 = SURFACE_STYLE_FILL_AREA(#12097);
#12097 = FILL_AREA_STYLE('',(#12098));
#12098 = FILL_AREA_STYLE_COLOUR('',#12091);
#12099 = STYLED_ITEM('color',(#12100),#3390);
#12100 = PRESENTATION_STYLE_ASSIGNMENT((#12101));
#12101 = SURFACE_STYLE_USAGE(.BOTH.,#12102);
#12102 = SURFACE_SIDE_STYLE('',(#12103));
#12103 = SURFACE_STYLE_FILL_AREA(#12104);
#12104 = FILL_AREA_STYLE('',(#12105));
#12105 = FILL_AREA_STYLE_COLOUR('',#12091);
#12106 = STYLED_ITEM('color',(#12107),#3415);
#12107 = PRESENTATION_STYLE_ASSIGNMENT((#12108));
#12108 = SURFACE_STYLE_USAGE(.BOTH.,#12109);
#12109 = SURFACE_SIDE_STYLE('',(#12110));
#12110 = SURFACE_STYLE_FILL_AREA(#12111);
#12111 = FILL_AREA_STYLE('',(#12112));
#12112 = FILL_AREA_STYLE_COLOUR('',#12091);
#12113 = STYLED_ITEM('color',(#12114),#3440);
#12114 = PRESENTATION_STYLE_ASSIGNMENT((#12115));
#12115 = SURFACE_STYLE_USAGE(.BOTH.,#12116);
#12116 = SURFACE_SIDE_STYLE('',(#12117));
#12117 = SURFACE_STYLE_FILL_AREA(#12118);
#12118 = FILL_AREA_STYLE('',(#12119));
#12119 = FILL_AREA_STYLE_COLOUR('',#12091);
#12120 = STYLED_ITEM('color',(#12121),#3464);
#12121 = PRESENTATION_STYLE_ASSIGNMENT((#12122));
#12122 = SURFACE_STYLE_USAGE(.BOTH.,#12123);
#12123 = SURFACE_SIDE_STYLE('',(#12124));
#12124 = SURFACE_STYLE_FILL_AREA(#12125);
#12125 = FILL_AREA_STYLE('',(#12126));
#12126 = FILL_AREA_STYLE_COLOUR('',#12091);
#12127 = STYLED_ITEM('color',(#12128),#3488);
#12128 = PRESENTATION_STYLE_ASSIGNMENT((#12129));
#12129 = SURFACE_STYLE_USAGE(.BOTH.,#12130);
#12130 = SURFACE_SIDE_STYLE('',(#12131));
#12131 = SURFACE_STYLE_FILL_AREA(#12132);
#12132 = FILL_AREA_STYLE('',(#12133));
#12133 = FILL_AREA_STYLE_COLOUR('',#12091);
#12134 = STYLED_ITEM('color',(#12135),#3513);
#12135 = PRESENTATION_STYLE_ASSIGNMENT((#12136));
#12136 = SURFACE_STYLE_USAGE(.BOTH.,#12137);
#12137 = SURFACE_SIDE_STYLE('',(#12138));
#12138 = SURFACE_STYLE_FILL_AREA(#12139);
#12139 = FILL_AREA_STYLE('',(#12140));
#12140 = FILL_AREA_STYLE_COLOUR('',#12091);
#12141 = STYLED_ITEM('color',(#12142),#3538);
#12142 = PRESENTATION_STYLE_ASSIGNMENT((#12143));
#12143 = SURFACE_STYLE_USAGE(.BOTH.,#12144);
#12144 = SURFACE_SIDE_STYLE('',(#12145));
#12145 = SURFACE_STYLE_FILL_AREA(#12146);
#12146 = FILL_AREA_STYLE('',(#12147));
#12147 = FILL_AREA_STYLE_COLOUR('',#12091);
#12148 = STYLED_ITEM('color',(#12149),#3555);
#12149 = PRESENTATION_STYLE_ASSIGNMENT((#12150));
#12150 = SURFACE_STYLE_USAGE(.BOTH.,#12151);
#12151 = SURFACE_SIDE_STYLE('',(#12152));
#12152 = SURFACE_STYLE_FILL_AREA(#12153);
#12153 = FILL_AREA_STYLE('',(#12154));
#12154 = FILL_AREA_STYLE_COLOUR('',#12091);
#12155 = STYLED_ITEM('color',(#12156),#3641);
#12156 = PRESENTATION_STYLE_ASSIGNMENT((#12157));
#12157 = SURFACE_STYLE_USAGE(.BOTH.,#12158);
#12158 = SURFACE_SIDE_STYLE('',(#12159));
#12159 = SURFACE_STYLE_FILL_AREA(#12160);
#12160 = FILL_AREA_STYLE('',(#12161));
#12161 = FILL_AREA_STYLE_COLOUR('',#12162);
#12162 = COLOUR_RGB('',0.379000005575,0.270000008848,0.214999999939);
#12163 = STYLED_ITEM('color',(#12164),#3673);
#12164 = PRESENTATION_STYLE_ASSIGNMENT((#12165));
#12165 = SURFACE_STYLE_USAGE(.BOTH.,#12166);
#12166 = SURFACE_SIDE_STYLE('',(#12167));
#12167 = SURFACE_STYLE_FILL_AREA(#12168);
#12168 = FILL_AREA_STYLE('',(#12169));
#12169 = FILL_AREA_STYLE_COLOUR('',#12162);
#12170 = STYLED_ITEM('color',(#12171),#3697);
#12171 = PRESENTATION_STYLE_ASSIGNMENT((#12172));
#12172 = SURFACE_STYLE_USAGE(.BOTH.,#12173);
#12173 = SURFACE_SIDE_STYLE('',(#12174));
#12174 = SURFACE_STYLE_FILL_AREA(#12175);
#12175 = FILL_AREA_STYLE('',(#12176));
#12176 = FILL_AREA_STYLE_COLOUR('',#12162);
#12177 = STYLED_ITEM('color',(#12178),#3722);
#12178 = PRESENTATION_STYLE_ASSIGNMENT((#12179));
#12179 = SURFACE_STYLE_USAGE(.BOTH.,#12180);
#12180 = SURFACE_SIDE_STYLE('',(#12181));
#12181 = SURFACE_STYLE_FILL_AREA(#12182);
#12182 = FILL_AREA_STYLE('',(#12183));
#12183 = FILL_AREA_STYLE_COLOUR('',#12162);
#12184 = STYLED_ITEM('color',(#12185),#3746);
#12185 = PRESENTATION_STYLE_ASSIGNMENT((#12186));
#12186 = SURFACE_STYLE_USAGE(.BOTH.,#12187);
#12187 = SURFACE_SIDE_STYLE('',(#12188));
#12188 = SURFACE_STYLE_FILL_AREA(#12189);
#12189 = FILL_AREA_STYLE('',(#12190));
#12190 = FILL_AREA_STYLE_COLOUR('',#12162);
#12191 = STYLED_ITEM('color',(#12192),#3771);
#12192 = PRESENTATION_STYLE_ASSIGNMENT((#12193));
#12193 = SURFACE_STYLE_USAGE(.BOTH.,#12194);
#12194 = SURFACE_SIDE_STYLE('',(#12195));
#12195 = SURFACE_STYLE_FILL_AREA(#12196);
#12196 = FILL_AREA_STYLE('',(#12197));
#12197 = FILL_AREA_STYLE_COLOUR('',#12162);
#12198 = STYLED_ITEM('color',(#12199),#3795);
#12199 = PRESENTATION_STYLE_ASSIGNMENT((#12200));
#12200 = SURFACE_STYLE_USAGE(.BOTH.,#12201);
#12201 = SURFACE_SIDE_STYLE('',(#12202));
#12202 = SURFACE_STYLE_FILL_AREA(#12203);
#12203 = FILL_AREA_STYLE('',(#12204));
#12204 = FILL_AREA_STYLE_COLOUR('',#12162);
#12205 = STYLED_ITEM('color',(#12206),#3820);
#12206 = PRESENTATION_STYLE_ASSIGNMENT((#12207));
#12207 = SURFACE_STYLE_USAGE(.BOTH.,#12208);
#12208 = SURFACE_SIDE_STYLE('',(#12209));
#12209 = SURFACE_STYLE_FILL_AREA(#12210);
#12210 = FILL_AREA_STYLE('',(#12211));
#12211 = FILL_AREA_STYLE_COLOUR('',#12162);
#12212 = STYLED_ITEM('color',(#12213),#3837);
#12213 = PRESENTATION_STYLE_ASSIGNMENT((#12214));
#12214 = SURFACE_STYLE_USAGE(.BOTH.,#12215);
#12215 = SURFACE_SIDE_STYLE('',(#12216));
#12216 = SURFACE_STYLE_FILL_AREA(#12217);
#12217 = FILL_AREA_STYLE('',(#12218));
#12218 = FILL_AREA_STYLE_COLOUR('',#12091);
#12219 = STYLED_ITEM('color',(#12220),#3923);
#12220 = PRESENTATION_STYLE_ASSIGNMENT((#12221));
#12221 = SURFACE_STYLE_USAGE(.BOTH.,#12222);
#12222 = SURFACE_SIDE_STYLE('',(#12223));
#12223 = SURFACE_STYLE_FILL_AREA(#12224);
#12224 = FILL_AREA_STYLE('',(#12225));
#12225 = FILL_AREA_STYLE_COLOUR('',#12091);
#12226 = STYLED_ITEM('color',(#12227),#3954);
#12227 = PRESENTATION_STYLE_ASSIGNMENT((#12228));
#12228 = SURFACE_STYLE_USAGE(.BOTH.,#12229);
#12229 = SURFACE_SIDE_STYLE('',(#12230));
#12230 = SURFACE_STYLE_FILL_AREA(#12231);
#12231 = FILL_AREA_STYLE('',(#12232));
#12232 = FILL_AREA_STYLE_COLOUR('',#12091);
#12233 = STYLED_ITEM('color',(#12234),#3979);
#12234 = PRESENTATION_STYLE_ASSIGNMENT((#12235));
#12235 = SURFACE_STYLE_USAGE(.BOTH.,#12236);
#12236 = SURFACE_SIDE_STYLE('',(#12237));
#12237 = SURFACE_STYLE_FILL_AREA(#12238);
#12238 = FILL_AREA_STYLE('',(#12239));
#12239 = FILL_AREA_STYLE_COLOUR('',#12091);
#12240 = STYLED_ITEM('color',(#12241),#4004);
#12241 = PRESENTATION_STYLE_ASSIGNMENT((#12242));
#12242 = SURFACE_STYLE_USAGE(.BOTH.,#12243);
#12243 = SURFACE_SIDE_STYLE('',(#12244));
#12244 = SURFACE_STYLE_FILL_AREA(#12245);
#12245 = FILL_AREA_STYLE('',(#12246));
#12246 = FILL_AREA_STYLE_COLOUR('',#12091);
#12247 = STYLED_ITEM('color',(#12248),#4028);
#12248 = PRESENTATION_STYLE_ASSIGNMENT((#12249));
#12249 = SURFACE_STYLE_USAGE(.BOTH.,#12250);
#12250 = SURFACE_SIDE_STYLE('',(#12251));
#12251 = SURFACE_STYLE_FILL_AREA(#12252);
#12252 = FILL_AREA_STYLE('',(#12253));
#12253 = FILL_AREA_STYLE_COLOUR('',#12091);
#12254 = STYLED_ITEM('color',(#12255),#4052);
#12255 = PRESENTATION_STYLE_ASSIGNMENT((#12256));
#12256 = SURFACE_STYLE_USAGE(.BOTH.,#12257);
#12257 = SURFACE_SIDE_STYLE('',(#12258));
#12258 = SURFACE_STYLE_FILL_AREA(#12259);
#12259 = FILL_AREA_STYLE('',(#12260));
#12260 = FILL_AREA_STYLE_COLOUR('',#12091);
#12261 = STYLED_ITEM('color',(#12262),#4077);
#12262 = PRESENTATION_STYLE_ASSIGNMENT((#12263));
#12263 = SURFACE_STYLE_USAGE(.BOTH.,#12264);
#12264 = SURFACE_SIDE_STYLE('',(#12265));
#12265 = SURFACE_STYLE_FILL_AREA(#12266);
#12266 = FILL_AREA_STYLE('',(#12267));
#12267 = FILL_AREA_STYLE_COLOUR('',#12091);
#12268 = STYLED_ITEM('color',(#12269),#4102);
#12269 = PRESENTATION_STYLE_ASSIGNMENT((#12270));
#12270 = SURFACE_STYLE_USAGE(.BOTH.,#12271);
#12271 = SURFACE_SIDE_STYLE('',(#12272));
#12272 = SURFACE_STYLE_FILL_AREA(#12273);
#12273 = FILL_AREA_STYLE('',(#12274));
#12274 = FILL_AREA_STYLE_COLOUR('',#12091);
#12275 = STYLED_ITEM('color',(#12276),#4119);
#12276 = PRESENTATION_STYLE_ASSIGNMENT((#12277));
#12277 = SURFACE_STYLE_USAGE(.BOTH.,#12278);
#12278 = SURFACE_SIDE_STYLE('',(#12279));
#12279 = SURFACE_STYLE_FILL_AREA(#12280);
#12280 = FILL_AREA_STYLE('',(#12281));
#12281 = FILL_AREA_STYLE_COLOUR('',#12091);
#12282 = MECHANICAL_DESIGN_GEOMETRIC_PRESENTATION_REPRESENTATION('',(
    #12283,#12290,#12297,#12304,#12311,#12318,#12325,#12332,#12339,
    #12346,#12353,#12360,#12367,#12374,#12381,#12388,#12395,#12402,
    #12409,#12416,#12423,#12430,#12437,#12444,#12451,#12458,#12465,
    #12472),#911);
#12283 = STYLED_ITEM('color',(#12284),#59);
#12284 = PRESENTATION_STYLE_ASSIGNMENT((#12285));
#12285 = SURFACE_STYLE_USAGE(.BOTH.,#12286);
#12286 = SURFACE_SIDE_STYLE('',(#12287));
#12287 = SURFACE_STYLE_FILL_AREA(#12288);
#12288 = FILL_AREA_STYLE('',(#12289));
#12289 = FILL_AREA_STYLE_COLOUR('',#12091);
#12290 = STYLED_ITEM('color',(#12291),#135);
#12291 = PRESENTATION_STYLE_ASSIGNMENT((#12292));
#12292 = SURFACE_STYLE_USAGE(.BOTH.,#12293);
#12293 = SURFACE_SIDE_STYLE('',(#12294));
#12294 = SURFACE_STYLE_FILL_AREA(#12295);
#12295 = FILL_AREA_STYLE('',(#12296));
#12296 = FILL_AREA_STYLE_COLOUR('',#12091);
#12297 = STYLED_ITEM('color',(#12298),#166);
#12298 = PRESENTATION_STYLE_ASSIGNMENT((#12299));
#12299 = SURFACE_STYLE_USAGE(.BOTH.,#12300);
#12300 = SURFACE_SIDE_STYLE('',(#12301));
#12301 = SURFACE_STYLE_FILL_AREA(#12302);
#12302 = FILL_AREA_STYLE('',(#12303));
#12303 = FILL_AREA_STYLE_COLOUR('',#12091);
#12304 = STYLED_ITEM('color',(#12305),#191);
#12305 = PRESENTATION_STYLE_ASSIGNMENT((#12306));
#12306 = SURFACE_STYLE_USAGE(.BOTH.,#12307);
#12307 = SURFACE_SIDE_STYLE('',(#12308));
#12308 = SURFACE_STYLE_FILL_AREA(#12309);
#12309 = FILL_AREA_STYLE('',(#12310));
#12310 = FILL_AREA_STYLE_COLOUR('',#12091);
#12311 = STYLED_ITEM('color',(#12312),#216);
#12312 = PRESENTATION_STYLE_ASSIGNMENT((#12313));
#12313 = SURFACE_STYLE_USAGE(.BOTH.,#12314);
#12314 = SURFACE_SIDE_STYLE('',(#12315));
#12315 = SURFACE_STYLE_FILL_AREA(#12316);
#12316 = FILL_AREA_STYLE('',(#12317));
#12317 = FILL_AREA_STYLE_COLOUR('',#12091);
#12318 = STYLED_ITEM('color',(#12319),#240);
#12319 = PRESENTATION_STYLE_ASSIGNMENT((#12320));
#12320 = SURFACE_STYLE_USAGE(.BOTH.,#12321);
#12321 = SURFACE_SIDE_STYLE('',(#12322));
#12322 = SURFACE_STYLE_FILL_AREA(#12323);
#12323 = FILL_AREA_STYLE('',(#12324));
#12324 = FILL_AREA_STYLE_COLOUR('',#12091);
#12325 = STYLED_ITEM('color',(#12326),#264);
#12326 = PRESENTATION_STYLE_ASSIGNMENT((#12327));
#12327 = SURFACE_STYLE_USAGE(.BOTH.,#12328);
#12328 = SURFACE_SIDE_STYLE('',(#12329));
#12329 = SURFACE_STYLE_FILL_AREA(#12330);
#12330 = FILL_AREA_STYLE('',(#12331));
#12331 = FILL_AREA_STYLE_COLOUR('',#12091);
#12332 = STYLED_ITEM('color',(#12333),#289);
#12333 = PRESENTATION_STYLE_ASSIGNMENT((#12334));
#12334 = SURFACE_STYLE_USAGE(.BOTH.,#12335);
#12335 = SURFACE_SIDE_STYLE('',(#12336));
#12336 = SURFACE_STYLE_FILL_AREA(#12337);
#12337 = FILL_AREA_STYLE('',(#12338));
#12338 = FILL_AREA_STYLE_COLOUR('',#12091);
#12339 = STYLED_ITEM('color',(#12340),#314);
#12340 = PRESENTATION_STYLE_ASSIGNMENT((#12341));
#12341 = SURFACE_STYLE_USAGE(.BOTH.,#12342);
#12342 = SURFACE_SIDE_STYLE('',(#12343));
#12343 = SURFACE_STYLE_FILL_AREA(#12344);
#12344 = FILL_AREA_STYLE('',(#12345));
#12345 = FILL_AREA_STYLE_COLOUR('',#12091);
#12346 = STYLED_ITEM('color',(#12347),#331);
#12347 = PRESENTATION_STYLE_ASSIGNMENT((#12348));
#12348 = SURFACE_STYLE_USAGE(.BOTH.,#12349);
#12349 = SURFACE_SIDE_STYLE('',(#12350));
#12350 = SURFACE_STYLE_FILL_AREA(#12351);
#12351 = FILL_AREA_STYLE('',(#12352));
#12352 = FILL_AREA_STYLE_COLOUR('',#12091);
#12353 = STYLED_ITEM('color',(#12354),#417);
#12354 = PRESENTATION_STYLE_ASSIGNMENT((#12355));
#12355 = SURFACE_STYLE_USAGE(.BOTH.,#12356);
#12356 = SURFACE_SIDE_STYLE('',(#12357));
#12357 = SURFACE_STYLE_FILL_AREA(#12358);
#12358 = FILL_AREA_STYLE('',(#12359));
#12359 = FILL_AREA_STYLE_COLOUR('',#12162);
#12360 = STYLED_ITEM('color',(#12361),#449);
#12361 = PRESENTATION_STYLE_ASSIGNMENT((#12362));
#12362 = SURFACE_STYLE_USAGE(.BOTH.,#12363);
#12363 = SURFACE_SIDE_STYLE('',(#12364));
#12364 = SURFACE_STYLE_FILL_AREA(#12365);
#12365 = FILL_AREA_STYLE('',(#12366));
#12366 = FILL_AREA_STYLE_COLOUR('',#12162);
#12367 = STYLED_ITEM('color',(#12368),#473);
#12368 = PRESENTATION_STYLE_ASSIGNMENT((#12369));
#12369 = SURFACE_STYLE_USAGE(.BOTH.,#12370);
#12370 = SURFACE_SIDE_STYLE('',(#12371));
#12371 = SURFACE_STYLE_FILL_AREA(#12372);
#12372 = FILL_AREA_STYLE('',(#12373));
#12373 = FILL_AREA_STYLE_COLOUR('',#12162);
#12374 = STYLED_ITEM('color',(#12375),#498);
#12375 = PRESENTATION_STYLE_ASSIGNMENT((#12376));
#12376 = SURFACE_STYLE_USAGE(.BOTH.,#12377);
#12377 = SURFACE_SIDE_STYLE('',(#12378));
#12378 = SURFACE_STYLE_FILL_AREA(#12379);
#12379 = FILL_AREA_STYLE('',(#12380));
#12380 = FILL_AREA_STYLE_COLOUR('',#12162);
#12381 = STYLED_ITEM('color',(#12382),#522);
#12382 = PRESENTATION_STYLE_ASSIGNMENT((#12383));
#12383 = SURFACE_STYLE_USAGE(.BOTH.,#12384);
#12384 = SURFACE_SIDE_STYLE('',(#12385));
#12385 = SURFACE_STYLE_FILL_AREA(#12386);
#12386 = FILL_AREA_STYLE('',(#12387));
#12387 = FILL_AREA_STYLE_COLOUR('',#12162);
#12388 = STYLED_ITEM('color',(#12389),#547);
#12389 = PRESENTATION_STYLE_ASSIGNMENT((#12390));
#12390 = SURFACE_STYLE_USAGE(.BOTH.,#12391);
#12391 = SURFACE_SIDE_STYLE('',(#12392));
#12392 = SURFACE_STYLE_FILL_AREA(#12393);
#12393 = FILL_AREA_STYLE('',(#12394));
#12394 = FILL_AREA_STYLE_COLOUR('',#12162);
#12395 = STYLED_ITEM('color',(#12396),#571);
#12396 = PRESENTATION_STYLE_ASSIGNMENT((#12397));
#12397 = SURFACE_STYLE_USAGE(.BOTH.,#12398);
#12398 = SURFACE_SIDE_STYLE('',(#12399));
#12399 = SURFACE_STYLE_FILL_AREA(#12400);
#12400 = FILL_AREA_STYLE('',(#12401));
#12401 = FILL_AREA_STYLE_COLOUR('',#12162);
#12402 = STYLED_ITEM('color',(#12403),#596);
#12403 = PRESENTATION_STYLE_ASSIGNMENT((#12404));
#12404 = SURFACE_STYLE_USAGE(.BOTH.,#12405);
#12405 = SURFACE_SIDE_STYLE('',(#12406));
#12406 = SURFACE_STYLE_FILL_AREA(#12407);
#12407 = FILL_AREA_STYLE('',(#12408));
#12408 = FILL_AREA_STYLE_COLOUR('',#12162);
#12409 = STYLED_ITEM('color',(#12410),#613);
#12410 = PRESENTATION_STYLE_ASSIGNMENT((#12411));
#12411 = SURFACE_STYLE_USAGE(.BOTH.,#12412);
#12412 = SURFACE_SIDE_STYLE('',(#12413));
#12413 = SURFACE_STYLE_FILL_AREA(#12414);
#12414 = FILL_AREA_STYLE('',(#12415));
#12415 = FILL_AREA_STYLE_COLOUR('',#12091);
#12416 = STYLED_ITEM('color',(#12417),#699);
#12417 = PRESENTATION_STYLE_ASSIGNMENT((#12418));
#12418 = SURFACE_STYLE_USAGE(.BOTH.,#12419);
#12419 = SURFACE_SIDE_STYLE('',(#12420));
#12420 = SURFACE_STYLE_FILL_AREA(#12421);
#12421 = FILL_AREA_STYLE('',(#12422));
#12422 = FILL_AREA_STYLE_COLOUR('',#12091);
#12423 = STYLED_ITEM('color',(#12424),#730);
#12424 = PRESENTATION_STYLE_ASSIGNMENT((#12425));
#12425 = SURFACE_STYLE_USAGE(.BOTH.,#12426);
#12426 = SURFACE_SIDE_STYLE('',(#12427));
#12427 = SURFACE_STYLE_FILL_AREA(#12428);
#12428 = FILL_AREA_STYLE('',(#12429));
#12429 = FILL_AREA_STYLE_COLOUR('',#12091);
#12430 = STYLED_ITEM('color',(#12431),#755);
#12431 = PRESENTATION_STYLE_ASSIGNMENT((#12432));
#12432 = SURFACE_STYLE_USAGE(.BOTH.,#12433);
#12433 = SURFACE_SIDE_STYLE('',(#12434));
#12434 = SURFACE_STYLE_FILL_AREA(#12435);
#12435 = FILL_AREA_STYLE('',(#12436));
#12436 = FILL_AREA_STYLE_COLOUR('',#12091);
#12437 = STYLED_ITEM('color',(#12438),#780);
#12438 = PRESENTATION_STYLE_ASSIGNMENT((#12439));
#12439 = SURFACE_STYLE_USAGE(.BOTH.,#12440);
#12440 = SURFACE_SIDE_STYLE('',(#12441));
#12441 = SURFACE_STYLE_FILL_AREA(#12442);
#12442 = FILL_AREA_STYLE('',(#12443));
#12443 = FILL_AREA_STYLE_COLOUR('',#12091);
#12444 = STYLED_ITEM('color',(#12445),#804);
#12445 = PRESENTATION_STYLE_ASSIGNMENT((#12446));
#12446 = SURFACE_STYLE_USAGE(.BOTH.,#12447);
#12447 = SURFACE_SIDE_STYLE('',(#12448));
#12448 = SURFACE_STYLE_FILL_AREA(#12449);
#12449 = FILL_AREA_STYLE('',(#12450));
#12450 = FILL_AREA_STYLE_COLOUR('',#12091);
#12451 = STYLED_ITEM('color',(#12452),#828);
#12452 = PRESENTATION_STYLE_ASSIGNMENT((#12453));
#12453 = SURFACE_STYLE_USAGE(.BOTH.,#12454);
#12454 = SURFACE_SIDE_STYLE('',(#12455));
#12455 = SURFACE_STYLE_FILL_AREA(#12456);
#12456 = FILL_AREA_STYLE('',(#12457));
#12457 = FILL_AREA_STYLE_COLOUR('',#12091);
#12458 = STYLED_ITEM('color',(#12459),#853);
#12459 = PRESENTATION_STYLE_ASSIGNMENT((#12460));
#12460 = SURFACE_STYLE_USAGE(.BOTH.,#12461);
#12461 = SURFACE_SIDE_STYLE('',(#12462));
#12462 = SURFACE_STYLE_FILL_AREA(#12463);
#12463 = FILL_AREA_STYLE('',(#12464));
#12464 = FILL_AREA_STYLE_COLOUR('',#12091);
#12465 = STYLED_ITEM('color',(#12466),#878);
#12466 = PRESENTATION_STYLE_ASSIGNMENT((#12467));
#12467 = SURFACE_STYLE_USAGE(.BOTH.,#12468);
#12468 = SURFACE_SIDE_STYLE('',(#12469));
#12469 = SURFACE_STYLE_FILL_AREA(#12470);
#12470 = FILL_AREA_STYLE('',(#12471));
#12471 = FILL_AREA_STYLE_COLOUR('',#12091);
#12472 = STYLED_ITEM('color',(#12473),#895);
#12473 = PRESENTATION_STYLE_ASSIGNMENT((#12474));
#12474 = SURFACE_STYLE_USAGE(.BOTH.,#12475);
#12475 = SURFACE_SIDE_STYLE('',(#12476));
#12476 = SURFACE_STYLE_FILL_AREA(#12477);
#12477 = FILL_AREA_STYLE('',(#12478));
#12478 = FILL_AREA_STYLE_COLOUR('',#12091);
#12479 = MECHANICAL_DESIGN_GEOMETRIC_PRESENTATION_REPRESENTATION('',(
    #12480,#12488,#12495,#12502,#12509,#12516,#12523,#12530,#12537,
    #12544,#12551,#12558,#12565,#12572,#12579,#12586,#12593,#12600,
    #12607,#12614,#12621,#12628,#12635,#12642,#12649,#12656,#12663,
    #12670,#12677,#12684,#12691,#12698,#12705,#12712,#12719,#12726,
    #12733,#12740,#12747,#12754,#12761,#12768,#12775,#12782,#12789,
    #12796,#12803,#12810,#12817,#12824,#12831,#12838,#12845,#12852,
    #12859,#12866,#12873,#12880,#12887,#12894,#12901,#12908,#12915,
    #12922,#12929,#12937,#12944,#12951,#12958,#12965,#12972,#12979,
    #12986,#12993,#13000,#13007,#13014,#13021,#13028,#13035,#13042,
    #13049,#13056,#13063,#13070,#13077,#13084,#13091,#13098,#13105,
    #13112,#13119,#13126,#13133,#13140,#13147,#13154,#13161,#13168,
    #13175,#13182,#13189,#13196,#13203,#13210,#13217,#13224,#13231,
    #13238,#13245,#13252,#13259,#13266,#13273,#13280,#13287,#13294,
    #13301,#13308,#13315,#13322,#13329,#13336,#13343,#13350,#13357,
    #13364,#13371,#13378,#13385,#13392,#13399,#13406,#13413,#13420,
    #13427,#13434,#13441,#13448,#13455,#13462,#13469,#13476,#13483,
    #13490,#13497,#13504,#13511,#13518,#13525,#13532,#13539,#13546,
    #13553,#13560,#13567,#13574,#13581,#13588,#13595,#13602,#13609,
    #13616,#13623,#13630,#13637,#13644,#13651,#13658,#13665,#13672,
    #13679,#13686,#13693,#13700,#13707,#13714,#13721,#13728,#13735,
    #13742,#13749,#13756,#13763,#13770,#13777,#13784,#13791,#13798,
    #13805,#13812,#13819,#13826,#13833,#13840,#13847,#13854,#13861,
    #13868,#13875,#13882,#13889,#13896,#13903,#13910,#13917,#13924,
    #13931,#13938,#13945,#13952,#13959,#13966,#13973,#13980,#13987,
    #13994,#14001,#14008,#14015,#14022,#14029,#14036,#14043,#14050,
    #14057,#14064,#14071,#14078,#14085,#14092,#14099,#14106,#14113,
    #14120,#14127,#14134,#14141,#14148,#14155,#14162,#14169,#14176,
    #14183),#10978);
#12480 = STYLED_ITEM('color',(#12481),#4156);
#12481 = PRESENTATION_STYLE_ASSIGNMENT((#12482));
#12482 = SURFACE_STYLE_USAGE(.BOTH.,#12483);
#12483 = SURFACE_SIDE_STYLE('',(#12484));
#12484 = SURFACE_STYLE_FILL_AREA(#12485);
#12485 = FILL_AREA_STYLE('',(#12486));
#12486 = FILL_AREA_STYLE_COLOUR('',#12487);
#12487 = COLOUR_RGB('',0.147999998088,0.144999993226,0.144999993226);
#12488 = STYLED_ITEM('color',(#12489),#4196);
#12489 = PRESENTATION_STYLE_ASSIGNMENT((#12490));
#12490 = SURFACE_STYLE_USAGE(.BOTH.,#12491);
#12491 = SURFACE_SIDE_STYLE('',(#12492));
#12492 = SURFACE_STYLE_FILL_AREA(#12493);
#12493 = FILL_AREA_STYLE('',(#12494));
#12494 = FILL_AREA_STYLE_COLOUR('',#12487);
#12495 = STYLED_ITEM('color',(#12496),#4227);
#12496 = PRESENTATION_STYLE_ASSIGNMENT((#12497));
#12497 = SURFACE_STYLE_USAGE(.BOTH.,#12498);
#12498 = SURFACE_SIDE_STYLE('',(#12499));
#12499 = SURFACE_STYLE_FILL_AREA(#12500);
#12500 = FILL_AREA_STYLE('',(#12501));
#12501 = FILL_AREA_STYLE_COLOUR('',#12487);
#12502 = STYLED_ITEM('color',(#12503),#4258);
#12503 = PRESENTATION_STYLE_ASSIGNMENT((#12504));
#12504 = SURFACE_STYLE_USAGE(.BOTH.,#12505);
#12505 = SURFACE_SIDE_STYLE('',(#12506));
#12506 = SURFACE_STYLE_FILL_AREA(#12507);
#12507 = FILL_AREA_STYLE('',(#12508));
#12508 = FILL_AREA_STYLE_COLOUR('',#12487);
#12509 = STYLED_ITEM('color',(#12510),#5079);
#12510 = PRESENTATION_STYLE_ASSIGNMENT((#12511));
#12511 = SURFACE_STYLE_USAGE(.BOTH.,#12512);
#12512 = SURFACE_SIDE_STYLE('',(#12513));
#12513 = SURFACE_STYLE_FILL_AREA(#12514);
#12514 = FILL_AREA_STYLE('',(#12515));
#12515 = FILL_AREA_STYLE_COLOUR('',#12487);
#12516 = STYLED_ITEM('color',(#12517),#5900);
#12517 = PRESENTATION_STYLE_ASSIGNMENT((#12518));
#12518 = SURFACE_STYLE_USAGE(.BOTH.,#12519);
#12519 = SURFACE_SIDE_STYLE('',(#12520));
#12520 = SURFACE_STYLE_FILL_AREA(#12521);
#12521 = FILL_AREA_STYLE('',(#12522));
#12522 = FILL_AREA_STYLE_COLOUR('',#12487);
#12523 = STYLED_ITEM('color',(#12524),#5917);
#12524 = PRESENTATION_STYLE_ASSIGNMENT((#12525));
#12525 = SURFACE_STYLE_USAGE(.BOTH.,#12526);
#12526 = SURFACE_SIDE_STYLE('',(#12527));
#12527 = SURFACE_STYLE_FILL_AREA(#12528);
#12528 = FILL_AREA_STYLE('',(#12529));
#12529 = FILL_AREA_STYLE_COLOUR('',#12487);
#12530 = STYLED_ITEM('color',(#12531),#5934);
#12531 = PRESENTATION_STYLE_ASSIGNMENT((#12532));
#12532 = SURFACE_STYLE_USAGE(.BOTH.,#12533);
#12533 = SURFACE_SIDE_STYLE('',(#12534));
#12534 = SURFACE_STYLE_FILL_AREA(#12535);
#12535 = FILL_AREA_STYLE('',(#12536));
#12536 = FILL_AREA_STYLE_COLOUR('',#12487);
#12537 = STYLED_ITEM('color',(#12538),#5951);
#12538 = PRESENTATION_STYLE_ASSIGNMENT((#12539));
#12539 = SURFACE_STYLE_USAGE(.BOTH.,#12540);
#12540 = SURFACE_SIDE_STYLE('',(#12541));
#12541 = SURFACE_STYLE_FILL_AREA(#12542);
#12542 = FILL_AREA_STYLE('',(#12543));
#12543 = FILL_AREA_STYLE_COLOUR('',#12487);
#12544 = STYLED_ITEM('color',(#12545),#5968);
#12545 = PRESENTATION_STYLE_ASSIGNMENT((#12546));
#12546 = SURFACE_STYLE_USAGE(.BOTH.,#12547);
#12547 = SURFACE_SIDE_STYLE('',(#12548));
#12548 = SURFACE_STYLE_FILL_AREA(#12549);
#12549 = FILL_AREA_STYLE('',(#12550));
#12550 = FILL_AREA_STYLE_COLOUR('',#12487);
#12551 = STYLED_ITEM('color',(#12552),#5985);
#12552 = PRESENTATION_STYLE_ASSIGNMENT((#12553));
#12553 = SURFACE_STYLE_USAGE(.BOTH.,#12554);
#12554 = SURFACE_SIDE_STYLE('',(#12555));
#12555 = SURFACE_STYLE_FILL_AREA(#12556);
#12556 = FILL_AREA_STYLE('',(#12557));
#12557 = FILL_AREA_STYLE_COLOUR('',#12487);
#12558 = STYLED_ITEM('color',(#12559),#6002);
#12559 = PRESENTATION_STYLE_ASSIGNMENT((#12560));
#12560 = SURFACE_STYLE_USAGE(.BOTH.,#12561);
#12561 = SURFACE_SIDE_STYLE('',(#12562));
#12562 = SURFACE_STYLE_FILL_AREA(#12563);
#12563 = FILL_AREA_STYLE('',(#12564));
#12564 = FILL_AREA_STYLE_COLOUR('',#12487);
#12565 = STYLED_ITEM('color',(#12566),#6019);
#12566 = PRESENTATION_STYLE_ASSIGNMENT((#12567));
#12567 = SURFACE_STYLE_USAGE(.BOTH.,#12568);
#12568 = SURFACE_SIDE_STYLE('',(#12569));
#12569 = SURFACE_STYLE_FILL_AREA(#12570);
#12570 = FILL_AREA_STYLE('',(#12571));
#12571 = FILL_AREA_STYLE_COLOUR('',#12487);
#12572 = STYLED_ITEM('color',(#12573),#6036);
#12573 = PRESENTATION_STYLE_ASSIGNMENT((#12574));
#12574 = SURFACE_STYLE_USAGE(.BOTH.,#12575);
#12575 = SURFACE_SIDE_STYLE('',(#12576));
#12576 = SURFACE_STYLE_FILL_AREA(#12577);
#12577 = FILL_AREA_STYLE('',(#12578));
#12578 = FILL_AREA_STYLE_COLOUR('',#12487);
#12579 = STYLED_ITEM('color',(#12580),#6053);
#12580 = PRESENTATION_STYLE_ASSIGNMENT((#12581));
#12581 = SURFACE_STYLE_USAGE(.BOTH.,#12582);
#12582 = SURFACE_SIDE_STYLE('',(#12583));
#12583 = SURFACE_STYLE_FILL_AREA(#12584);
#12584 = FILL_AREA_STYLE('',(#12585));
#12585 = FILL_AREA_STYLE_COLOUR('',#12487);
#12586 = STYLED_ITEM('color',(#12587),#6070);
#12587 = PRESENTATION_STYLE_ASSIGNMENT((#12588));
#12588 = SURFACE_STYLE_USAGE(.BOTH.,#12589);
#12589 = SURFACE_SIDE_STYLE('',(#12590));
#12590 = SURFACE_STYLE_FILL_AREA(#12591);
#12591 = FILL_AREA_STYLE('',(#12592));
#12592 = FILL_AREA_STYLE_COLOUR('',#12487);
#12593 = STYLED_ITEM('color',(#12594),#6087);
#12594 = PRESENTATION_STYLE_ASSIGNMENT((#12595));
#12595 = SURFACE_STYLE_USAGE(.BOTH.,#12596);
#12596 = SURFACE_SIDE_STYLE('',(#12597));
#12597 = SURFACE_STYLE_FILL_AREA(#12598);
#12598 = FILL_AREA_STYLE('',(#12599));
#12599 = FILL_AREA_STYLE_COLOUR('',#12487);
#12600 = STYLED_ITEM('color',(#12601),#6104);
#12601 = PRESENTATION_STYLE_ASSIGNMENT((#12602));
#12602 = SURFACE_STYLE_USAGE(.BOTH.,#12603);
#12603 = SURFACE_SIDE_STYLE('',(#12604));
#12604 = SURFACE_STYLE_FILL_AREA(#12605);
#12605 = FILL_AREA_STYLE('',(#12606));
#12606 = FILL_AREA_STYLE_COLOUR('',#12487);
#12607 = STYLED_ITEM('color',(#12608),#6121);
#12608 = PRESENTATION_STYLE_ASSIGNMENT((#12609));
#12609 = SURFACE_STYLE_USAGE(.BOTH.,#12610);
#12610 = SURFACE_SIDE_STYLE('',(#12611));
#12611 = SURFACE_STYLE_FILL_AREA(#12612);
#12612 = FILL_AREA_STYLE('',(#12613));
#12613 = FILL_AREA_STYLE_COLOUR('',#12487);
#12614 = STYLED_ITEM('color',(#12615),#6138);
#12615 = PRESENTATION_STYLE_ASSIGNMENT((#12616));
#12616 = SURFACE_STYLE_USAGE(.BOTH.,#12617);
#12617 = SURFACE_SIDE_STYLE('',(#12618));
#12618 = SURFACE_STYLE_FILL_AREA(#12619);
#12619 = FILL_AREA_STYLE('',(#12620));
#12620 = FILL_AREA_STYLE_COLOUR('',#12487);
#12621 = STYLED_ITEM('color',(#12622),#6155);
#12622 = PRESENTATION_STYLE_ASSIGNMENT((#12623));
#12623 = SURFACE_STYLE_USAGE(.BOTH.,#12624);
#12624 = SURFACE_SIDE_STYLE('',(#12625));
#12625 = SURFACE_STYLE_FILL_AREA(#12626);
#12626 = FILL_AREA_STYLE('',(#12627));
#12627 = FILL_AREA_STYLE_COLOUR('',#12487);
#12628 = STYLED_ITEM('color',(#12629),#6172);
#12629 = PRESENTATION_STYLE_ASSIGNMENT((#12630));
#12630 = SURFACE_STYLE_USAGE(.BOTH.,#12631);
#12631 = SURFACE_SIDE_STYLE('',(#12632));
#12632 = SURFACE_STYLE_FILL_AREA(#12633);
#12633 = FILL_AREA_STYLE('',(#12634));
#12634 = FILL_AREA_STYLE_COLOUR('',#12487);
#12635 = STYLED_ITEM('color',(#12636),#6189);
#12636 = PRESENTATION_STYLE_ASSIGNMENT((#12637));
#12637 = SURFACE_STYLE_USAGE(.BOTH.,#12638);
#12638 = SURFACE_SIDE_STYLE('',(#12639));
#12639 = SURFACE_STYLE_FILL_AREA(#12640);
#12640 = FILL_AREA_STYLE('',(#12641));
#12641 = FILL_AREA_STYLE_COLOUR('',#12487);
#12642 = STYLED_ITEM('color',(#12643),#6206);
#12643 = PRESENTATION_STYLE_ASSIGNMENT((#12644));
#12644 = SURFACE_STYLE_USAGE(.BOTH.,#12645);
#12645 = SURFACE_SIDE_STYLE('',(#12646));
#12646 = SURFACE_STYLE_FILL_AREA(#12647);
#12647 = FILL_AREA_STYLE('',(#12648));
#12648 = FILL_AREA_STYLE_COLOUR('',#12487);
#12649 = STYLED_ITEM('color',(#12650),#6223);
#12650 = PRESENTATION_STYLE_ASSIGNMENT((#12651));
#12651 = SURFACE_STYLE_USAGE(.BOTH.,#12652);
#12652 = SURFACE_SIDE_STYLE('',(#12653));
#12653 = SURFACE_STYLE_FILL_AREA(#12654);
#12654 = FILL_AREA_STYLE('',(#12655));
#12655 = FILL_AREA_STYLE_COLOUR('',#12487);
#12656 = STYLED_ITEM('color',(#12657),#6240);
#12657 = PRESENTATION_STYLE_ASSIGNMENT((#12658));
#12658 = SURFACE_STYLE_USAGE(.BOTH.,#12659);
#12659 = SURFACE_SIDE_STYLE('',(#12660));
#12660 = SURFACE_STYLE_FILL_AREA(#12661);
#12661 = FILL_AREA_STYLE('',(#12662));
#12662 = FILL_AREA_STYLE_COLOUR('',#12487);
#12663 = STYLED_ITEM('color',(#12664),#6257);
#12664 = PRESENTATION_STYLE_ASSIGNMENT((#12665));
#12665 = SURFACE_STYLE_USAGE(.BOTH.,#12666);
#12666 = SURFACE_SIDE_STYLE('',(#12667));
#12667 = SURFACE_STYLE_FILL_AREA(#12668);
#12668 = FILL_AREA_STYLE('',(#12669));
#12669 = FILL_AREA_STYLE_COLOUR('',#12487);
#12670 = STYLED_ITEM('color',(#12671),#6274);
#12671 = PRESENTATION_STYLE_ASSIGNMENT((#12672));
#12672 = SURFACE_STYLE_USAGE(.BOTH.,#12673);
#12673 = SURFACE_SIDE_STYLE('',(#12674));
#12674 = SURFACE_STYLE_FILL_AREA(#12675);
#12675 = FILL_AREA_STYLE('',(#12676));
#12676 = FILL_AREA_STYLE_COLOUR('',#12487);
#12677 = STYLED_ITEM('color',(#12678),#6291);
#12678 = PRESENTATION_STYLE_ASSIGNMENT((#12679));
#12679 = SURFACE_STYLE_USAGE(.BOTH.,#12680);
#12680 = SURFACE_SIDE_STYLE('',(#12681));
#12681 = SURFACE_STYLE_FILL_AREA(#12682);
#12682 = FILL_AREA_STYLE('',(#12683));
#12683 = FILL_AREA_STYLE_COLOUR('',#12487);
#12684 = STYLED_ITEM('color',(#12685),#6308);
#12685 = PRESENTATION_STYLE_ASSIGNMENT((#12686));
#12686 = SURFACE_STYLE_USAGE(.BOTH.,#12687);
#12687 = SURFACE_SIDE_STYLE('',(#12688));
#12688 = SURFACE_STYLE_FILL_AREA(#12689);
#12689 = FILL_AREA_STYLE('',(#12690));
#12690 = FILL_AREA_STYLE_COLOUR('',#12487);
#12691 = STYLED_ITEM('color',(#12692),#6325);
#12692 = PRESENTATION_STYLE_ASSIGNMENT((#12693));
#12693 = SURFACE_STYLE_USAGE(.BOTH.,#12694);
#12694 = SURFACE_SIDE_STYLE('',(#12695));
#12695 = SURFACE_STYLE_FILL_AREA(#12696);
#12696 = FILL_AREA_STYLE('',(#12697));
#12697 = FILL_AREA_STYLE_COLOUR('',#12487);
#12698 = STYLED_ITEM('color',(#12699),#6342);
#12699 = PRESENTATION_STYLE_ASSIGNMENT((#12700));
#12700 = SURFACE_STYLE_USAGE(.BOTH.,#12701);
#12701 = SURFACE_SIDE_STYLE('',(#12702));
#12702 = SURFACE_STYLE_FILL_AREA(#12703);
#12703 = FILL_AREA_STYLE('',(#12704));
#12704 = FILL_AREA_STYLE_COLOUR('',#12487);
#12705 = STYLED_ITEM('color',(#12706),#6359);
#12706 = PRESENTATION_STYLE_ASSIGNMENT((#12707));
#12707 = SURFACE_STYLE_USAGE(.BOTH.,#12708);
#12708 = SURFACE_SIDE_STYLE('',(#12709));
#12709 = SURFACE_STYLE_FILL_AREA(#12710);
#12710 = FILL_AREA_STYLE('',(#12711));
#12711 = FILL_AREA_STYLE_COLOUR('',#12487);
#12712 = STYLED_ITEM('color',(#12713),#6376);
#12713 = PRESENTATION_STYLE_ASSIGNMENT((#12714));
#12714 = SURFACE_STYLE_USAGE(.BOTH.,#12715);
#12715 = SURFACE_SIDE_STYLE('',(#12716));
#12716 = SURFACE_STYLE_FILL_AREA(#12717);
#12717 = FILL_AREA_STYLE('',(#12718));
#12718 = FILL_AREA_STYLE_COLOUR('',#12487);
#12719 = STYLED_ITEM('color',(#12720),#6393);
#12720 = PRESENTATION_STYLE_ASSIGNMENT((#12721));
#12721 = SURFACE_STYLE_USAGE(.BOTH.,#12722);
#12722 = SURFACE_SIDE_STYLE('',(#12723));
#12723 = SURFACE_STYLE_FILL_AREA(#12724);
#12724 = FILL_AREA_STYLE('',(#12725));
#12725 = FILL_AREA_STYLE_COLOUR('',#12487);
#12726 = STYLED_ITEM('color',(#12727),#6410);
#12727 = PRESENTATION_STYLE_ASSIGNMENT((#12728));
#12728 = SURFACE_STYLE_USAGE(.BOTH.,#12729);
#12729 = SURFACE_SIDE_STYLE('',(#12730));
#12730 = SURFACE_STYLE_FILL_AREA(#12731);
#12731 = FILL_AREA_STYLE('',(#12732));
#12732 = FILL_AREA_STYLE_COLOUR('',#12487);
#12733 = STYLED_ITEM('color',(#12734),#6427);
#12734 = PRESENTATION_STYLE_ASSIGNMENT((#12735));
#12735 = SURFACE_STYLE_USAGE(.BOTH.,#12736);
#12736 = SURFACE_SIDE_STYLE('',(#12737));
#12737 = SURFACE_STYLE_FILL_AREA(#12738);
#12738 = FILL_AREA_STYLE('',(#12739));
#12739 = FILL_AREA_STYLE_COLOUR('',#12487);
#12740 = STYLED_ITEM('color',(#12741),#6444);
#12741 = PRESENTATION_STYLE_ASSIGNMENT((#12742));
#12742 = SURFACE_STYLE_USAGE(.BOTH.,#12743);
#12743 = SURFACE_SIDE_STYLE('',(#12744));
#12744 = SURFACE_STYLE_FILL_AREA(#12745);
#12745 = FILL_AREA_STYLE('',(#12746));
#12746 = FILL_AREA_STYLE_COLOUR('',#12487);
#12747 = STYLED_ITEM('color',(#12748),#6461);
#12748 = PRESENTATION_STYLE_ASSIGNMENT((#12749));
#12749 = SURFACE_STYLE_USAGE(.BOTH.,#12750);
#12750 = SURFACE_SIDE_STYLE('',(#12751));
#12751 = SURFACE_STYLE_FILL_AREA(#12752);
#12752 = FILL_AREA_STYLE('',(#12753));
#12753 = FILL_AREA_STYLE_COLOUR('',#12487);
#12754 = STYLED_ITEM('color',(#12755),#6478);
#12755 = PRESENTATION_STYLE_ASSIGNMENT((#12756));
#12756 = SURFACE_STYLE_USAGE(.BOTH.,#12757);
#12757 = SURFACE_SIDE_STYLE('',(#12758));
#12758 = SURFACE_STYLE_FILL_AREA(#12759);
#12759 = FILL_AREA_STYLE('',(#12760));
#12760 = FILL_AREA_STYLE_COLOUR('',#12487);
#12761 = STYLED_ITEM('color',(#12762),#6495);
#12762 = PRESENTATION_STYLE_ASSIGNMENT((#12763));
#12763 = SURFACE_STYLE_USAGE(.BOTH.,#12764);
#12764 = SURFACE_SIDE_STYLE('',(#12765));
#12765 = SURFACE_STYLE_FILL_AREA(#12766);
#12766 = FILL_AREA_STYLE('',(#12767));
#12767 = FILL_AREA_STYLE_COLOUR('',#12487);
#12768 = STYLED_ITEM('color',(#12769),#6512);
#12769 = PRESENTATION_STYLE_ASSIGNMENT((#12770));
#12770 = SURFACE_STYLE_USAGE(.BOTH.,#12771);
#12771 = SURFACE_SIDE_STYLE('',(#12772));
#12772 = SURFACE_STYLE_FILL_AREA(#12773);
#12773 = FILL_AREA_STYLE('',(#12774));
#12774 = FILL_AREA_STYLE_COLOUR('',#12487);
#12775 = STYLED_ITEM('color',(#12776),#6529);
#12776 = PRESENTATION_STYLE_ASSIGNMENT((#12777));
#12777 = SURFACE_STYLE_USAGE(.BOTH.,#12778);
#12778 = SURFACE_SIDE_STYLE('',(#12779));
#12779 = SURFACE_STYLE_FILL_AREA(#12780);
#12780 = FILL_AREA_STYLE('',(#12781));
#12781 = FILL_AREA_STYLE_COLOUR('',#12487);
#12782 = STYLED_ITEM('color',(#12783),#6546);
#12783 = PRESENTATION_STYLE_ASSIGNMENT((#12784));
#12784 = SURFACE_STYLE_USAGE(.BOTH.,#12785);
#12785 = SURFACE_SIDE_STYLE('',(#12786));
#12786 = SURFACE_STYLE_FILL_AREA(#12787);
#12787 = FILL_AREA_STYLE('',(#12788));
#12788 = FILL_AREA_STYLE_COLOUR('',#12487);
#12789 = STYLED_ITEM('color',(#12790),#6563);
#12790 = PRESENTATION_STYLE_ASSIGNMENT((#12791));
#12791 = SURFACE_STYLE_USAGE(.BOTH.,#12792);
#12792 = SURFACE_SIDE_STYLE('',(#12793));
#12793 = SURFACE_STYLE_FILL_AREA(#12794);
#12794 = FILL_AREA_STYLE('',(#12795));
#12795 = FILL_AREA_STYLE_COLOUR('',#12487);
#12796 = STYLED_ITEM('color',(#12797),#6580);
#12797 = PRESENTATION_STYLE_ASSIGNMENT((#12798));
#12798 = SURFACE_STYLE_USAGE(.BOTH.,#12799);
#12799 = SURFACE_SIDE_STYLE('',(#12800));
#12800 = SURFACE_STYLE_FILL_AREA(#12801);
#12801 = FILL_AREA_STYLE('',(#12802));
#12802 = FILL_AREA_STYLE_COLOUR('',#12487);
#12803 = STYLED_ITEM('color',(#12804),#6597);
#12804 = PRESENTATION_STYLE_ASSIGNMENT((#12805));
#12805 = SURFACE_STYLE_USAGE(.BOTH.,#12806);
#12806 = SURFACE_SIDE_STYLE('',(#12807));
#12807 = SURFACE_STYLE_FILL_AREA(#12808);
#12808 = FILL_AREA_STYLE('',(#12809));
#12809 = FILL_AREA_STYLE_COLOUR('',#12487);
#12810 = STYLED_ITEM('color',(#12811),#6614);
#12811 = PRESENTATION_STYLE_ASSIGNMENT((#12812));
#12812 = SURFACE_STYLE_USAGE(.BOTH.,#12813);
#12813 = SURFACE_SIDE_STYLE('',(#12814));
#12814 = SURFACE_STYLE_FILL_AREA(#12815);
#12815 = FILL_AREA_STYLE('',(#12816));
#12816 = FILL_AREA_STYLE_COLOUR('',#12487);
#12817 = STYLED_ITEM('color',(#12818),#6631);
#12818 = PRESENTATION_STYLE_ASSIGNMENT((#12819));
#12819 = SURFACE_STYLE_USAGE(.BOTH.,#12820);
#12820 = SURFACE_SIDE_STYLE('',(#12821));
#12821 = SURFACE_STYLE_FILL_AREA(#12822);
#12822 = FILL_AREA_STYLE('',(#12823));
#12823 = FILL_AREA_STYLE_COLOUR('',#12487);
#12824 = STYLED_ITEM('color',(#12825),#6648);
#12825 = PRESENTATION_STYLE_ASSIGNMENT((#12826));
#12826 = SURFACE_STYLE_USAGE(.BOTH.,#12827);
#12827 = SURFACE_SIDE_STYLE('',(#12828));
#12828 = SURFACE_STYLE_FILL_AREA(#12829);
#12829 = FILL_AREA_STYLE('',(#12830));
#12830 = FILL_AREA_STYLE_COLOUR('',#12487);
#12831 = STYLED_ITEM('color',(#12832),#6665);
#12832 = PRESENTATION_STYLE_ASSIGNMENT((#12833));
#12833 = SURFACE_STYLE_USAGE(.BOTH.,#12834);
#12834 = SURFACE_SIDE_STYLE('',(#12835));
#12835 = SURFACE_STYLE_FILL_AREA(#12836);
#12836 = FILL_AREA_STYLE('',(#12837));
#12837 = FILL_AREA_STYLE_COLOUR('',#12487);
#12838 = STYLED_ITEM('color',(#12839),#6682);
#12839 = PRESENTATION_STYLE_ASSIGNMENT((#12840));
#12840 = SURFACE_STYLE_USAGE(.BOTH.,#12841);
#12841 = SURFACE_SIDE_STYLE('',(#12842));
#12842 = SURFACE_STYLE_FILL_AREA(#12843);
#12843 = FILL_AREA_STYLE('',(#12844));
#12844 = FILL_AREA_STYLE_COLOUR('',#12487);
#12845 = STYLED_ITEM('color',(#12846),#6699);
#12846 = PRESENTATION_STYLE_ASSIGNMENT((#12847));
#12847 = SURFACE_STYLE_USAGE(.BOTH.,#12848);
#12848 = SURFACE_SIDE_STYLE('',(#12849));
#12849 = SURFACE_STYLE_FILL_AREA(#12850);
#12850 = FILL_AREA_STYLE('',(#12851));
#12851 = FILL_AREA_STYLE_COLOUR('',#12487);
#12852 = STYLED_ITEM('color',(#12853),#6716);
#12853 = PRESENTATION_STYLE_ASSIGNMENT((#12854));
#12854 = SURFACE_STYLE_USAGE(.BOTH.,#12855);
#12855 = SURFACE_SIDE_STYLE('',(#12856));
#12856 = SURFACE_STYLE_FILL_AREA(#12857);
#12857 = FILL_AREA_STYLE('',(#12858));
#12858 = FILL_AREA_STYLE_COLOUR('',#12487);
#12859 = STYLED_ITEM('color',(#12860),#6733);
#12860 = PRESENTATION_STYLE_ASSIGNMENT((#12861));
#12861 = SURFACE_STYLE_USAGE(.BOTH.,#12862);
#12862 = SURFACE_SIDE_STYLE('',(#12863));
#12863 = SURFACE_STYLE_FILL_AREA(#12864);
#12864 = FILL_AREA_STYLE('',(#12865));
#12865 = FILL_AREA_STYLE_COLOUR('',#12487);
#12866 = STYLED_ITEM('color',(#12867),#6750);
#12867 = PRESENTATION_STYLE_ASSIGNMENT((#12868));
#12868 = SURFACE_STYLE_USAGE(.BOTH.,#12869);
#12869 = SURFACE_SIDE_STYLE('',(#12870));
#12870 = SURFACE_STYLE_FILL_AREA(#12871);
#12871 = FILL_AREA_STYLE('',(#12872));
#12872 = FILL_AREA_STYLE_COLOUR('',#12487);
#12873 = STYLED_ITEM('color',(#12874),#6767);
#12874 = PRESENTATION_STYLE_ASSIGNMENT((#12875));
#12875 = SURFACE_STYLE_USAGE(.BOTH.,#12876);
#12876 = SURFACE_SIDE_STYLE('',(#12877));
#12877 = SURFACE_STYLE_FILL_AREA(#12878);
#12878 = FILL_AREA_STYLE('',(#12879));
#12879 = FILL_AREA_STYLE_COLOUR('',#12487);
#12880 = STYLED_ITEM('color',(#12881),#6784);
#12881 = PRESENTATION_STYLE_ASSIGNMENT((#12882));
#12882 = SURFACE_STYLE_USAGE(.BOTH.,#12883);
#12883 = SURFACE_SIDE_STYLE('',(#12884));
#12884 = SURFACE_STYLE_FILL_AREA(#12885);
#12885 = FILL_AREA_STYLE('',(#12886));
#12886 = FILL_AREA_STYLE_COLOUR('',#12487);
#12887 = STYLED_ITEM('color',(#12888),#6801);
#12888 = PRESENTATION_STYLE_ASSIGNMENT((#12889));
#12889 = SURFACE_STYLE_USAGE(.BOTH.,#12890);
#12890 = SURFACE_SIDE_STYLE('',(#12891));
#12891 = SURFACE_STYLE_FILL_AREA(#12892);
#12892 = FILL_AREA_STYLE('',(#12893));
#12893 = FILL_AREA_STYLE_COLOUR('',#12487);
#12894 = STYLED_ITEM('color',(#12895),#6818);
#12895 = PRESENTATION_STYLE_ASSIGNMENT((#12896));
#12896 = SURFACE_STYLE_USAGE(.BOTH.,#12897);
#12897 = SURFACE_SIDE_STYLE('',(#12898));
#12898 = SURFACE_STYLE_FILL_AREA(#12899);
#12899 = FILL_AREA_STYLE('',(#12900));
#12900 = FILL_AREA_STYLE_COLOUR('',#12487);
#12901 = STYLED_ITEM('color',(#12902),#6835);
#12902 = PRESENTATION_STYLE_ASSIGNMENT((#12903));
#12903 = SURFACE_STYLE_USAGE(.BOTH.,#12904);
#12904 = SURFACE_SIDE_STYLE('',(#12905));
#12905 = SURFACE_STYLE_FILL_AREA(#12906);
#12906 = FILL_AREA_STYLE('',(#12907));
#12907 = FILL_AREA_STYLE_COLOUR('',#12487);
#12908 = STYLED_ITEM('color',(#12909),#6852);
#12909 = PRESENTATION_STYLE_ASSIGNMENT((#12910));
#12910 = SURFACE_STYLE_USAGE(.BOTH.,#12911);
#12911 = SURFACE_SIDE_STYLE('',(#12912));
#12912 = SURFACE_STYLE_FILL_AREA(#12913);
#12913 = FILL_AREA_STYLE('',(#12914));
#12914 = FILL_AREA_STYLE_COLOUR('',#12487);
#12915 = STYLED_ITEM('color',(#12916),#6869);
#12916 = PRESENTATION_STYLE_ASSIGNMENT((#12917));
#12917 = SURFACE_STYLE_USAGE(.BOTH.,#12918);
#12918 = SURFACE_SIDE_STYLE('',(#12919));
#12919 = SURFACE_STYLE_FILL_AREA(#12920);
#12920 = FILL_AREA_STYLE('',(#12921));
#12921 = FILL_AREA_STYLE_COLOUR('',#12487);
#12922 = STYLED_ITEM('color',(#12923),#6886);
#12923 = PRESENTATION_STYLE_ASSIGNMENT((#12924));
#12924 = SURFACE_STYLE_USAGE(.BOTH.,#12925);
#12925 = SURFACE_SIDE_STYLE('',(#12926));
#12926 = SURFACE_STYLE_FILL_AREA(#12927);
#12927 = FILL_AREA_STYLE('',(#12928));
#12928 = FILL_AREA_STYLE_COLOUR('',#12487);
#12929 = STYLED_ITEM('color',(#12930),#6898);
#12930 = PRESENTATION_STYLE_ASSIGNMENT((#12931));
#12931 = SURFACE_STYLE_USAGE(.BOTH.,#12932);
#12932 = SURFACE_SIDE_STYLE('',(#12933));
#12933 = SURFACE_STYLE_FILL_AREA(#12934);
#12934 = FILL_AREA_STYLE('',(#12935));
#12935 = FILL_AREA_STYLE_COLOUR('',#12936);
#12936 = COLOUR_RGB('',0.859000020776,0.737999965183,0.495999988746);
#12937 = STYLED_ITEM('color',(#12938),#6929);
#12938 = PRESENTATION_STYLE_ASSIGNMENT((#12939));
#12939 = SURFACE_STYLE_USAGE(.BOTH.,#12940);
#12940 = SURFACE_SIDE_STYLE('',(#12941));
#12941 = SURFACE_STYLE_FILL_AREA(#12942);
#12942 = FILL_AREA_STYLE('',(#12943));
#12943 = FILL_AREA_STYLE_COLOUR('',#12936);
#12944 = STYLED_ITEM('color',(#12945),#6953);
#12945 = PRESENTATION_STYLE_ASSIGNMENT((#12946));
#12946 = SURFACE_STYLE_USAGE(.BOTH.,#12947);
#12947 = SURFACE_SIDE_STYLE('',(#12948));
#12948 = SURFACE_STYLE_FILL_AREA(#12949);
#12949 = FILL_AREA_STYLE('',(#12950));
#12950 = FILL_AREA_STYLE_COLOUR('',#12936);
#12951 = STYLED_ITEM('color',(#12952),#6977);
#12952 = PRESENTATION_STYLE_ASSIGNMENT((#12953));
#12953 = SURFACE_STYLE_USAGE(.BOTH.,#12954);
#12954 = SURFACE_SIDE_STYLE('',(#12955));
#12955 = SURFACE_STYLE_FILL_AREA(#12956);
#12956 = FILL_AREA_STYLE('',(#12957));
#12957 = FILL_AREA_STYLE_COLOUR('',#12936);
#12958 = STYLED_ITEM('color',(#12959),#6994);
#12959 = PRESENTATION_STYLE_ASSIGNMENT((#12960));
#12960 = SURFACE_STYLE_USAGE(.BOTH.,#12961);
#12961 = SURFACE_SIDE_STYLE('',(#12962));
#12962 = SURFACE_STYLE_FILL_AREA(#12963);
#12963 = FILL_AREA_STYLE('',(#12964));
#12964 = FILL_AREA_STYLE_COLOUR('',#12936);
#12965 = STYLED_ITEM('color',(#12966),#7025);
#12966 = PRESENTATION_STYLE_ASSIGNMENT((#12967));
#12967 = SURFACE_STYLE_USAGE(.BOTH.,#12968);
#12968 = SURFACE_SIDE_STYLE('',(#12969));
#12969 = SURFACE_STYLE_FILL_AREA(#12970);
#12970 = FILL_AREA_STYLE('',(#12971));
#12971 = FILL_AREA_STYLE_COLOUR('',#12936);
#12972 = STYLED_ITEM('color',(#12973),#7049);
#12973 = PRESENTATION_STYLE_ASSIGNMENT((#12974));
#12974 = SURFACE_STYLE_USAGE(.BOTH.,#12975);
#12975 = SURFACE_SIDE_STYLE('',(#12976));
#12976 = SURFACE_STYLE_FILL_AREA(#12977);
#12977 = FILL_AREA_STYLE('',(#12978));
#12978 = FILL_AREA_STYLE_COLOUR('',#12936);
#12979 = STYLED_ITEM('color',(#12980),#7073);
#12980 = PRESENTATION_STYLE_ASSIGNMENT((#12981));
#12981 = SURFACE_STYLE_USAGE(.BOTH.,#12982);
#12982 = SURFACE_SIDE_STYLE('',(#12983));
#12983 = SURFACE_STYLE_FILL_AREA(#12984);
#12984 = FILL_AREA_STYLE('',(#12985));
#12985 = FILL_AREA_STYLE_COLOUR('',#12936);
#12986 = STYLED_ITEM('color',(#12987),#7090);
#12987 = PRESENTATION_STYLE_ASSIGNMENT((#12988));
#12988 = SURFACE_STYLE_USAGE(.BOTH.,#12989);
#12989 = SURFACE_SIDE_STYLE('',(#12990));
#12990 = SURFACE_STYLE_FILL_AREA(#12991);
#12991 = FILL_AREA_STYLE('',(#12992));
#12992 = FILL_AREA_STYLE_COLOUR('',#12936);
#12993 = STYLED_ITEM('color',(#12994),#7121);
#12994 = PRESENTATION_STYLE_ASSIGNMENT((#12995));
#12995 = SURFACE_STYLE_USAGE(.BOTH.,#12996);
#12996 = SURFACE_SIDE_STYLE('',(#12997));
#12997 = SURFACE_STYLE_FILL_AREA(#12998);
#12998 = FILL_AREA_STYLE('',(#12999));
#12999 = FILL_AREA_STYLE_COLOUR('',#12936);
#13000 = STYLED_ITEM('color',(#13001),#7145);
#13001 = PRESENTATION_STYLE_ASSIGNMENT((#13002));
#13002 = SURFACE_STYLE_USAGE(.BOTH.,#13003);
#13003 = SURFACE_SIDE_STYLE('',(#13004));
#13004 = SURFACE_STYLE_FILL_AREA(#13005);
#13005 = FILL_AREA_STYLE('',(#13006));
#13006 = FILL_AREA_STYLE_COLOUR('',#12936);
#13007 = STYLED_ITEM('color',(#13008),#7169);
#13008 = PRESENTATION_STYLE_ASSIGNMENT((#13009));
#13009 = SURFACE_STYLE_USAGE(.BOTH.,#13010);
#13010 = SURFACE_SIDE_STYLE('',(#13011));
#13011 = SURFACE_STYLE_FILL_AREA(#13012);
#13012 = FILL_AREA_STYLE('',(#13013));
#13013 = FILL_AREA_STYLE_COLOUR('',#12936);
#13014 = STYLED_ITEM('color',(#13015),#7186);
#13015 = PRESENTATION_STYLE_ASSIGNMENT((#13016));
#13016 = SURFACE_STYLE_USAGE(.BOTH.,#13017);
#13017 = SURFACE_SIDE_STYLE('',(#13018));
#13018 = SURFACE_STYLE_FILL_AREA(#13019);
#13019 = FILL_AREA_STYLE('',(#13020));
#13020 = FILL_AREA_STYLE_COLOUR('',#12936);
#13021 = STYLED_ITEM('color',(#13022),#7217);
#13022 = PRESENTATION_STYLE_ASSIGNMENT((#13023));
#13023 = SURFACE_STYLE_USAGE(.BOTH.,#13024);
#13024 = SURFACE_SIDE_STYLE('',(#13025));
#13025 = SURFACE_STYLE_FILL_AREA(#13026);
#13026 = FILL_AREA_STYLE('',(#13027));
#13027 = FILL_AREA_STYLE_COLOUR('',#12936);
#13028 = STYLED_ITEM('color',(#13029),#7241);
#13029 = PRESENTATION_STYLE_ASSIGNMENT((#13030));
#13030 = SURFACE_STYLE_USAGE(.BOTH.,#13031);
#13031 = SURFACE_SIDE_STYLE('',(#13032));
#13032 = SURFACE_STYLE_FILL_AREA(#13033);
#13033 = FILL_AREA_STYLE('',(#13034));
#13034 = FILL_AREA_STYLE_COLOUR('',#12936);
#13035 = STYLED_ITEM('color',(#13036),#7265);
#13036 = PRESENTATION_STYLE_ASSIGNMENT((#13037));
#13037 = SURFACE_STYLE_USAGE(.BOTH.,#13038);
#13038 = SURFACE_SIDE_STYLE('',(#13039));
#13039 = SURFACE_STYLE_FILL_AREA(#13040);
#13040 = FILL_AREA_STYLE('',(#13041));
#13041 = FILL_AREA_STYLE_COLOUR('',#12936);
#13042 = STYLED_ITEM('color',(#13043),#7282);
#13043 = PRESENTATION_STYLE_ASSIGNMENT((#13044));
#13044 = SURFACE_STYLE_USAGE(.BOTH.,#13045);
#13045 = SURFACE_SIDE_STYLE('',(#13046));
#13046 = SURFACE_STYLE_FILL_AREA(#13047);
#13047 = FILL_AREA_STYLE('',(#13048));
#13048 = FILL_AREA_STYLE_COLOUR('',#12936);
#13049 = STYLED_ITEM('color',(#13050),#7313);
#13050 = PRESENTATION_STYLE_ASSIGNMENT((#13051));
#13051 = SURFACE_STYLE_USAGE(.BOTH.,#13052);
#13052 = SURFACE_SIDE_STYLE('',(#13053));
#13053 = SURFACE_STYLE_FILL_AREA(#13054);
#13054 = FILL_AREA_STYLE('',(#13055));
#13055 = FILL_AREA_STYLE_COLOUR('',#12936);
#13056 = STYLED_ITEM('color',(#13057),#7337);
#13057 = PRESENTATION_STYLE_ASSIGNMENT((#13058));
#13058 = SURFACE_STYLE_USAGE(.BOTH.,#13059);
#13059 = SURFACE_SIDE_STYLE('',(#13060));
#13060 = SURFACE_STYLE_FILL_AREA(#13061);
#13061 = FILL_AREA_STYLE('',(#13062));
#13062 = FILL_AREA_STYLE_COLOUR('',#12936);
#13063 = STYLED_ITEM('color',(#13064),#7361);
#13064 = PRESENTATION_STYLE_ASSIGNMENT((#13065));
#13065 = SURFACE_STYLE_USAGE(.BOTH.,#13066);
#13066 = SURFACE_SIDE_STYLE('',(#13067));
#13067 = SURFACE_STYLE_FILL_AREA(#13068);
#13068 = FILL_AREA_STYLE('',(#13069));
#13069 = FILL_AREA_STYLE_COLOUR('',#12936);
#13070 = STYLED_ITEM('color',(#13071),#7378);
#13071 = PRESENTATION_STYLE_ASSIGNMENT((#13072));
#13072 = SURFACE_STYLE_USAGE(.BOTH.,#13073);
#13073 = SURFACE_SIDE_STYLE('',(#13074));
#13074 = SURFACE_STYLE_FILL_AREA(#13075);
#13075 = FILL_AREA_STYLE('',(#13076));
#13076 = FILL_AREA_STYLE_COLOUR('',#12936);
#13077 = STYLED_ITEM('color',(#13078),#7409);
#13078 = PRESENTATION_STYLE_ASSIGNMENT((#13079));
#13079 = SURFACE_STYLE_USAGE(.BOTH.,#13080);
#13080 = SURFACE_SIDE_STYLE('',(#13081));
#13081 = SURFACE_STYLE_FILL_AREA(#13082);
#13082 = FILL_AREA_STYLE('',(#13083));
#13083 = FILL_AREA_STYLE_COLOUR('',#12936);
#13084 = STYLED_ITEM('color',(#13085),#7433);
#13085 = PRESENTATION_STYLE_ASSIGNMENT((#13086));
#13086 = SURFACE_STYLE_USAGE(.BOTH.,#13087);
#13087 = SURFACE_SIDE_STYLE('',(#13088));
#13088 = SURFACE_STYLE_FILL_AREA(#13089);
#13089 = FILL_AREA_STYLE('',(#13090));
#13090 = FILL_AREA_STYLE_COLOUR('',#12936);
#13091 = STYLED_ITEM('color',(#13092),#7457);
#13092 = PRESENTATION_STYLE_ASSIGNMENT((#13093));
#13093 = SURFACE_STYLE_USAGE(.BOTH.,#13094);
#13094 = SURFACE_SIDE_STYLE('',(#13095));
#13095 = SURFACE_STYLE_FILL_AREA(#13096);
#13096 = FILL_AREA_STYLE('',(#13097));
#13097 = FILL_AREA_STYLE_COLOUR('',#12936);
#13098 = STYLED_ITEM('color',(#13099),#7474);
#13099 = PRESENTATION_STYLE_ASSIGNMENT((#13100));
#13100 = SURFACE_STYLE_USAGE(.BOTH.,#13101);
#13101 = SURFACE_SIDE_STYLE('',(#13102));
#13102 = SURFACE_STYLE_FILL_AREA(#13103);
#13103 = FILL_AREA_STYLE('',(#13104));
#13104 = FILL_AREA_STYLE_COLOUR('',#12936);
#13105 = STYLED_ITEM('color',(#13106),#7505);
#13106 = PRESENTATION_STYLE_ASSIGNMENT((#13107));
#13107 = SURFACE_STYLE_USAGE(.BOTH.,#13108);
#13108 = SURFACE_SIDE_STYLE('',(#13109));
#13109 = SURFACE_STYLE_FILL_AREA(#13110);
#13110 = FILL_AREA_STYLE('',(#13111));
#13111 = FILL_AREA_STYLE_COLOUR('',#12936);
#13112 = STYLED_ITEM('color',(#13113),#7529);
#13113 = PRESENTATION_STYLE_ASSIGNMENT((#13114));
#13114 = SURFACE_STYLE_USAGE(.BOTH.,#13115);
#13115 = SURFACE_SIDE_STYLE('',(#13116));
#13116 = SURFACE_STYLE_FILL_AREA(#13117);
#13117 = FILL_AREA_STYLE('',(#13118));
#13118 = FILL_AREA_STYLE_COLOUR('',#12936);
#13119 = STYLED_ITEM('color',(#13120),#7553);
#13120 = PRESENTATION_STYLE_ASSIGNMENT((#13121));
#13121 = SURFACE_STYLE_USAGE(.BOTH.,#13122);
#13122 = SURFACE_SIDE_STYLE('',(#13123));
#13123 = SURFACE_STYLE_FILL_AREA(#13124);
#13124 = FILL_AREA_STYLE('',(#13125));
#13125 = FILL_AREA_STYLE_COLOUR('',#12936);
#13126 = STYLED_ITEM('color',(#13127),#7570);
#13127 = PRESENTATION_STYLE_ASSIGNMENT((#13128));
#13128 = SURFACE_STYLE_USAGE(.BOTH.,#13129);
#13129 = SURFACE_SIDE_STYLE('',(#13130));
#13130 = SURFACE_STYLE_FILL_AREA(#13131);
#13131 = FILL_AREA_STYLE('',(#13132));
#13132 = FILL_AREA_STYLE_COLOUR('',#12936);
#13133 = STYLED_ITEM('color',(#13134),#7601);
#13134 = PRESENTATION_STYLE_ASSIGNMENT((#13135));
#13135 = SURFACE_STYLE_USAGE(.BOTH.,#13136);
#13136 = SURFACE_SIDE_STYLE('',(#13137));
#13137 = SURFACE_STYLE_FILL_AREA(#13138);
#13138 = FILL_AREA_STYLE('',(#13139));
#13139 = FILL_AREA_STYLE_COLOUR('',#12936);
#13140 = STYLED_ITEM('color',(#13141),#7625);
#13141 = PRESENTATION_STYLE_ASSIGNMENT((#13142));
#13142 = SURFACE_STYLE_USAGE(.BOTH.,#13143);
#13143 = SURFACE_SIDE_STYLE('',(#13144));
#13144 = SURFACE_STYLE_FILL_AREA(#13145);
#13145 = FILL_AREA_STYLE('',(#13146));
#13146 = FILL_AREA_STYLE_COLOUR('',#12936);
#13147 = STYLED_ITEM('color',(#13148),#7649);
#13148 = PRESENTATION_STYLE_ASSIGNMENT((#13149));
#13149 = SURFACE_STYLE_USAGE(.BOTH.,#13150);
#13150 = SURFACE_SIDE_STYLE('',(#13151));
#13151 = SURFACE_STYLE_FILL_AREA(#13152);
#13152 = FILL_AREA_STYLE('',(#13153));
#13153 = FILL_AREA_STYLE_COLOUR('',#12936);
#13154 = STYLED_ITEM('color',(#13155),#7666);
#13155 = PRESENTATION_STYLE_ASSIGNMENT((#13156));
#13156 = SURFACE_STYLE_USAGE(.BOTH.,#13157);
#13157 = SURFACE_SIDE_STYLE('',(#13158));
#13158 = SURFACE_STYLE_FILL_AREA(#13159);
#13159 = FILL_AREA_STYLE('',(#13160));
#13160 = FILL_AREA_STYLE_COLOUR('',#12936);
#13161 = STYLED_ITEM('color',(#13162),#7697);
#13162 = PRESENTATION_STYLE_ASSIGNMENT((#13163));
#13163 = SURFACE_STYLE_USAGE(.BOTH.,#13164);
#13164 = SURFACE_SIDE_STYLE('',(#13165));
#13165 = SURFACE_STYLE_FILL_AREA(#13166);
#13166 = FILL_AREA_STYLE('',(#13167));
#13167 = FILL_AREA_STYLE_COLOUR('',#12936);
#13168 = STYLED_ITEM('color',(#13169),#7721);
#13169 = PRESENTATION_STYLE_ASSIGNMENT((#13170));
#13170 = SURFACE_STYLE_USAGE(.BOTH.,#13171);
#13171 = SURFACE_SIDE_STYLE('',(#13172));
#13172 = SURFACE_STYLE_FILL_AREA(#13173);
#13173 = FILL_AREA_STYLE('',(#13174));
#13174 = FILL_AREA_STYLE_COLOUR('',#12936);
#13175 = STYLED_ITEM('color',(#13176),#7745);
#13176 = PRESENTATION_STYLE_ASSIGNMENT((#13177));
#13177 = SURFACE_STYLE_USAGE(.BOTH.,#13178);
#13178 = SURFACE_SIDE_STYLE('',(#13179));
#13179 = SURFACE_STYLE_FILL_AREA(#13180);
#13180 = FILL_AREA_STYLE('',(#13181));
#13181 = FILL_AREA_STYLE_COLOUR('',#12936);
#13182 = STYLED_ITEM('color',(#13183),#7762);
#13183 = PRESENTATION_STYLE_ASSIGNMENT((#13184));
#13184 = SURFACE_STYLE_USAGE(.BOTH.,#13185);
#13185 = SURFACE_SIDE_STYLE('',(#13186));
#13186 = SURFACE_STYLE_FILL_AREA(#13187);
#13187 = FILL_AREA_STYLE('',(#13188));
#13188 = FILL_AREA_STYLE_COLOUR('',#12936);
#13189 = STYLED_ITEM('color',(#13190),#7793);
#13190 = PRESENTATION_STYLE_ASSIGNMENT((#13191));
#13191 = SURFACE_STYLE_USAGE(.BOTH.,#13192);
#13192 = SURFACE_SIDE_STYLE('',(#13193));
#13193 = SURFACE_STYLE_FILL_AREA(#13194);
#13194 = FILL_AREA_STYLE('',(#13195));
#13195 = FILL_AREA_STYLE_COLOUR('',#12936);
#13196 = STYLED_ITEM('color',(#13197),#7817);
#13197 = PRESENTATION_STYLE_ASSIGNMENT((#13198));
#13198 = SURFACE_STYLE_USAGE(.BOTH.,#13199);
#13199 = SURFACE_SIDE_STYLE('',(#13200));
#13200 = SURFACE_STYLE_FILL_AREA(#13201);
#13201 = FILL_AREA_STYLE('',(#13202));
#13202 = FILL_AREA_STYLE_COLOUR('',#12936);
#13203 = STYLED_ITEM('color',(#13204),#7841);
#13204 = PRESENTATION_STYLE_ASSIGNMENT((#13205));
#13205 = SURFACE_STYLE_USAGE(.BOTH.,#13206);
#13206 = SURFACE_SIDE_STYLE('',(#13207));
#13207 = SURFACE_STYLE_FILL_AREA(#13208);
#13208 = FILL_AREA_STYLE('',(#13209));
#13209 = FILL_AREA_STYLE_COLOUR('',#12936);
#13210 = STYLED_ITEM('color',(#13211),#7858);
#13211 = PRESENTATION_STYLE_ASSIGNMENT((#13212));
#13212 = SURFACE_STYLE_USAGE(.BOTH.,#13213);
#13213 = SURFACE_SIDE_STYLE('',(#13214));
#13214 = SURFACE_STYLE_FILL_AREA(#13215);
#13215 = FILL_AREA_STYLE('',(#13216));
#13216 = FILL_AREA_STYLE_COLOUR('',#12936);
#13217 = STYLED_ITEM('color',(#13218),#7889);
#13218 = PRESENTATION_STYLE_ASSIGNMENT((#13219));
#13219 = SURFACE_STYLE_USAGE(.BOTH.,#13220);
#13220 = SURFACE_SIDE_STYLE('',(#13221));
#13221 = SURFACE_STYLE_FILL_AREA(#13222);
#13222 = FILL_AREA_STYLE('',(#13223));
#13223 = FILL_AREA_STYLE_COLOUR('',#12936);
#13224 = STYLED_ITEM('color',(#13225),#7913);
#13225 = PRESENTATION_STYLE_ASSIGNMENT((#13226));
#13226 = SURFACE_STYLE_USAGE(.BOTH.,#13227);
#13227 = SURFACE_SIDE_STYLE('',(#13228));
#13228 = SURFACE_STYLE_FILL_AREA(#13229);
#13229 = FILL_AREA_STYLE('',(#13230));
#13230 = FILL_AREA_STYLE_COLOUR('',#12936);
#13231 = STYLED_ITEM('color',(#13232),#7937);
#13232 = PRESENTATION_STYLE_ASSIGNMENT((#13233));
#13233 = SURFACE_STYLE_USAGE(.BOTH.,#13234);
#13234 = SURFACE_SIDE_STYLE('',(#13235));
#13235 = SURFACE_STYLE_FILL_AREA(#13236);
#13236 = FILL_AREA_STYLE('',(#13237));
#13237 = FILL_AREA_STYLE_COLOUR('',#12936);
#13238 = STYLED_ITEM('color',(#13239),#7954);
#13239 = PRESENTATION_STYLE_ASSIGNMENT((#13240));
#13240 = SURFACE_STYLE_USAGE(.BOTH.,#13241);
#13241 = SURFACE_SIDE_STYLE('',(#13242));
#13242 = SURFACE_STYLE_FILL_AREA(#13243);
#13243 = FILL_AREA_STYLE('',(#13244));
#13244 = FILL_AREA_STYLE_COLOUR('',#12936);
#13245 = STYLED_ITEM('color',(#13246),#7985);
#13246 = PRESENTATION_STYLE_ASSIGNMENT((#13247));
#13247 = SURFACE_STYLE_USAGE(.BOTH.,#13248);
#13248 = SURFACE_SIDE_STYLE('',(#13249));
#13249 = SURFACE_STYLE_FILL_AREA(#13250);
#13250 = FILL_AREA_STYLE('',(#13251));
#13251 = FILL_AREA_STYLE_COLOUR('',#12936);
#13252 = STYLED_ITEM('color',(#13253),#8009);
#13253 = PRESENTATION_STYLE_ASSIGNMENT((#13254));
#13254 = SURFACE_STYLE_USAGE(.BOTH.,#13255);
#13255 = SURFACE_SIDE_STYLE('',(#13256));
#13256 = SURFACE_STYLE_FILL_AREA(#13257);
#13257 = FILL_AREA_STYLE('',(#13258));
#13258 = FILL_AREA_STYLE_COLOUR('',#12936);
#13259 = STYLED_ITEM('color',(#13260),#8033);
#13260 = PRESENTATION_STYLE_ASSIGNMENT((#13261));
#13261 = SURFACE_STYLE_USAGE(.BOTH.,#13262);
#13262 = SURFACE_SIDE_STYLE('',(#13263));
#13263 = SURFACE_STYLE_FILL_AREA(#13264);
#13264 = FILL_AREA_STYLE('',(#13265));
#13265 = FILL_AREA_STYLE_COLOUR('',#12936);
#13266 = STYLED_ITEM('color',(#13267),#8050);
#13267 = PRESENTATION_STYLE_ASSIGNMENT((#13268));
#13268 = SURFACE_STYLE_USAGE(.BOTH.,#13269);
#13269 = SURFACE_SIDE_STYLE('',(#13270));
#13270 = SURFACE_STYLE_FILL_AREA(#13271);
#13271 = FILL_AREA_STYLE('',(#13272));
#13272 = FILL_AREA_STYLE_COLOUR('',#12936);
#13273 = STYLED_ITEM('color',(#13274),#8081);
#13274 = PRESENTATION_STYLE_ASSIGNMENT((#13275));
#13275 = SURFACE_STYLE_USAGE(.BOTH.,#13276);
#13276 = SURFACE_SIDE_STYLE('',(#13277));
#13277 = SURFACE_STYLE_FILL_AREA(#13278);
#13278 = FILL_AREA_STYLE('',(#13279));
#13279 = FILL_AREA_STYLE_COLOUR('',#12936);
#13280 = STYLED_ITEM('color',(#13281),#8105);
#13281 = PRESENTATION_STYLE_ASSIGNMENT((#13282));
#13282 = SURFACE_STYLE_USAGE(.BOTH.,#13283);
#13283 = SURFACE_SIDE_STYLE('',(#13284));
#13284 = SURFACE_STYLE_FILL_AREA(#13285);
#13285 = FILL_AREA_STYLE('',(#13286));
#13286 = FILL_AREA_STYLE_COLOUR('',#12936);
#13287 = STYLED_ITEM('color',(#13288),#8129);
#13288 = PRESENTATION_STYLE_ASSIGNMENT((#13289));
#13289 = SURFACE_STYLE_USAGE(.BOTH.,#13290);
#13290 = SURFACE_SIDE_STYLE('',(#13291));
#13291 = SURFACE_STYLE_FILL_AREA(#13292);
#13292 = FILL_AREA_STYLE('',(#13293));
#13293 = FILL_AREA_STYLE_COLOUR('',#12936);
#13294 = STYLED_ITEM('color',(#13295),#8146);
#13295 = PRESENTATION_STYLE_ASSIGNMENT((#13296));
#13296 = SURFACE_STYLE_USAGE(.BOTH.,#13297);
#13297 = SURFACE_SIDE_STYLE('',(#13298));
#13298 = SURFACE_STYLE_FILL_AREA(#13299);
#13299 = FILL_AREA_STYLE('',(#13300));
#13300 = FILL_AREA_STYLE_COLOUR('',#12936);
#13301 = STYLED_ITEM('color',(#13302),#8177);
#13302 = PRESENTATION_STYLE_ASSIGNMENT((#13303));
#13303 = SURFACE_STYLE_USAGE(.BOTH.,#13304);
#13304 = SURFACE_SIDE_STYLE('',(#13305));
#13305 = SURFACE_STYLE_FILL_AREA(#13306);
#13306 = FILL_AREA_STYLE('',(#13307));
#13307 = FILL_AREA_STYLE_COLOUR('',#12936);
#13308 = STYLED_ITEM('color',(#13309),#8201);
#13309 = PRESENTATION_STYLE_ASSIGNMENT((#13310));
#13310 = SURFACE_STYLE_USAGE(.BOTH.,#13311);
#13311 = SURFACE_SIDE_STYLE('',(#13312));
#13312 = SURFACE_STYLE_FILL_AREA(#13313);
#13313 = FILL_AREA_STYLE('',(#13314));
#13314 = FILL_AREA_STYLE_COLOUR('',#12936);
#13315 = STYLED_ITEM('color',(#13316),#8225);
#13316 = PRESENTATION_STYLE_ASSIGNMENT((#13317));
#13317 = SURFACE_STYLE_USAGE(.BOTH.,#13318);
#13318 = SURFACE_SIDE_STYLE('',(#13319));
#13319 = SURFACE_STYLE_FILL_AREA(#13320);
#13320 = FILL_AREA_STYLE('',(#13321));
#13321 = FILL_AREA_STYLE_COLOUR('',#12936);
#13322 = STYLED_ITEM('color',(#13323),#8242);
#13323 = PRESENTATION_STYLE_ASSIGNMENT((#13324));
#13324 = SURFACE_STYLE_USAGE(.BOTH.,#13325);
#13325 = SURFACE_SIDE_STYLE('',(#13326));
#13326 = SURFACE_STYLE_FILL_AREA(#13327);
#13327 = FILL_AREA_STYLE('',(#13328));
#13328 = FILL_AREA_STYLE_COLOUR('',#12936);
#13329 = STYLED_ITEM('color',(#13330),#8273);
#13330 = PRESENTATION_STYLE_ASSIGNMENT((#13331));
#13331 = SURFACE_STYLE_USAGE(.BOTH.,#13332);
#13332 = SURFACE_SIDE_STYLE('',(#13333));
#13333 = SURFACE_STYLE_FILL_AREA(#13334);
#13334 = FILL_AREA_STYLE('',(#13335));
#13335 = FILL_AREA_STYLE_COLOUR('',#12936);
#13336 = STYLED_ITEM('color',(#13337),#8297);
#13337 = PRESENTATION_STYLE_ASSIGNMENT((#13338));
#13338 = SURFACE_STYLE_USAGE(.BOTH.,#13339);
#13339 = SURFACE_SIDE_STYLE('',(#13340));
#13340 = SURFACE_STYLE_FILL_AREA(#13341);
#13341 = FILL_AREA_STYLE('',(#13342));
#13342 = FILL_AREA_STYLE_COLOUR('',#12936);
#13343 = STYLED_ITEM('color',(#13344),#8321);
#13344 = PRESENTATION_STYLE_ASSIGNMENT((#13345));
#13345 = SURFACE_STYLE_USAGE(.BOTH.,#13346);
#13346 = SURFACE_SIDE_STYLE('',(#13347));
#13347 = SURFACE_STYLE_FILL_AREA(#13348);
#13348 = FILL_AREA_STYLE('',(#13349));
#13349 = FILL_AREA_STYLE_COLOUR('',#12936);
#13350 = STYLED_ITEM('color',(#13351),#8338);
#13351 = PRESENTATION_STYLE_ASSIGNMENT((#13352));
#13352 = SURFACE_STYLE_USAGE(.BOTH.,#13353);
#13353 = SURFACE_SIDE_STYLE('',(#13354));
#13354 = SURFACE_STYLE_FILL_AREA(#13355);
#13355 = FILL_AREA_STYLE('',(#13356));
#13356 = FILL_AREA_STYLE_COLOUR('',#12936);
#13357 = STYLED_ITEM('color',(#13358),#8369);
#13358 = PRESENTATION_STYLE_ASSIGNMENT((#13359));
#13359 = SURFACE_STYLE_USAGE(.BOTH.,#13360);
#13360 = SURFACE_SIDE_STYLE('',(#13361));
#13361 = SURFACE_STYLE_FILL_AREA(#13362);
#13362 = FILL_AREA_STYLE('',(#13363));
#13363 = FILL_AREA_STYLE_COLOUR('',#12936);
#13364 = STYLED_ITEM('color',(#13365),#8393);
#13365 = PRESENTATION_STYLE_ASSIGNMENT((#13366));
#13366 = SURFACE_STYLE_USAGE(.BOTH.,#13367);
#13367 = SURFACE_SIDE_STYLE('',(#13368));
#13368 = SURFACE_STYLE_FILL_AREA(#13369);
#13369 = FILL_AREA_STYLE('',(#13370));
#13370 = FILL_AREA_STYLE_COLOUR('',#12936);
#13371 = STYLED_ITEM('color',(#13372),#8417);
#13372 = PRESENTATION_STYLE_ASSIGNMENT((#13373));
#13373 = SURFACE_STYLE_USAGE(.BOTH.,#13374);
#13374 = SURFACE_SIDE_STYLE('',(#13375));
#13375 = SURFACE_STYLE_FILL_AREA(#13376);
#13376 = FILL_AREA_STYLE('',(#13377));
#13377 = FILL_AREA_STYLE_COLOUR('',#12936);
#13378 = STYLED_ITEM('color',(#13379),#8434);
#13379 = PRESENTATION_STYLE_ASSIGNMENT((#13380));
#13380 = SURFACE_STYLE_USAGE(.BOTH.,#13381);
#13381 = SURFACE_SIDE_STYLE('',(#13382));
#13382 = SURFACE_STYLE_FILL_AREA(#13383);
#13383 = FILL_AREA_STYLE('',(#13384));
#13384 = FILL_AREA_STYLE_COLOUR('',#12936);
#13385 = STYLED_ITEM('color',(#13386),#8465);
#13386 = PRESENTATION_STYLE_ASSIGNMENT((#13387));
#13387 = SURFACE_STYLE_USAGE(.BOTH.,#13388);
#13388 = SURFACE_SIDE_STYLE('',(#13389));
#13389 = SURFACE_STYLE_FILL_AREA(#13390);
#13390 = FILL_AREA_STYLE('',(#13391));
#13391 = FILL_AREA_STYLE_COLOUR('',#12936);
#13392 = STYLED_ITEM('color',(#13393),#8489);
#13393 = PRESENTATION_STYLE_ASSIGNMENT((#13394));
#13394 = SURFACE_STYLE_USAGE(.BOTH.,#13395);
#13395 = SURFACE_SIDE_STYLE('',(#13396));
#13396 = SURFACE_STYLE_FILL_AREA(#13397);
#13397 = FILL_AREA_STYLE('',(#13398));
#13398 = FILL_AREA_STYLE_COLOUR('',#12936);
#13399 = STYLED_ITEM('color',(#13400),#8513);
#13400 = PRESENTATION_STYLE_ASSIGNMENT((#13401));
#13401 = SURFACE_STYLE_USAGE(.BOTH.,#13402);
#13402 = SURFACE_SIDE_STYLE('',(#13403));
#13403 = SURFACE_STYLE_FILL_AREA(#13404);
#13404 = FILL_AREA_STYLE('',(#13405));
#13405 = FILL_AREA_STYLE_COLOUR('',#12936);
#13406 = STYLED_ITEM('color',(#13407),#8530);
#13407 = PRESENTATION_STYLE_ASSIGNMENT((#13408));
#13408 = SURFACE_STYLE_USAGE(.BOTH.,#13409);
#13409 = SURFACE_SIDE_STYLE('',(#13410));
#13410 = SURFACE_STYLE_FILL_AREA(#13411);
#13411 = FILL_AREA_STYLE('',(#13412));
#13412 = FILL_AREA_STYLE_COLOUR('',#12936);
#13413 = STYLED_ITEM('color',(#13414),#8561);
#13414 = PRESENTATION_STYLE_ASSIGNMENT((#13415));
#13415 = SURFACE_STYLE_USAGE(.BOTH.,#13416);
#13416 = SURFACE_SIDE_STYLE('',(#13417));
#13417 = SURFACE_STYLE_FILL_AREA(#13418);
#13418 = FILL_AREA_STYLE('',(#13419));
#13419 = FILL_AREA_STYLE_COLOUR('',#12936);
#13420 = STYLED_ITEM('color',(#13421),#8585);
#13421 = PRESENTATION_STYLE_ASSIGNMENT((#13422));
#13422 = SURFACE_STYLE_USAGE(.BOTH.,#13423);
#13423 = SURFACE_SIDE_STYLE('',(#13424));
#13424 = SURFACE_STYLE_FILL_AREA(#13425);
#13425 = FILL_AREA_STYLE('',(#13426));
#13426 = FILL_AREA_STYLE_COLOUR('',#12936);
#13427 = STYLED_ITEM('color',(#13428),#8609);
#13428 = PRESENTATION_STYLE_ASSIGNMENT((#13429));
#13429 = SURFACE_STYLE_USAGE(.BOTH.,#13430);
#13430 = SURFACE_SIDE_STYLE('',(#13431));
#13431 = SURFACE_STYLE_FILL_AREA(#13432);
#13432 = FILL_AREA_STYLE('',(#13433));
#13433 = FILL_AREA_STYLE_COLOUR('',#12936);
#13434 = STYLED_ITEM('color',(#13435),#8626);
#13435 = PRESENTATION_STYLE_ASSIGNMENT((#13436));
#13436 = SURFACE_STYLE_USAGE(.BOTH.,#13437);
#13437 = SURFACE_SIDE_STYLE('',(#13438));
#13438 = SURFACE_STYLE_FILL_AREA(#13439);
#13439 = FILL_AREA_STYLE('',(#13440));
#13440 = FILL_AREA_STYLE_COLOUR('',#12936);
#13441 = STYLED_ITEM('color',(#13442),#8657);
#13442 = PRESENTATION_STYLE_ASSIGNMENT((#13443));
#13443 = SURFACE_STYLE_USAGE(.BOTH.,#13444);
#13444 = SURFACE_SIDE_STYLE('',(#13445));
#13445 = SURFACE_STYLE_FILL_AREA(#13446);
#13446 = FILL_AREA_STYLE('',(#13447));
#13447 = FILL_AREA_STYLE_COLOUR('',#12936);
#13448 = STYLED_ITEM('color',(#13449),#8681);
#13449 = PRESENTATION_STYLE_ASSIGNMENT((#13450));
#13450 = SURFACE_STYLE_USAGE(.BOTH.,#13451);
#13451 = SURFACE_SIDE_STYLE('',(#13452));
#13452 = SURFACE_STYLE_FILL_AREA(#13453);
#13453 = FILL_AREA_STYLE('',(#13454));
#13454 = FILL_AREA_STYLE_COLOUR('',#12936);
#13455 = STYLED_ITEM('color',(#13456),#8705);
#13456 = PRESENTATION_STYLE_ASSIGNMENT((#13457));
#13457 = SURFACE_STYLE_USAGE(.BOTH.,#13458);
#13458 = SURFACE_SIDE_STYLE('',(#13459));
#13459 = SURFACE_STYLE_FILL_AREA(#13460);
#13460 = FILL_AREA_STYLE('',(#13461));
#13461 = FILL_AREA_STYLE_COLOUR('',#12936);
#13462 = STYLED_ITEM('color',(#13463),#8722);
#13463 = PRESENTATION_STYLE_ASSIGNMENT((#13464));
#13464 = SURFACE_STYLE_USAGE(.BOTH.,#13465);
#13465 = SURFACE_SIDE_STYLE('',(#13466));
#13466 = SURFACE_STYLE_FILL_AREA(#13467);
#13467 = FILL_AREA_STYLE('',(#13468));
#13468 = FILL_AREA_STYLE_COLOUR('',#12936);
#13469 = STYLED_ITEM('color',(#13470),#8753);
#13470 = PRESENTATION_STYLE_ASSIGNMENT((#13471));
#13471 = SURFACE_STYLE_USAGE(.BOTH.,#13472);
#13472 = SURFACE_SIDE_STYLE('',(#13473));
#13473 = SURFACE_STYLE_FILL_AREA(#13474);
#13474 = FILL_AREA_STYLE('',(#13475));
#13475 = FILL_AREA_STYLE_COLOUR('',#12936);
#13476 = STYLED_ITEM('color',(#13477),#8777);
#13477 = PRESENTATION_STYLE_ASSIGNMENT((#13478));
#13478 = SURFACE_STYLE_USAGE(.BOTH.,#13479);
#13479 = SURFACE_SIDE_STYLE('',(#13480));
#13480 = SURFACE_STYLE_FILL_AREA(#13481);
#13481 = FILL_AREA_STYLE('',(#13482));
#13482 = FILL_AREA_STYLE_COLOUR('',#12936);
#13483 = STYLED_ITEM('color',(#13484),#8801);
#13484 = PRESENTATION_STYLE_ASSIGNMENT((#13485));
#13485 = SURFACE_STYLE_USAGE(.BOTH.,#13486);
#13486 = SURFACE_SIDE_STYLE('',(#13487));
#13487 = SURFACE_STYLE_FILL_AREA(#13488);
#13488 = FILL_AREA_STYLE('',(#13489));
#13489 = FILL_AREA_STYLE_COLOUR('',#12936);
#13490 = STYLED_ITEM('color',(#13491),#8818);
#13491 = PRESENTATION_STYLE_ASSIGNMENT((#13492));
#13492 = SURFACE_STYLE_USAGE(.BOTH.,#13493);
#13493 = SURFACE_SIDE_STYLE('',(#13494));
#13494 = SURFACE_STYLE_FILL_AREA(#13495);
#13495 = FILL_AREA_STYLE('',(#13496));
#13496 = FILL_AREA_STYLE_COLOUR('',#12936);
#13497 = STYLED_ITEM('color',(#13498),#8849);
#13498 = PRESENTATION_STYLE_ASSIGNMENT((#13499));
#13499 = SURFACE_STYLE_USAGE(.BOTH.,#13500);
#13500 = SURFACE_SIDE_STYLE('',(#13501));
#13501 = SURFACE_STYLE_FILL_AREA(#13502);
#13502 = FILL_AREA_STYLE('',(#13503));
#13503 = FILL_AREA_STYLE_COLOUR('',#12936);
#13504 = STYLED_ITEM('color',(#13505),#8873);
#13505 = PRESENTATION_STYLE_ASSIGNMENT((#13506));
#13506 = SURFACE_STYLE_USAGE(.BOTH.,#13507);
#13507 = SURFACE_SIDE_STYLE('',(#13508));
#13508 = SURFACE_STYLE_FILL_AREA(#13509);
#13509 = FILL_AREA_STYLE('',(#13510));
#13510 = FILL_AREA_STYLE_COLOUR('',#12936);
#13511 = STYLED_ITEM('color',(#13512),#8897);
#13512 = PRESENTATION_STYLE_ASSIGNMENT((#13513));
#13513 = SURFACE_STYLE_USAGE(.BOTH.,#13514);
#13514 = SURFACE_SIDE_STYLE('',(#13515));
#13515 = SURFACE_STYLE_FILL_AREA(#13516);
#13516 = FILL_AREA_STYLE('',(#13517));
#13517 = FILL_AREA_STYLE_COLOUR('',#12936);
#13518 = STYLED_ITEM('color',(#13519),#8914);
#13519 = PRESENTATION_STYLE_ASSIGNMENT((#13520));
#13520 = SURFACE_STYLE_USAGE(.BOTH.,#13521);
#13521 = SURFACE_SIDE_STYLE('',(#13522));
#13522 = SURFACE_STYLE_FILL_AREA(#13523);
#13523 = FILL_AREA_STYLE('',(#13524));
#13524 = FILL_AREA_STYLE_COLOUR('',#12936);
#13525 = STYLED_ITEM('color',(#13526),#8945);
#13526 = PRESENTATION_STYLE_ASSIGNMENT((#13527));
#13527 = SURFACE_STYLE_USAGE(.BOTH.,#13528);
#13528 = SURFACE_SIDE_STYLE('',(#13529));
#13529 = SURFACE_STYLE_FILL_AREA(#13530);
#13530 = FILL_AREA_STYLE('',(#13531));
#13531 = FILL_AREA_STYLE_COLOUR('',#12936);
#13532 = STYLED_ITEM('color',(#13533),#8969);
#13533 = PRESENTATION_STYLE_ASSIGNMENT((#13534));
#13534 = SURFACE_STYLE_USAGE(.BOTH.,#13535);
#13535 = SURFACE_SIDE_STYLE('',(#13536));
#13536 = SURFACE_STYLE_FILL_AREA(#13537);
#13537 = FILL_AREA_STYLE('',(#13538));
#13538 = FILL_AREA_STYLE_COLOUR('',#12936);
#13539 = STYLED_ITEM('color',(#13540),#8993);
#13540 = PRESENTATION_STYLE_ASSIGNMENT((#13541));
#13541 = SURFACE_STYLE_USAGE(.BOTH.,#13542);
#13542 = SURFACE_SIDE_STYLE('',(#13543));
#13543 = SURFACE_STYLE_FILL_AREA(#13544);
#13544 = FILL_AREA_STYLE('',(#13545));
#13545 = FILL_AREA_STYLE_COLOUR('',#12936);
#13546 = STYLED_ITEM('color',(#13547),#9010);
#13547 = PRESENTATION_STYLE_ASSIGNMENT((#13548));
#13548 = SURFACE_STYLE_USAGE(.BOTH.,#13549);
#13549 = SURFACE_SIDE_STYLE('',(#13550));
#13550 = SURFACE_STYLE_FILL_AREA(#13551);
#13551 = FILL_AREA_STYLE('',(#13552));
#13552 = FILL_AREA_STYLE_COLOUR('',#12936);
#13553 = STYLED_ITEM('color',(#13554),#9041);
#13554 = PRESENTATION_STYLE_ASSIGNMENT((#13555));
#13555 = SURFACE_STYLE_USAGE(.BOTH.,#13556);
#13556 = SURFACE_SIDE_STYLE('',(#13557));
#13557 = SURFACE_STYLE_FILL_AREA(#13558);
#13558 = FILL_AREA_STYLE('',(#13559));
#13559 = FILL_AREA_STYLE_COLOUR('',#12936);
#13560 = STYLED_ITEM('color',(#13561),#9065);
#13561 = PRESENTATION_STYLE_ASSIGNMENT((#13562));
#13562 = SURFACE_STYLE_USAGE(.BOTH.,#13563);
#13563 = SURFACE_SIDE_STYLE('',(#13564));
#13564 = SURFACE_STYLE_FILL_AREA(#13565);
#13565 = FILL_AREA_STYLE('',(#13566));
#13566 = FILL_AREA_STYLE_COLOUR('',#12936);
#13567 = STYLED_ITEM('color',(#13568),#9089);
#13568 = PRESENTATION_STYLE_ASSIGNMENT((#13569));
#13569 = SURFACE_STYLE_USAGE(.BOTH.,#13570);
#13570 = SURFACE_SIDE_STYLE('',(#13571));
#13571 = SURFACE_STYLE_FILL_AREA(#13572);
#13572 = FILL_AREA_STYLE('',(#13573));
#13573 = FILL_AREA_STYLE_COLOUR('',#12936);
#13574 = STYLED_ITEM('color',(#13575),#9106);
#13575 = PRESENTATION_STYLE_ASSIGNMENT((#13576));
#13576 = SURFACE_STYLE_USAGE(.BOTH.,#13577);
#13577 = SURFACE_SIDE_STYLE('',(#13578));
#13578 = SURFACE_STYLE_FILL_AREA(#13579);
#13579 = FILL_AREA_STYLE('',(#13580));
#13580 = FILL_AREA_STYLE_COLOUR('',#12936);
#13581 = STYLED_ITEM('color',(#13582),#9137);
#13582 = PRESENTATION_STYLE_ASSIGNMENT((#13583));
#13583 = SURFACE_STYLE_USAGE(.BOTH.,#13584);
#13584 = SURFACE_SIDE_STYLE('',(#13585));
#13585 = SURFACE_STYLE_FILL_AREA(#13586);
#13586 = FILL_AREA_STYLE('',(#13587));
#13587 = FILL_AREA_STYLE_COLOUR('',#12936);
#13588 = STYLED_ITEM('color',(#13589),#9161);
#13589 = PRESENTATION_STYLE_ASSIGNMENT((#13590));
#13590 = SURFACE_STYLE_USAGE(.BOTH.,#13591);
#13591 = SURFACE_SIDE_STYLE('',(#13592));
#13592 = SURFACE_STYLE_FILL_AREA(#13593);
#13593 = FILL_AREA_STYLE('',(#13594));
#13594 = FILL_AREA_STYLE_COLOUR('',#12936);
#13595 = STYLED_ITEM('color',(#13596),#9185);
#13596 = PRESENTATION_STYLE_ASSIGNMENT((#13597));
#13597 = SURFACE_STYLE_USAGE(.BOTH.,#13598);
#13598 = SURFACE_SIDE_STYLE('',(#13599));
#13599 = SURFACE_STYLE_FILL_AREA(#13600);
#13600 = FILL_AREA_STYLE('',(#13601));
#13601 = FILL_AREA_STYLE_COLOUR('',#12936);
#13602 = STYLED_ITEM('color',(#13603),#9202);
#13603 = PRESENTATION_STYLE_ASSIGNMENT((#13604));
#13604 = SURFACE_STYLE_USAGE(.BOTH.,#13605);
#13605 = SURFACE_SIDE_STYLE('',(#13606));
#13606 = SURFACE_STYLE_FILL_AREA(#13607);
#13607 = FILL_AREA_STYLE('',(#13608));
#13608 = FILL_AREA_STYLE_COLOUR('',#12936);
#13609 = STYLED_ITEM('color',(#13610),#9233);
#13610 = PRESENTATION_STYLE_ASSIGNMENT((#13611));
#13611 = SURFACE_STYLE_USAGE(.BOTH.,#13612);
#13612 = SURFACE_SIDE_STYLE('',(#13613));
#13613 = SURFACE_STYLE_FILL_AREA(#13614);
#13614 = FILL_AREA_STYLE('',(#13615));
#13615 = FILL_AREA_STYLE_COLOUR('',#12936);
#13616 = STYLED_ITEM('color',(#13617),#9257);
#13617 = PRESENTATION_STYLE_ASSIGNMENT((#13618));
#13618 = SURFACE_STYLE_USAGE(.BOTH.,#13619);
#13619 = SURFACE_SIDE_STYLE('',(#13620));
#13620 = SURFACE_STYLE_FILL_AREA(#13621);
#13621 = FILL_AREA_STYLE('',(#13622));
#13622 = FILL_AREA_STYLE_COLOUR('',#12936);
#13623 = STYLED_ITEM('color',(#13624),#9281);
#13624 = PRESENTATION_STYLE_ASSIGNMENT((#13625));
#13625 = SURFACE_STYLE_USAGE(.BOTH.,#13626);
#13626 = SURFACE_SIDE_STYLE('',(#13627));
#13627 = SURFACE_STYLE_FILL_AREA(#13628);
#13628 = FILL_AREA_STYLE('',(#13629));
#13629 = FILL_AREA_STYLE_COLOUR('',#12936);
#13630 = STYLED_ITEM('color',(#13631),#9298);
#13631 = PRESENTATION_STYLE_ASSIGNMENT((#13632));
#13632 = SURFACE_STYLE_USAGE(.BOTH.,#13633);
#13633 = SURFACE_SIDE_STYLE('',(#13634));
#13634 = SURFACE_STYLE_FILL_AREA(#13635);
#13635 = FILL_AREA_STYLE('',(#13636));
#13636 = FILL_AREA_STYLE_COLOUR('',#12936);
#13637 = STYLED_ITEM('color',(#13638),#9329);
#13638 = PRESENTATION_STYLE_ASSIGNMENT((#13639));
#13639 = SURFACE_STYLE_USAGE(.BOTH.,#13640);
#13640 = SURFACE_SIDE_STYLE('',(#13641));
#13641 = SURFACE_STYLE_FILL_AREA(#13642);
#13642 = FILL_AREA_STYLE('',(#13643));
#13643 = FILL_AREA_STYLE_COLOUR('',#12936);
#13644 = STYLED_ITEM('color',(#13645),#9353);
#13645 = PRESENTATION_STYLE_ASSIGNMENT((#13646));
#13646 = SURFACE_STYLE_USAGE(.BOTH.,#13647);
#13647 = SURFACE_SIDE_STYLE('',(#13648));
#13648 = SURFACE_STYLE_FILL_AREA(#13649);
#13649 = FILL_AREA_STYLE('',(#13650));
#13650 = FILL_AREA_STYLE_COLOUR('',#12936);
#13651 = STYLED_ITEM('color',(#13652),#9377);
#13652 = PRESENTATION_STYLE_ASSIGNMENT((#13653));
#13653 = SURFACE_STYLE_USAGE(.BOTH.,#13654);
#13654 = SURFACE_SIDE_STYLE('',(#13655));
#13655 = SURFACE_STYLE_FILL_AREA(#13656);
#13656 = FILL_AREA_STYLE('',(#13657));
#13657 = FILL_AREA_STYLE_COLOUR('',#12936);
#13658 = STYLED_ITEM('color',(#13659),#9394);
#13659 = PRESENTATION_STYLE_ASSIGNMENT((#13660));
#13660 = SURFACE_STYLE_USAGE(.BOTH.,#13661);
#13661 = SURFACE_SIDE_STYLE('',(#13662));
#13662 = SURFACE_STYLE_FILL_AREA(#13663);
#13663 = FILL_AREA_STYLE('',(#13664));
#13664 = FILL_AREA_STYLE_COLOUR('',#12936);
#13665 = STYLED_ITEM('color',(#13666),#9425);
#13666 = PRESENTATION_STYLE_ASSIGNMENT((#13667));
#13667 = SURFACE_STYLE_USAGE(.BOTH.,#13668);
#13668 = SURFACE_SIDE_STYLE('',(#13669));
#13669 = SURFACE_STYLE_FILL_AREA(#13670);
#13670 = FILL_AREA_STYLE('',(#13671));
#13671 = FILL_AREA_STYLE_COLOUR('',#12936);
#13672 = STYLED_ITEM('color',(#13673),#9449);
#13673 = PRESENTATION_STYLE_ASSIGNMENT((#13674));
#13674 = SURFACE_STYLE_USAGE(.BOTH.,#13675);
#13675 = SURFACE_SIDE_STYLE('',(#13676));
#13676 = SURFACE_STYLE_FILL_AREA(#13677);
#13677 = FILL_AREA_STYLE('',(#13678));
#13678 = FILL_AREA_STYLE_COLOUR('',#12936);
#13679 = STYLED_ITEM('color',(#13680),#9473);
#13680 = PRESENTATION_STYLE_ASSIGNMENT((#13681));
#13681 = SURFACE_STYLE_USAGE(.BOTH.,#13682);
#13682 = SURFACE_SIDE_STYLE('',(#13683));
#13683 = SURFACE_STYLE_FILL_AREA(#13684);
#13684 = FILL_AREA_STYLE('',(#13685));
#13685 = FILL_AREA_STYLE_COLOUR('',#12936);
#13686 = STYLED_ITEM('color',(#13687),#9490);
#13687 = PRESENTATION_STYLE_ASSIGNMENT((#13688));
#13688 = SURFACE_STYLE_USAGE(.BOTH.,#13689);
#13689 = SURFACE_SIDE_STYLE('',(#13690));
#13690 = SURFACE_STYLE_FILL_AREA(#13691);
#13691 = FILL_AREA_STYLE('',(#13692));
#13692 = FILL_AREA_STYLE_COLOUR('',#12936);
#13693 = STYLED_ITEM('color',(#13694),#9521);
#13694 = PRESENTATION_STYLE_ASSIGNMENT((#13695));
#13695 = SURFACE_STYLE_USAGE(.BOTH.,#13696);
#13696 = SURFACE_SIDE_STYLE('',(#13697));
#13697 = SURFACE_STYLE_FILL_AREA(#13698);
#13698 = FILL_AREA_STYLE('',(#13699));
#13699 = FILL_AREA_STYLE_COLOUR('',#12936);
#13700 = STYLED_ITEM('color',(#13701),#9545);
#13701 = PRESENTATION_STYLE_ASSIGNMENT((#13702));
#13702 = SURFACE_STYLE_USAGE(.BOTH.,#13703);
#13703 = SURFACE_SIDE_STYLE('',(#13704));
#13704 = SURFACE_STYLE_FILL_AREA(#13705);
#13705 = FILL_AREA_STYLE('',(#13706));
#13706 = FILL_AREA_STYLE_COLOUR('',#12936);
#13707 = STYLED_ITEM('color',(#13708),#9569);
#13708 = PRESENTATION_STYLE_ASSIGNMENT((#13709));
#13709 = SURFACE_STYLE_USAGE(.BOTH.,#13710);
#13710 = SURFACE_SIDE_STYLE('',(#13711));
#13711 = SURFACE_STYLE_FILL_AREA(#13712);
#13712 = FILL_AREA_STYLE('',(#13713));
#13713 = FILL_AREA_STYLE_COLOUR('',#12936);
#13714 = STYLED_ITEM('color',(#13715),#9586);
#13715 = PRESENTATION_STYLE_ASSIGNMENT((#13716));
#13716 = SURFACE_STYLE_USAGE(.BOTH.,#13717);
#13717 = SURFACE_SIDE_STYLE('',(#13718));
#13718 = SURFACE_STYLE_FILL_AREA(#13719);
#13719 = FILL_AREA_STYLE('',(#13720));
#13720 = FILL_AREA_STYLE_COLOUR('',#12936);
#13721 = STYLED_ITEM('color',(#13722),#9617);
#13722 = PRESENTATION_STYLE_ASSIGNMENT((#13723));
#13723 = SURFACE_STYLE_USAGE(.BOTH.,#13724);
#13724 = SURFACE_SIDE_STYLE('',(#13725));
#13725 = SURFACE_STYLE_FILL_AREA(#13726);
#13726 = FILL_AREA_STYLE('',(#13727));
#13727 = FILL_AREA_STYLE_COLOUR('',#12936);
#13728 = STYLED_ITEM('color',(#13729),#9641);
#13729 = PRESENTATION_STYLE_ASSIGNMENT((#13730));
#13730 = SURFACE_STYLE_USAGE(.BOTH.,#13731);
#13731 = SURFACE_SIDE_STYLE('',(#13732));
#13732 = SURFACE_STYLE_FILL_AREA(#13733);
#13733 = FILL_AREA_STYLE('',(#13734));
#13734 = FILL_AREA_STYLE_COLOUR('',#12936);
#13735 = STYLED_ITEM('color',(#13736),#9665);
#13736 = PRESENTATION_STYLE_ASSIGNMENT((#13737));
#13737 = SURFACE_STYLE_USAGE(.BOTH.,#13738);
#13738 = SURFACE_SIDE_STYLE('',(#13739));
#13739 = SURFACE_STYLE_FILL_AREA(#13740);
#13740 = FILL_AREA_STYLE('',(#13741));
#13741 = FILL_AREA_STYLE_COLOUR('',#12936);
#13742 = STYLED_ITEM('color',(#13743),#9682);
#13743 = PRESENTATION_STYLE_ASSIGNMENT((#13744));
#13744 = SURFACE_STYLE_USAGE(.BOTH.,#13745);
#13745 = SURFACE_SIDE_STYLE('',(#13746));
#13746 = SURFACE_STYLE_FILL_AREA(#13747);
#13747 = FILL_AREA_STYLE('',(#13748));
#13748 = FILL_AREA_STYLE_COLOUR('',#12936);
#13749 = STYLED_ITEM('color',(#13750),#9713);
#13750 = PRESENTATION_STYLE_ASSIGNMENT((#13751));
#13751 = SURFACE_STYLE_USAGE(.BOTH.,#13752);
#13752 = SURFACE_SIDE_STYLE('',(#13753));
#13753 = SURFACE_STYLE_FILL_AREA(#13754);
#13754 = FILL_AREA_STYLE('',(#13755));
#13755 = FILL_AREA_STYLE_COLOUR('',#12936);
#13756 = STYLED_ITEM('color',(#13757),#9737);
#13757 = PRESENTATION_STYLE_ASSIGNMENT((#13758));
#13758 = SURFACE_STYLE_USAGE(.BOTH.,#13759);
#13759 = SURFACE_SIDE_STYLE('',(#13760));
#13760 = SURFACE_STYLE_FILL_AREA(#13761);
#13761 = FILL_AREA_STYLE('',(#13762));
#13762 = FILL_AREA_STYLE_COLOUR('',#12936);
#13763 = STYLED_ITEM('color',(#13764),#9761);
#13764 = PRESENTATION_STYLE_ASSIGNMENT((#13765));
#13765 = SURFACE_STYLE_USAGE(.BOTH.,#13766);
#13766 = SURFACE_SIDE_STYLE('',(#13767));
#13767 = SURFACE_STYLE_FILL_AREA(#13768);
#13768 = FILL_AREA_STYLE('',(#13769));
#13769 = FILL_AREA_STYLE_COLOUR('',#12936);
#13770 = STYLED_ITEM('color',(#13771),#9778);
#13771 = PRESENTATION_STYLE_ASSIGNMENT((#13772));
#13772 = SURFACE_STYLE_USAGE(.BOTH.,#13773);
#13773 = SURFACE_SIDE_STYLE('',(#13774));
#13774 = SURFACE_STYLE_FILL_AREA(#13775);
#13775 = FILL_AREA_STYLE('',(#13776));
#13776 = FILL_AREA_STYLE_COLOUR('',#12936);
#13777 = STYLED_ITEM('color',(#13778),#9809);
#13778 = PRESENTATION_STYLE_ASSIGNMENT((#13779));
#13779 = SURFACE_STYLE_USAGE(.BOTH.,#13780);
#13780 = SURFACE_SIDE_STYLE('',(#13781));
#13781 = SURFACE_STYLE_FILL_AREA(#13782);
#13782 = FILL_AREA_STYLE('',(#13783));
#13783 = FILL_AREA_STYLE_COLOUR('',#12936);
#13784 = STYLED_ITEM('color',(#13785),#9833);
#13785 = PRESENTATION_STYLE_ASSIGNMENT((#13786));
#13786 = SURFACE_STYLE_USAGE(.BOTH.,#13787);
#13787 = SURFACE_SIDE_STYLE('',(#13788));
#13788 = SURFACE_STYLE_FILL_AREA(#13789);
#13789 = FILL_AREA_STYLE('',(#13790));
#13790 = FILL_AREA_STYLE_COLOUR('',#12936);
#13791 = STYLED_ITEM('color',(#13792),#9857);
#13792 = PRESENTATION_STYLE_ASSIGNMENT((#13793));
#13793 = SURFACE_STYLE_USAGE(.BOTH.,#13794);
#13794 = SURFACE_SIDE_STYLE('',(#13795));
#13795 = SURFACE_STYLE_FILL_AREA(#13796);
#13796 = FILL_AREA_STYLE('',(#13797));
#13797 = FILL_AREA_STYLE_COLOUR('',#12936);
#13798 = STYLED_ITEM('color',(#13799),#9874);
#13799 = PRESENTATION_STYLE_ASSIGNMENT((#13800));
#13800 = SURFACE_STYLE_USAGE(.BOTH.,#13801);
#13801 = SURFACE_SIDE_STYLE('',(#13802));
#13802 = SURFACE_STYLE_FILL_AREA(#13803);
#13803 = FILL_AREA_STYLE('',(#13804));
#13804 = FILL_AREA_STYLE_COLOUR('',#12936);
#13805 = STYLED_ITEM('color',(#13806),#9905);
#13806 = PRESENTATION_STYLE_ASSIGNMENT((#13807));
#13807 = SURFACE_STYLE_USAGE(.BOTH.,#13808);
#13808 = SURFACE_SIDE_STYLE('',(#13809));
#13809 = SURFACE_STYLE_FILL_AREA(#13810);
#13810 = FILL_AREA_STYLE('',(#13811));
#13811 = FILL_AREA_STYLE_COLOUR('',#12936);
#13812 = STYLED_ITEM('color',(#13813),#9929);
#13813 = PRESENTATION_STYLE_ASSIGNMENT((#13814));
#13814 = SURFACE_STYLE_USAGE(.BOTH.,#13815);
#13815 = SURFACE_SIDE_STYLE('',(#13816));
#13816 = SURFACE_STYLE_FILL_AREA(#13817);
#13817 = FILL_AREA_STYLE('',(#13818));
#13818 = FILL_AREA_STYLE_COLOUR('',#12936);
#13819 = STYLED_ITEM('color',(#13820),#9953);
#13820 = PRESENTATION_STYLE_ASSIGNMENT((#13821));
#13821 = SURFACE_STYLE_USAGE(.BOTH.,#13822);
#13822 = SURFACE_SIDE_STYLE('',(#13823));
#13823 = SURFACE_STYLE_FILL_AREA(#13824);
#13824 = FILL_AREA_STYLE('',(#13825));
#13825 = FILL_AREA_STYLE_COLOUR('',#12936);
#13826 = STYLED_ITEM('color',(#13827),#9970);
#13827 = PRESENTATION_STYLE_ASSIGNMENT((#13828));
#13828 = SURFACE_STYLE_USAGE(.BOTH.,#13829);
#13829 = SURFACE_SIDE_STYLE('',(#13830));
#13830 = SURFACE_STYLE_FILL_AREA(#13831);
#13831 = FILL_AREA_STYLE('',(#13832));
#13832 = FILL_AREA_STYLE_COLOUR('',#12936);
#13833 = STYLED_ITEM('color',(#13834),#10001);
#13834 = PRESENTATION_STYLE_ASSIGNMENT((#13835));
#13835 = SURFACE_STYLE_USAGE(.BOTH.,#13836);
#13836 = SURFACE_SIDE_STYLE('',(#13837));
#13837 = SURFACE_STYLE_FILL_AREA(#13838);
#13838 = FILL_AREA_STYLE('',(#13839));
#13839 = FILL_AREA_STYLE_COLOUR('',#12936);
#13840 = STYLED_ITEM('color',(#13841),#10025);
#13841 = PRESENTATION_STYLE_ASSIGNMENT((#13842));
#13842 = SURFACE_STYLE_USAGE(.BOTH.,#13843);
#13843 = SURFACE_SIDE_STYLE('',(#13844));
#13844 = SURFACE_STYLE_FILL_AREA(#13845);
#13845 = FILL_AREA_STYLE('',(#13846));
#13846 = FILL_AREA_STYLE_COLOUR('',#12936);
#13847 = STYLED_ITEM('color',(#13848),#10049);
#13848 = PRESENTATION_STYLE_ASSIGNMENT((#13849));
#13849 = SURFACE_STYLE_USAGE(.BOTH.,#13850);
#13850 = SURFACE_SIDE_STYLE('',(#13851));
#13851 = SURFACE_STYLE_FILL_AREA(#13852);
#13852 = FILL_AREA_STYLE('',(#13853));
#13853 = FILL_AREA_STYLE_COLOUR('',#12936);
#13854 = STYLED_ITEM('color',(#13855),#10066);
#13855 = PRESENTATION_STYLE_ASSIGNMENT((#13856));
#13856 = SURFACE_STYLE_USAGE(.BOTH.,#13857);
#13857 = SURFACE_SIDE_STYLE('',(#13858));
#13858 = SURFACE_STYLE_FILL_AREA(#13859);
#13859 = FILL_AREA_STYLE('',(#13860));
#13860 = FILL_AREA_STYLE_COLOUR('',#12936);
#13861 = STYLED_ITEM('color',(#13862),#10097);
#13862 = PRESENTATION_STYLE_ASSIGNMENT((#13863));
#13863 = SURFACE_STYLE_USAGE(.BOTH.,#13864);
#13864 = SURFACE_SIDE_STYLE('',(#13865));
#13865 = SURFACE_STYLE_FILL_AREA(#13866);
#13866 = FILL_AREA_STYLE('',(#13867));
#13867 = FILL_AREA_STYLE_COLOUR('',#12936);
#13868 = STYLED_ITEM('color',(#13869),#10121);
#13869 = PRESENTATION_STYLE_ASSIGNMENT((#13870));
#13870 = SURFACE_STYLE_USAGE(.BOTH.,#13871);
#13871 = SURFACE_SIDE_STYLE('',(#13872));
#13872 = SURFACE_STYLE_FILL_AREA(#13873);
#13873 = FILL_AREA_STYLE('',(#13874));
#13874 = FILL_AREA_STYLE_COLOUR('',#12936);
#13875 = STYLED_ITEM('color',(#13876),#10145);
#13876 = PRESENTATION_STYLE_ASSIGNMENT((#13877));
#13877 = SURFACE_STYLE_USAGE(.BOTH.,#13878);
#13878 = SURFACE_SIDE_STYLE('',(#13879));
#13879 = SURFACE_STYLE_FILL_AREA(#13880);
#13880 = FILL_AREA_STYLE('',(#13881));
#13881 = FILL_AREA_STYLE_COLOUR('',#12936);
#13882 = STYLED_ITEM('color',(#13883),#10162);
#13883 = PRESENTATION_STYLE_ASSIGNMENT((#13884));
#13884 = SURFACE_STYLE_USAGE(.BOTH.,#13885);
#13885 = SURFACE_SIDE_STYLE('',(#13886));
#13886 = SURFACE_STYLE_FILL_AREA(#13887);
#13887 = FILL_AREA_STYLE('',(#13888));
#13888 = FILL_AREA_STYLE_COLOUR('',#12936);
#13889 = STYLED_ITEM('color',(#13890),#10193);
#13890 = PRESENTATION_STYLE_ASSIGNMENT((#13891));
#13891 = SURFACE_STYLE_USAGE(.BOTH.,#13892);
#13892 = SURFACE_SIDE_STYLE('',(#13893));
#13893 = SURFACE_STYLE_FILL_AREA(#13894);
#13894 = FILL_AREA_STYLE('',(#13895));
#13895 = FILL_AREA_STYLE_COLOUR('',#12936);
#13896 = STYLED_ITEM('color',(#13897),#10217);
#13897 = PRESENTATION_STYLE_ASSIGNMENT((#13898));
#13898 = SURFACE_STYLE_USAGE(.BOTH.,#13899);
#13899 = SURFACE_SIDE_STYLE('',(#13900));
#13900 = SURFACE_STYLE_FILL_AREA(#13901);
#13901 = FILL_AREA_STYLE('',(#13902));
#13902 = FILL_AREA_STYLE_COLOUR('',#12936);
#13903 = STYLED_ITEM('color',(#13904),#10241);
#13904 = PRESENTATION_STYLE_ASSIGNMENT((#13905));
#13905 = SURFACE_STYLE_USAGE(.BOTH.,#13906);
#13906 = SURFACE_SIDE_STYLE('',(#13907));
#13907 = SURFACE_STYLE_FILL_AREA(#13908);
#13908 = FILL_AREA_STYLE('',(#13909));
#13909 = FILL_AREA_STYLE_COLOUR('',#12936);
#13910 = STYLED_ITEM('color',(#13911),#10258);
#13911 = PRESENTATION_STYLE_ASSIGNMENT((#13912));
#13912 = SURFACE_STYLE_USAGE(.BOTH.,#13913);
#13913 = SURFACE_SIDE_STYLE('',(#13914));
#13914 = SURFACE_STYLE_FILL_AREA(#13915);
#13915 = FILL_AREA_STYLE('',(#13916));
#13916 = FILL_AREA_STYLE_COLOUR('',#12936);
#13917 = STYLED_ITEM('color',(#13918),#10289);
#13918 = PRESENTATION_STYLE_ASSIGNMENT((#13919));
#13919 = SURFACE_STYLE_USAGE(.BOTH.,#13920);
#13920 = SURFACE_SIDE_STYLE('',(#13921));
#13921 = SURFACE_STYLE_FILL_AREA(#13922);
#13922 = FILL_AREA_STYLE('',(#13923));
#13923 = FILL_AREA_STYLE_COLOUR('',#12936);
#13924 = STYLED_ITEM('color',(#13925),#10313);
#13925 = PRESENTATION_STYLE_ASSIGNMENT((#13926));
#13926 = SURFACE_STYLE_USAGE(.BOTH.,#13927);
#13927 = SURFACE_SIDE_STYLE('',(#13928));
#13928 = SURFACE_STYLE_FILL_AREA(#13929);
#13929 = FILL_AREA_STYLE('',(#13930));
#13930 = FILL_AREA_STYLE_COLOUR('',#12936);
#13931 = STYLED_ITEM('color',(#13932),#10337);
#13932 = PRESENTATION_STYLE_ASSIGNMENT((#13933));
#13933 = SURFACE_STYLE_USAGE(.BOTH.,#13934);
#13934 = SURFACE_SIDE_STYLE('',(#13935));
#13935 = SURFACE_STYLE_FILL_AREA(#13936);
#13936 = FILL_AREA_STYLE('',(#13937));
#13937 = FILL_AREA_STYLE_COLOUR('',#12936);
#13938 = STYLED_ITEM('color',(#13939),#10354);
#13939 = PRESENTATION_STYLE_ASSIGNMENT((#13940));
#13940 = SURFACE_STYLE_USAGE(.BOTH.,#13941);
#13941 = SURFACE_SIDE_STYLE('',(#13942));
#13942 = SURFACE_STYLE_FILL_AREA(#13943);
#13943 = FILL_AREA_STYLE('',(#13944));
#13944 = FILL_AREA_STYLE_COLOUR('',#12936);
#13945 = STYLED_ITEM('color',(#13946),#10385);
#13946 = PRESENTATION_STYLE_ASSIGNMENT((#13947));
#13947 = SURFACE_STYLE_USAGE(.BOTH.,#13948);
#13948 = SURFACE_SIDE_STYLE('',(#13949));
#13949 = SURFACE_STYLE_FILL_AREA(#13950);
#13950 = FILL_AREA_STYLE('',(#13951));
#13951 = FILL_AREA_STYLE_COLOUR('',#12936);
#13952 = STYLED_ITEM('color',(#13953),#10409);
#13953 = PRESENTATION_STYLE_ASSIGNMENT((#13954));
#13954 = SURFACE_STYLE_USAGE(.BOTH.,#13955);
#13955 = SURFACE_SIDE_STYLE('',(#13956));
#13956 = SURFACE_STYLE_FILL_AREA(#13957);
#13957 = FILL_AREA_STYLE('',(#13958));
#13958 = FILL_AREA_STYLE_COLOUR('',#12936);
#13959 = STYLED_ITEM('color',(#13960),#10433);
#13960 = PRESENTATION_STYLE_ASSIGNMENT((#13961));
#13961 = SURFACE_STYLE_USAGE(.BOTH.,#13962);
#13962 = SURFACE_SIDE_STYLE('',(#13963));
#13963 = SURFACE_STYLE_FILL_AREA(#13964);
#13964 = FILL_AREA_STYLE('',(#13965));
#13965 = FILL_AREA_STYLE_COLOUR('',#12936);
#13966 = STYLED_ITEM('color',(#13967),#10450);
#13967 = PRESENTATION_STYLE_ASSIGNMENT((#13968));
#13968 = SURFACE_STYLE_USAGE(.BOTH.,#13969);
#13969 = SURFACE_SIDE_STYLE('',(#13970));
#13970 = SURFACE_STYLE_FILL_AREA(#13971);
#13971 = FILL_AREA_STYLE('',(#13972));
#13972 = FILL_AREA_STYLE_COLOUR('',#12936);
#13973 = STYLED_ITEM('color',(#13974),#10481);
#13974 = PRESENTATION_STYLE_ASSIGNMENT((#13975));
#13975 = SURFACE_STYLE_USAGE(.BOTH.,#13976);
#13976 = SURFACE_SIDE_STYLE('',(#13977));
#13977 = SURFACE_STYLE_FILL_AREA(#13978);
#13978 = FILL_AREA_STYLE('',(#13979));
#13979 = FILL_AREA_STYLE_COLOUR('',#12936);
#13980 = STYLED_ITEM('color',(#13981),#10505);
#13981 = PRESENTATION_STYLE_ASSIGNMENT((#13982));
#13982 = SURFACE_STYLE_USAGE(.BOTH.,#13983);
#13983 = SURFACE_SIDE_STYLE('',(#13984));
#13984 = SURFACE_STYLE_FILL_AREA(#13985);
#13985 = FILL_AREA_STYLE('',(#13986));
#13986 = FILL_AREA_STYLE_COLOUR('',#12936);
#13987 = STYLED_ITEM('color',(#13988),#10529);
#13988 = PRESENTATION_STYLE_ASSIGNMENT((#13989));
#13989 = SURFACE_STYLE_USAGE(.BOTH.,#13990);
#13990 = SURFACE_SIDE_STYLE('',(#13991));
#13991 = SURFACE_STYLE_FILL_AREA(#13992);
#13992 = FILL_AREA_STYLE('',(#13993));
#13993 = FILL_AREA_STYLE_COLOUR('',#12936);
#13994 = STYLED_ITEM('color',(#13995),#10546);
#13995 = PRESENTATION_STYLE_ASSIGNMENT((#13996));
#13996 = SURFACE_STYLE_USAGE(.BOTH.,#13997);
#13997 = SURFACE_SIDE_STYLE('',(#13998));
#13998 = SURFACE_STYLE_FILL_AREA(#13999);
#13999 = FILL_AREA_STYLE('',(#14000));
#14000 = FILL_AREA_STYLE_COLOUR('',#12936);
#14001 = STYLED_ITEM('color',(#14002),#10577);
#14002 = PRESENTATION_STYLE_ASSIGNMENT((#14003));
#14003 = SURFACE_STYLE_USAGE(.BOTH.,#14004);
#14004 = SURFACE_SIDE_STYLE('',(#14005));
#14005 = SURFACE_STYLE_FILL_AREA(#14006);
#14006 = FILL_AREA_STYLE('',(#14007));
#14007 = FILL_AREA_STYLE_COLOUR('',#12936);
#14008 = STYLED_ITEM('color',(#14009),#10601);
#14009 = PRESENTATION_STYLE_ASSIGNMENT((#14010));
#14010 = SURFACE_STYLE_USAGE(.BOTH.,#14011);
#14011 = SURFACE_SIDE_STYLE('',(#14012));
#14012 = SURFACE_STYLE_FILL_AREA(#14013);
#14013 = FILL_AREA_STYLE('',(#14014));
#14014 = FILL_AREA_STYLE_COLOUR('',#12936);
#14015 = STYLED_ITEM('color',(#14016),#10625);
#14016 = PRESENTATION_STYLE_ASSIGNMENT((#14017));
#14017 = SURFACE_STYLE_USAGE(.BOTH.,#14018);
#14018 = SURFACE_SIDE_STYLE('',(#14019));
#14019 = SURFACE_STYLE_FILL_AREA(#14020);
#14020 = FILL_AREA_STYLE('',(#14021));
#14021 = FILL_AREA_STYLE_COLOUR('',#12936);
#14022 = STYLED_ITEM('color',(#14023),#10642);
#14023 = PRESENTATION_STYLE_ASSIGNMENT((#14024));
#14024 = SURFACE_STYLE_USAGE(.BOTH.,#14025);
#14025 = SURFACE_SIDE_STYLE('',(#14026));
#14026 = SURFACE_STYLE_FILL_AREA(#14027);
#14027 = FILL_AREA_STYLE('',(#14028));
#14028 = FILL_AREA_STYLE_COLOUR('',#12936);
#14029 = STYLED_ITEM('color',(#14030),#10673);
#14030 = PRESENTATION_STYLE_ASSIGNMENT((#14031));
#14031 = SURFACE_STYLE_USAGE(.BOTH.,#14032);
#14032 = SURFACE_SIDE_STYLE('',(#14033));
#14033 = SURFACE_STYLE_FILL_AREA(#14034);
#14034 = FILL_AREA_STYLE('',(#14035));
#14035 = FILL_AREA_STYLE_COLOUR('',#12936);
#14036 = STYLED_ITEM('color',(#14037),#10697);
#14037 = PRESENTATION_STYLE_ASSIGNMENT((#14038));
#14038 = SURFACE_STYLE_USAGE(.BOTH.,#14039);
#14039 = SURFACE_SIDE_STYLE('',(#14040));
#14040 = SURFACE_STYLE_FILL_AREA(#14041);
#14041 = FILL_AREA_STYLE('',(#14042));
#14042 = FILL_AREA_STYLE_COLOUR('',#12936);
#14043 = STYLED_ITEM('color',(#14044),#10721);
#14044 = PRESENTATION_STYLE_ASSIGNMENT((#14045));
#14045 = SURFACE_STYLE_USAGE(.BOTH.,#14046);
#14046 = SURFACE_SIDE_STYLE('',(#14047));
#14047 = SURFACE_STYLE_FILL_AREA(#14048);
#14048 = FILL_AREA_STYLE('',(#14049));
#14049 = FILL_AREA_STYLE_COLOUR('',#12936);
#14050 = STYLED_ITEM('color',(#14051),#10738);
#14051 = PRESENTATION_STYLE_ASSIGNMENT((#14052));
#14052 = SURFACE_STYLE_USAGE(.BOTH.,#14053);
#14053 = SURFACE_SIDE_STYLE('',(#14054));
#14054 = SURFACE_STYLE_FILL_AREA(#14055);
#14055 = FILL_AREA_STYLE('',(#14056));
#14056 = FILL_AREA_STYLE_COLOUR('',#12936);
#14057 = STYLED_ITEM('color',(#14058),#10750);
#14058 = PRESENTATION_STYLE_ASSIGNMENT((#14059));
#14059 = SURFACE_STYLE_USAGE(.BOTH.,#14060);
#14060 = SURFACE_SIDE_STYLE('',(#14061));
#14061 = SURFACE_STYLE_FILL_AREA(#14062);
#14062 = FILL_AREA_STYLE('',(#14063));
#14063 = FILL_AREA_STYLE_COLOUR('',#12936);
#14064 = STYLED_ITEM('color',(#14065),#10762);
#14065 = PRESENTATION_STYLE_ASSIGNMENT((#14066));
#14066 = SURFACE_STYLE_USAGE(.BOTH.,#14067);
#14067 = SURFACE_SIDE_STYLE('',(#14068));
#14068 = SURFACE_STYLE_FILL_AREA(#14069);
#14069 = FILL_AREA_STYLE('',(#14070));
#14070 = FILL_AREA_STYLE_COLOUR('',#12936);
#14071 = STYLED_ITEM('color',(#14072),#10774);
#14072 = PRESENTATION_STYLE_ASSIGNMENT((#14073));
#14073 = SURFACE_STYLE_USAGE(.BOTH.,#14074);
#14074 = SURFACE_SIDE_STYLE('',(#14075));
#14075 = SURFACE_STYLE_FILL_AREA(#14076);
#14076 = FILL_AREA_STYLE('',(#14077));
#14077 = FILL_AREA_STYLE_COLOUR('',#12936);
#14078 = STYLED_ITEM('color',(#14079),#10786);
#14079 = PRESENTATION_STYLE_ASSIGNMENT((#14080));
#14080 = SURFACE_STYLE_USAGE(.BOTH.,#14081);
#14081 = SURFACE_SIDE_STYLE('',(#14082));
#14082 = SURFACE_STYLE_FILL_AREA(#14083);
#14083 = FILL_AREA_STYLE('',(#14084));
#14084 = FILL_AREA_STYLE_COLOUR('',#12936);
#14085 = STYLED_ITEM('color',(#14086),#10798);
#14086 = PRESENTATION_STYLE_ASSIGNMENT((#14087));
#14087 = SURFACE_STYLE_USAGE(.BOTH.,#14088);
#14088 = SURFACE_SIDE_STYLE('',(#14089));
#14089 = SURFACE_STYLE_FILL_AREA(#14090);
#14090 = FILL_AREA_STYLE('',(#14091));
#14091 = FILL_AREA_STYLE_COLOUR('',#12936);
#14092 = STYLED_ITEM('color',(#14093),#10810);
#14093 = PRESENTATION_STYLE_ASSIGNMENT((#14094));
#14094 = SURFACE_STYLE_USAGE(.BOTH.,#14095);
#14095 = SURFACE_SIDE_STYLE('',(#14096));
#14096 = SURFACE_STYLE_FILL_AREA(#14097);
#14097 = FILL_AREA_STYLE('',(#14098));
#14098 = FILL_AREA_STYLE_COLOUR('',#12936);
#14099 = STYLED_ITEM('color',(#14100),#10822);
#14100 = PRESENTATION_STYLE_ASSIGNMENT((#14101));
#14101 = SURFACE_STYLE_USAGE(.BOTH.,#14102);
#14102 = SURFACE_SIDE_STYLE('',(#14103));
#14103 = SURFACE_STYLE_FILL_AREA(#14104);
#14104 = FILL_AREA_STYLE('',(#14105));
#14105 = FILL_AREA_STYLE_COLOUR('',#12936);
#14106 = STYLED_ITEM('color',(#14107),#10834);
#14107 = PRESENTATION_STYLE_ASSIGNMENT((#14108));
#14108 = SURFACE_STYLE_USAGE(.BOTH.,#14109);
#14109 = SURFACE_SIDE_STYLE('',(#14110));
#14110 = SURFACE_STYLE_FILL_AREA(#14111);
#14111 = FILL_AREA_STYLE('',(#14112));
#14112 = FILL_AREA_STYLE_COLOUR('',#12936);
#14113 = STYLED_ITEM('color',(#14114),#10846);
#14114 = PRESENTATION_STYLE_ASSIGNMENT((#14115));
#14115 = SURFACE_STYLE_USAGE(.BOTH.,#14116);
#14116 = SURFACE_SIDE_STYLE('',(#14117));
#14117 = SURFACE_STYLE_FILL_AREA(#14118);
#14118 = FILL_AREA_STYLE('',(#14119));
#14119 = FILL_AREA_STYLE_COLOUR('',#12936);
#14120 = STYLED_ITEM('color',(#14121),#10858);
#14121 = PRESENTATION_STYLE_ASSIGNMENT((#14122));
#14122 = SURFACE_STYLE_USAGE(.BOTH.,#14123);
#14123 = SURFACE_SIDE_STYLE('',(#14124));
#14124 = SURFACE_STYLE_FILL_AREA(#14125);
#14125 = FILL_AREA_STYLE('',(#14126));
#14126 = FILL_AREA_STYLE_COLOUR('',#12936);
#14127 = STYLED_ITEM('color',(#14128),#10870);
#14128 = PRESENTATION_STYLE_ASSIGNMENT((#14129));
#14129 = SURFACE_STYLE_USAGE(.BOTH.,#14130);
#14130 = SURFACE_SIDE_STYLE('',(#14131));
#14131 = SURFACE_STYLE_FILL_AREA(#14132);
#14132 = FILL_AREA_STYLE('',(#14133));
#14133 = FILL_AREA_STYLE_COLOUR('',#12936);
#14134 = STYLED_ITEM('color',(#14135),#10882);
#14135 = PRESENTATION_STYLE_ASSIGNMENT((#14136));
#14136 = SURFACE_STYLE_USAGE(.BOTH.,#14137);
#14137 = SURFACE_SIDE_STYLE('',(#14138));
#14138 = SURFACE_STYLE_FILL_AREA(#14139);
#14139 = FILL_AREA_STYLE('',(#14140));
#14140 = FILL_AREA_STYLE_COLOUR('',#12936);
#14141 = STYLED_ITEM('color',(#14142),#10894);
#14142 = PRESENTATION_STYLE_ASSIGNMENT((#14143));
#14143 = SURFACE_STYLE_USAGE(.BOTH.,#14144);
#14144 = SURFACE_SIDE_STYLE('',(#14145));
#14145 = SURFACE_STYLE_FILL_AREA(#14146);
#14146 = FILL_AREA_STYLE('',(#14147));
#14147 = FILL_AREA_STYLE_COLOUR('',#12936);
#14148 = STYLED_ITEM('color',(#14149),#10906);
#14149 = PRESENTATION_STYLE_ASSIGNMENT((#14150));
#14150 = SURFACE_STYLE_USAGE(.BOTH.,#14151);
#14151 = SURFACE_SIDE_STYLE('',(#14152));
#14152 = SURFACE_STYLE_FILL_AREA(#14153);
#14153 = FILL_AREA_STYLE('',(#14154));
#14154 = FILL_AREA_STYLE_COLOUR('',#12936);
#14155 = STYLED_ITEM('color',(#14156),#10918);
#14156 = PRESENTATION_STYLE_ASSIGNMENT((#14157));
#14157 = SURFACE_STYLE_USAGE(.BOTH.,#14158);
#14158 = SURFACE_SIDE_STYLE('',(#14159));
#14159 = SURFACE_STYLE_FILL_AREA(#14160);
#14160 = FILL_AREA_STYLE('',(#14161));
#14161 = FILL_AREA_STYLE_COLOUR('',#12936);
#14162 = STYLED_ITEM('color',(#14163),#10930);
#14163 = PRESENTATION_STYLE_ASSIGNMENT((#14164));
#14164 = SURFACE_STYLE_USAGE(.BOTH.,#14165);
#14165 = SURFACE_SIDE_STYLE('',(#14166));
#14166 = SURFACE_STYLE_FILL_AREA(#14167);
#14167 = FILL_AREA_STYLE('',(#14168));
#14168 = FILL_AREA_STYLE_COLOUR('',#12936);
#14169 = STYLED_ITEM('color',(#14170),#10942);
#14170 = PRESENTATION_STYLE_ASSIGNMENT((#14171));
#14171 = SURFACE_STYLE_USAGE(.BOTH.,#14172);
#14172 = SURFACE_SIDE_STYLE('',(#14173));
#14173 = SURFACE_STYLE_FILL_AREA(#14174);
#14174 = FILL_AREA_STYLE('',(#14175));
#14175 = FILL_AREA_STYLE_COLOUR('',#12936);
#14176 = STYLED_ITEM('color',(#14177),#10954);
#14177 = PRESENTATION_STYLE_ASSIGNMENT((#14178));
#14178 = SURFACE_STYLE_USAGE(.BOTH.,#14179);
#14179 = SURFACE_SIDE_STYLE('',(#14180));
#14180 = SURFACE_STYLE_FILL_AREA(#14181);
#14181 = FILL_AREA_STYLE('',(#14182));
#14182 = FILL_AREA_STYLE_COLOUR('',#12936);
#14183 = STYLED_ITEM('color',(#14184),#10966);
#14184 = PRESENTATION_STYLE_ASSIGNMENT((#14185));
#14185 = SURFACE_STYLE_USAGE(.BOTH.,#14186);
#14186 = SURFACE_SIDE_STYLE('',(#14187));
#14187 = SURFACE_STYLE_FILL_AREA(#14188);
#14188 = FILL_AREA_STYLE('',(#14189));
#14189 = FILL_AREA_STYLE_COLOUR('',#12936);
#14190 = MECHANICAL_DESIGN_GEOMETRIC_PRESENTATION_REPRESENTATION('',(
    #14191),#12072);
#14191 = STYLED_ITEM('color',(#14192),#11002);
#14192 = PRESENTATION_STYLE_ASSIGNMENT((#14193));
#14193 = SURFACE_STYLE_USAGE(.BOTH.,#14194);
#14194 = SURFACE_SIDE_STYLE('',(#14195));
#14195 = SURFACE_STYLE_FILL_AREA(#14196);
#14196 = FILL_AREA_STYLE('',(#14197));
#14197 = FILL_AREA_STYLE_COLOUR('',#14198);
#14198 = COLOUR_RGB('',0.66636050991,0.23188084797,0.664006953948);
#14199 = MECHANICAL_DESIGN_GEOMETRIC_PRESENTATION_REPRESENTATION('',(
    #14200,#14208,#14215,#14222,#14229,#14236,#14243,#14250,#14257,
    #14264,#14271,#14278,#14285,#14292,#14299,#14306,#14313,#14320,
    #14327,#14334,#14341,#14348,#14355,#14362,#14369,#14376,#14383,
    #14390,#14397,#14404,#14411,#14418,#14425,#14432,#14439,#14446,
    #14454,#14461,#14468,#14475,#14482,#14489,#14496,#14503,#14510,
    #14517,#14524,#14531,#14538,#14545),#2453);
#14200 = STYLED_ITEM('color',(#14201),#932);
#14201 = PRESENTATION_STYLE_ASSIGNMENT((#14202));
#14202 = SURFACE_STYLE_USAGE(.BOTH.,#14203);
#14203 = SURFACE_SIDE_STYLE('',(#14204));
#14204 = SURFACE_STYLE_FILL_AREA(#14205);
#14205 = FILL_AREA_STYLE('',(#14206));
#14206 = FILL_AREA_STYLE_COLOUR('',#14207);
#14207 = COLOUR_RGB('',0.894999966383,0.890999961016,0.813000030345);
#14208 = STYLED_ITEM('color',(#14209),#972);
#14209 = PRESENTATION_STYLE_ASSIGNMENT((#14210));
#14210 = SURFACE_STYLE_USAGE(.BOTH.,#14211);
#14211 = SURFACE_SIDE_STYLE('',(#14212));
#14212 = SURFACE_STYLE_FILL_AREA(#14213);
#14213 = FILL_AREA_STYLE('',(#14214));
#14214 = FILL_AREA_STYLE_COLOUR('',#14207);
#14215 = STYLED_ITEM('color',(#14216),#1019);
#14216 = PRESENTATION_STYLE_ASSIGNMENT((#14217));
#14217 = SURFACE_STYLE_USAGE(.BOTH.,#14218);
#14218 = SURFACE_SIDE_STYLE('',(#14219));
#14219 = SURFACE_STYLE_FILL_AREA(#14220);
#14220 = FILL_AREA_STYLE('',(#14221));
#14221 = FILL_AREA_STYLE_COLOUR('',#14207);
#14222 = STYLED_ITEM('color',(#14223),#1098);
#14223 = PRESENTATION_STYLE_ASSIGNMENT((#14224));
#14224 = SURFACE_STYLE_USAGE(.BOTH.,#14225);
#14225 = SURFACE_SIDE_STYLE('',(#14226));
#14226 = SURFACE_STYLE_FILL_AREA(#14227);
#14227 = FILL_AREA_STYLE('',(#14228));
#14228 = FILL_AREA_STYLE_COLOUR('',#14207);
#14229 = STYLED_ITEM('color',(#14230),#1122);
#14230 = PRESENTATION_STYLE_ASSIGNMENT((#14231));
#14231 = SURFACE_STYLE_USAGE(.BOTH.,#14232);
#14232 = SURFACE_SIDE_STYLE('',(#14233));
#14233 = SURFACE_STYLE_FILL_AREA(#14234);
#14234 = FILL_AREA_STYLE('',(#14235));
#14235 = FILL_AREA_STYLE_COLOUR('',#14207);
#14236 = STYLED_ITEM('color',(#14237),#1162);
#14237 = PRESENTATION_STYLE_ASSIGNMENT((#14238));
#14238 = SURFACE_STYLE_USAGE(.BOTH.,#14239);
#14239 = SURFACE_SIDE_STYLE('',(#14240));
#14240 = SURFACE_STYLE_FILL_AREA(#14241);
#14241 = FILL_AREA_STYLE('',(#14242));
#14242 = FILL_AREA_STYLE_COLOUR('',#14207);
#14243 = STYLED_ITEM('color',(#14244),#1193);
#14244 = PRESENTATION_STYLE_ASSIGNMENT((#14245));
#14245 = SURFACE_STYLE_USAGE(.BOTH.,#14246);
#14246 = SURFACE_SIDE_STYLE('',(#14247));
#14247 = SURFACE_STYLE_FILL_AREA(#14248);
#14248 = FILL_AREA_STYLE('',(#14249));
#14249 = FILL_AREA_STYLE_COLOUR('',#14207);
#14250 = STYLED_ITEM('color',(#14251),#1210);
#14251 = PRESENTATION_STYLE_ASSIGNMENT((#14252));
#14252 = SURFACE_STYLE_USAGE(.BOTH.,#14253);
#14253 = SURFACE_SIDE_STYLE('',(#14254));
#14254 = SURFACE_STYLE_FILL_AREA(#14255);
#14255 = FILL_AREA_STYLE('',(#14256));
#14256 = FILL_AREA_STYLE_COLOUR('',#12936);
#14257 = STYLED_ITEM('color',(#14258),#1243);
#14258 = PRESENTATION_STYLE_ASSIGNMENT((#14259));
#14259 = SURFACE_STYLE_USAGE(.BOTH.,#14260);
#14260 = SURFACE_SIDE_STYLE('',(#14261));
#14261 = SURFACE_STYLE_FILL_AREA(#14262);
#14262 = FILL_AREA_STYLE('',(#14263));
#14263 = FILL_AREA_STYLE_COLOUR('',#14207);
#14264 = STYLED_ITEM('color',(#14265),#1267);
#14265 = PRESENTATION_STYLE_ASSIGNMENT((#14266));
#14266 = SURFACE_STYLE_USAGE(.BOTH.,#14267);
#14267 = SURFACE_SIDE_STYLE('',(#14268));
#14268 = SURFACE_STYLE_FILL_AREA(#14269);
#14269 = FILL_AREA_STYLE('',(#14270));
#14270 = FILL_AREA_STYLE_COLOUR('',#12936);
#14271 = STYLED_ITEM('color',(#14272),#1334);
#14272 = PRESENTATION_STYLE_ASSIGNMENT((#14273));
#14273 = SURFACE_STYLE_USAGE(.BOTH.,#14274);
#14274 = SURFACE_SIDE_STYLE('',(#14275));
#14275 = SURFACE_STYLE_FILL_AREA(#14276);
#14276 = FILL_AREA_STYLE('',(#14277));
#14277 = FILL_AREA_STYLE_COLOUR('',#14207);
#14278 = STYLED_ITEM('color',(#14279),#1455);
#14279 = PRESENTATION_STYLE_ASSIGNMENT((#14280));
#14280 = SURFACE_STYLE_USAGE(.BOTH.,#14281);
#14281 = SURFACE_SIDE_STYLE('',(#14282));
#14282 = SURFACE_STYLE_FILL_AREA(#14283);
#14283 = FILL_AREA_STYLE('',(#14284));
#14284 = FILL_AREA_STYLE_COLOUR('',#12936);
#14285 = STYLED_ITEM('color',(#14286),#1522);
#14286 = PRESENTATION_STYLE_ASSIGNMENT((#14287));
#14287 = SURFACE_STYLE_USAGE(.BOTH.,#14288);
#14288 = SURFACE_SIDE_STYLE('',(#14289));
#14289 = SURFACE_STYLE_FILL_AREA(#14290);
#14290 = FILL_AREA_STYLE('',(#14291));
#14291 = FILL_AREA_STYLE_COLOUR('',#14207);
#14292 = STYLED_ITEM('color',(#14293),#1546);
#14293 = PRESENTATION_STYLE_ASSIGNMENT((#14294));
#14294 = SURFACE_STYLE_USAGE(.BOTH.,#14295);
#14295 = SURFACE_SIDE_STYLE('',(#14296));
#14296 = SURFACE_STYLE_FILL_AREA(#14297);
#14297 = FILL_AREA_STYLE('',(#14298));
#14298 = FILL_AREA_STYLE_COLOUR('',#14207);
#14299 = STYLED_ITEM('color',(#14300),#1577);
#14300 = PRESENTATION_STYLE_ASSIGNMENT((#14301));
#14301 = SURFACE_STYLE_USAGE(.BOTH.,#14302);
#14302 = SURFACE_SIDE_STYLE('',(#14303));
#14303 = SURFACE_STYLE_FILL_AREA(#14304);
#14304 = FILL_AREA_STYLE('',(#14305));
#14305 = FILL_AREA_STYLE_COLOUR('',#12936);
#14306 = STYLED_ITEM('color',(#14307),#1610);
#14307 = PRESENTATION_STYLE_ASSIGNMENT((#14308));
#14308 = SURFACE_STYLE_USAGE(.BOTH.,#14309);
#14309 = SURFACE_SIDE_STYLE('',(#14310));
#14310 = SURFACE_STYLE_FILL_AREA(#14311);
#14311 = FILL_AREA_STYLE('',(#14312));
#14312 = FILL_AREA_STYLE_COLOUR('',#14207);
#14313 = STYLED_ITEM('color',(#14314),#1666);
#14314 = PRESENTATION_STYLE_ASSIGNMENT((#14315));
#14315 = SURFACE_STYLE_USAGE(.BOTH.,#14316);
#14316 = SURFACE_SIDE_STYLE('',(#14317));
#14317 = SURFACE_STYLE_FILL_AREA(#14318);
#14318 = FILL_AREA_STYLE('',(#14319));
#14319 = FILL_AREA_STYLE_COLOUR('',#12936);
#14320 = STYLED_ITEM('color',(#14321),#1690);
#14321 = PRESENTATION_STYLE_ASSIGNMENT((#14322));
#14322 = SURFACE_STYLE_USAGE(.BOTH.,#14323);
#14323 = SURFACE_SIDE_STYLE('',(#14324));
#14324 = SURFACE_STYLE_FILL_AREA(#14325);
#14325 = FILL_AREA_STYLE('',(#14326));
#14326 = FILL_AREA_STYLE_COLOUR('',#12936);
#14327 = STYLED_ITEM('color',(#14328),#1714);
#14328 = PRESENTATION_STYLE_ASSIGNMENT((#14329));
#14329 = SURFACE_STYLE_USAGE(.BOTH.,#14330);
#14330 = SURFACE_SIDE_STYLE('',(#14331));
#14331 = SURFACE_STYLE_FILL_AREA(#14332);
#14332 = FILL_AREA_STYLE('',(#14333));
#14333 = FILL_AREA_STYLE_COLOUR('',#12936);
#14334 = STYLED_ITEM('color',(#14335),#1738);
#14335 = PRESENTATION_STYLE_ASSIGNMENT((#14336));
#14336 = SURFACE_STYLE_USAGE(.BOTH.,#14337);
#14337 = SURFACE_SIDE_STYLE('',(#14338));
#14338 = SURFACE_STYLE_FILL_AREA(#14339);
#14339 = FILL_AREA_STYLE('',(#14340));
#14340 = FILL_AREA_STYLE_COLOUR('',#12936);
#14341 = STYLED_ITEM('color',(#14342),#1771);
#14342 = PRESENTATION_STYLE_ASSIGNMENT((#14343));
#14343 = SURFACE_STYLE_USAGE(.BOTH.,#14344);
#14344 = SURFACE_SIDE_STYLE('',(#14345));
#14345 = SURFACE_STYLE_FILL_AREA(#14346);
#14346 = FILL_AREA_STYLE('',(#14347));
#14347 = FILL_AREA_STYLE_COLOUR('',#12936);
#14348 = STYLED_ITEM('color',(#14349),#1783);
#14349 = PRESENTATION_STYLE_ASSIGNMENT((#14350));
#14350 = SURFACE_STYLE_USAGE(.BOTH.,#14351);
#14351 = SURFACE_SIDE_STYLE('',(#14352));
#14352 = SURFACE_STYLE_FILL_AREA(#14353);
#14353 = FILL_AREA_STYLE('',(#14354));
#14354 = FILL_AREA_STYLE_COLOUR('',#12936);
#14355 = STYLED_ITEM('color',(#14356),#1846);
#14356 = PRESENTATION_STYLE_ASSIGNMENT((#14357));
#14357 = SURFACE_STYLE_USAGE(.BOTH.,#14358);
#14358 = SURFACE_SIDE_STYLE('',(#14359));
#14359 = SURFACE_STYLE_FILL_AREA(#14360);
#14360 = FILL_AREA_STYLE('',(#14361));
#14361 = FILL_AREA_STYLE_COLOUR('',#12936);
#14362 = STYLED_ITEM('color',(#14363),#1871);
#14363 = PRESENTATION_STYLE_ASSIGNMENT((#14364));
#14364 = SURFACE_STYLE_USAGE(.BOTH.,#14365);
#14365 = SURFACE_SIDE_STYLE('',(#14366));
#14366 = SURFACE_STYLE_FILL_AREA(#14367);
#14367 = FILL_AREA_STYLE('',(#14368));
#14368 = FILL_AREA_STYLE_COLOUR('',#12936);
#14369 = STYLED_ITEM('color',(#14370),#1888);
#14370 = PRESENTATION_STYLE_ASSIGNMENT((#14371));
#14371 = SURFACE_STYLE_USAGE(.BOTH.,#14372);
#14372 = SURFACE_SIDE_STYLE('',(#14373));
#14373 = SURFACE_STYLE_FILL_AREA(#14374);
#14374 = FILL_AREA_STYLE('',(#14375));
#14375 = FILL_AREA_STYLE_COLOUR('',#12936);
#14376 = STYLED_ITEM('color',(#14377),#1912);
#14377 = PRESENTATION_STYLE_ASSIGNMENT((#14378));
#14378 = SURFACE_STYLE_USAGE(.BOTH.,#14379);
#14379 = SURFACE_SIDE_STYLE('',(#14380));
#14380 = SURFACE_STYLE_FILL_AREA(#14381);
#14381 = FILL_AREA_STYLE('',(#14382));
#14382 = FILL_AREA_STYLE_COLOUR('',#12936);
#14383 = STYLED_ITEM('color',(#14384),#1930);
#14384 = PRESENTATION_STYLE_ASSIGNMENT((#14385));
#14385 = SURFACE_STYLE_USAGE(.BOTH.,#14386);
#14386 = SURFACE_SIDE_STYLE('',(#14387));
#14387 = SURFACE_STYLE_FILL_AREA(#14388);
#14388 = FILL_AREA_STYLE('',(#14389));
#14389 = FILL_AREA_STYLE_COLOUR('',#12936);
#14390 = STYLED_ITEM('color',(#14391),#1948);
#14391 = PRESENTATION_STYLE_ASSIGNMENT((#14392));
#14392 = SURFACE_STYLE_USAGE(.BOTH.,#14393);
#14393 = SURFACE_SIDE_STYLE('',(#14394));
#14394 = SURFACE_STYLE_FILL_AREA(#14395);
#14395 = FILL_AREA_STYLE('',(#14396));
#14396 = FILL_AREA_STYLE_COLOUR('',#12936);
#14397 = STYLED_ITEM('color',(#14398),#1966);
#14398 = PRESENTATION_STYLE_ASSIGNMENT((#14399));
#14399 = SURFACE_STYLE_USAGE(.BOTH.,#14400);
#14400 = SURFACE_SIDE_STYLE('',(#14401));
#14401 = SURFACE_STYLE_FILL_AREA(#14402);
#14402 = FILL_AREA_STYLE('',(#14403));
#14403 = FILL_AREA_STYLE_COLOUR('',#12936);
#14404 = STYLED_ITEM('color',(#14405),#1983);
#14405 = PRESENTATION_STYLE_ASSIGNMENT((#14406));
#14406 = SURFACE_STYLE_USAGE(.BOTH.,#14407);
#14407 = SURFACE_SIDE_STYLE('',(#14408));
#14408 = SURFACE_STYLE_FILL_AREA(#14409);
#14409 = FILL_AREA_STYLE('',(#14410));
#14410 = FILL_AREA_STYLE_COLOUR('',#12936);
#14411 = STYLED_ITEM('color',(#14412),#2000);
#14412 = PRESENTATION_STYLE_ASSIGNMENT((#14413));
#14413 = SURFACE_STYLE_USAGE(.BOTH.,#14414);
#14414 = SURFACE_SIDE_STYLE('',(#14415));
#14415 = SURFACE_STYLE_FILL_AREA(#14416);
#14416 = FILL_AREA_STYLE('',(#14417));
#14417 = FILL_AREA_STYLE_COLOUR('',#12936);
#14418 = STYLED_ITEM('color',(#14419),#2031);
#14419 = PRESENTATION_STYLE_ASSIGNMENT((#14420));
#14420 = SURFACE_STYLE_USAGE(.BOTH.,#14421);
#14421 = SURFACE_SIDE_STYLE('',(#14422));
#14422 = SURFACE_STYLE_FILL_AREA(#14423);
#14423 = FILL_AREA_STYLE('',(#14424));
#14424 = FILL_AREA_STYLE_COLOUR('',#12936);
#14425 = STYLED_ITEM('color',(#14426),#2056);
#14426 = PRESENTATION_STYLE_ASSIGNMENT((#14427));
#14427 = SURFACE_STYLE_USAGE(.BOTH.,#14428);
#14428 = SURFACE_SIDE_STYLE('',(#14429));
#14429 = SURFACE_STYLE_FILL_AREA(#14430);
#14430 = FILL_AREA_STYLE('',(#14431));
#14431 = FILL_AREA_STYLE_COLOUR('',#12936);
#14432 = STYLED_ITEM('color',(#14433),#2081);
#14433 = PRESENTATION_STYLE_ASSIGNMENT((#14434));
#14434 = SURFACE_STYLE_USAGE(.BOTH.,#14435);
#14435 = SURFACE_SIDE_STYLE('',(#14436));
#14436 = SURFACE_STYLE_FILL_AREA(#14437);
#14437 = FILL_AREA_STYLE('',(#14438));
#14438 = FILL_AREA_STYLE_COLOUR('',#12936);
#14439 = STYLED_ITEM('color',(#14440),#2105);
#14440 = PRESENTATION_STYLE_ASSIGNMENT((#14441));
#14441 = SURFACE_STYLE_USAGE(.BOTH.,#14442);
#14442 = SURFACE_SIDE_STYLE('',(#14443));
#14443 = SURFACE_STYLE_FILL_AREA(#14444);
#14444 = FILL_AREA_STYLE('',(#14445));
#14445 = FILL_AREA_STYLE_COLOUR('',#12936);
#14446 = STYLED_ITEM('color',(#14447),#2122);
#14447 = PRESENTATION_STYLE_ASSIGNMENT((#14448));
#14448 = SURFACE_STYLE_USAGE(.BOTH.,#14449);
#14449 = SURFACE_SIDE_STYLE('',(#14450));
#14450 = SURFACE_STYLE_FILL_AREA(#14451);
#14451 = FILL_AREA_STYLE('',(#14452));
#14452 = FILL_AREA_STYLE_COLOUR('',#14453);
#14453 = COLOUR_RGB('',0.340000006699,0.68000001254,0.444999988852);
#14454 = STYLED_ITEM('color',(#14455),#2153);
#14455 = PRESENTATION_STYLE_ASSIGNMENT((#14456));
#14456 = SURFACE_STYLE_USAGE(.BOTH.,#14457);
#14457 = SURFACE_SIDE_STYLE('',(#14458));
#14458 = SURFACE_STYLE_FILL_AREA(#14459);
#14459 = FILL_AREA_STYLE('',(#14460));
#14460 = FILL_AREA_STYLE_COLOUR('',#14453);
#14461 = STYLED_ITEM('color',(#14462),#2177);
#14462 = PRESENTATION_STYLE_ASSIGNMENT((#14463));
#14463 = SURFACE_STYLE_USAGE(.BOTH.,#14464);
#14464 = SURFACE_SIDE_STYLE('',(#14465));
#14465 = SURFACE_STYLE_FILL_AREA(#14466);
#14466 = FILL_AREA_STYLE('',(#14467));
#14467 = FILL_AREA_STYLE_COLOUR('',#14453);
#14468 = STYLED_ITEM('color',(#14469),#2194);
#14469 = PRESENTATION_STYLE_ASSIGNMENT((#14470));
#14470 = SURFACE_STYLE_USAGE(.BOTH.,#14471);
#14471 = SURFACE_SIDE_STYLE('',(#14472));
#14472 = SURFACE_STYLE_FILL_AREA(#14473);
#14473 = FILL_AREA_STYLE('',(#14474));
#14474 = FILL_AREA_STYLE_COLOUR('',#12936);
#14475 = STYLED_ITEM('color',(#14476),#2222);
#14476 = PRESENTATION_STYLE_ASSIGNMENT((#14477));
#14477 = SURFACE_STYLE_USAGE(.BOTH.,#14478);
#14478 = SURFACE_SIDE_STYLE('',(#14479));
#14479 = SURFACE_STYLE_FILL_AREA(#14480);
#14480 = FILL_AREA_STYLE('',(#14481));
#14481 = FILL_AREA_STYLE_COLOUR('',#12936);
#14482 = STYLED_ITEM('color',(#14483),#2247);
#14483 = PRESENTATION_STYLE_ASSIGNMENT((#14484));
#14484 = SURFACE_STYLE_USAGE(.BOTH.,#14485);
#14485 = SURFACE_SIDE_STYLE('',(#14486));
#14486 = SURFACE_STYLE_FILL_AREA(#14487);
#14487 = FILL_AREA_STYLE('',(#14488));
#14488 = FILL_AREA_STYLE_COLOUR('',#12936);
#14489 = STYLED_ITEM('color',(#14490),#2271);
#14490 = PRESENTATION_STYLE_ASSIGNMENT((#14491));
#14491 = SURFACE_STYLE_USAGE(.BOTH.,#14492);
#14492 = SURFACE_SIDE_STYLE('',(#14493));
#14493 = SURFACE_STYLE_FILL_AREA(#14494);
#14494 = FILL_AREA_STYLE('',(#14495));
#14495 = FILL_AREA_STYLE_COLOUR('',#12936);
#14496 = STYLED_ITEM('color',(#14497),#2296);
#14497 = PRESENTATION_STYLE_ASSIGNMENT((#14498));
#14498 = SURFACE_STYLE_USAGE(.BOTH.,#14499);
#14499 = SURFACE_SIDE_STYLE('',(#14500));
#14500 = SURFACE_STYLE_FILL_AREA(#14501);
#14501 = FILL_AREA_STYLE('',(#14502));
#14502 = FILL_AREA_STYLE_COLOUR('',#12936);
#14503 = STYLED_ITEM('color',(#14504),#2343);
#14504 = PRESENTATION_STYLE_ASSIGNMENT((#14505));
#14505 = SURFACE_STYLE_USAGE(.BOTH.,#14506);
#14506 = SURFACE_SIDE_STYLE('',(#14507));
#14507 = SURFACE_STYLE_FILL_AREA(#14508);
#14508 = FILL_AREA_STYLE('',(#14509));
#14509 = FILL_AREA_STYLE_COLOUR('',#12936);
#14510 = STYLED_ITEM('color',(#14511),#2360);
#14511 = PRESENTATION_STYLE_ASSIGNMENT((#14512));
#14512 = SURFACE_STYLE_USAGE(.BOTH.,#14513);
#14513 = SURFACE_SIDE_STYLE('',(#14514));
#14514 = SURFACE_STYLE_FILL_AREA(#14515);
#14515 = FILL_AREA_STYLE('',(#14516));
#14516 = FILL_AREA_STYLE_COLOUR('',#12936);
#14517 = STYLED_ITEM('color',(#14518),#2372);
#14518 = PRESENTATION_STYLE_ASSIGNMENT((#14519));
#14519 = SURFACE_STYLE_USAGE(.BOTH.,#14520);
#14520 = SURFACE_SIDE_STYLE('',(#14521));
#14521 = SURFACE_STYLE_FILL_AREA(#14522);
#14522 = FILL_AREA_STYLE('',(#14523));
#14523 = FILL_AREA_STYLE_COLOUR('',#12936);
#14524 = STYLED_ITEM('color',(#14525),#2394);
#14525 = PRESENTATION_STYLE_ASSIGNMENT((#14526));
#14526 = SURFACE_STYLE_USAGE(.BOTH.,#14527);
#14527 = SURFACE_SIDE_STYLE('',(#14528));
#14528 = SURFACE_STYLE_FILL_AREA(#14529);
#14529 = FILL_AREA_STYLE('',(#14530));
#14530 = FILL_AREA_STYLE_COLOUR('',#12936);
#14531 = STYLED_ITEM('color',(#14532),#2406);
#14532 = PRESENTATION_STYLE_ASSIGNMENT((#14533));
#14533 = SURFACE_STYLE_USAGE(.BOTH.,#14534);
#14534 = SURFACE_SIDE_STYLE('',(#14535));
#14535 = SURFACE_STYLE_FILL_AREA(#14536);
#14536 = FILL_AREA_STYLE('',(#14537));
#14537 = FILL_AREA_STYLE_COLOUR('',#12936);
#14538 = STYLED_ITEM('color',(#14539),#2424);
#14539 = PRESENTATION_STYLE_ASSIGNMENT((#14540));
#14540 = SURFACE_STYLE_USAGE(.BOTH.,#14541);
#14541 = SURFACE_SIDE_STYLE('',(#14542));
#14542 = SURFACE_STYLE_FILL_AREA(#14543);
#14543 = FILL_AREA_STYLE('',(#14544));
#14544 = FILL_AREA_STYLE_COLOUR('',#12936);
#14545 = STYLED_ITEM('color',(#14546),#2442);
#14546 = PRESENTATION_STYLE_ASSIGNMENT((#14547));
#14547 = SURFACE_STYLE_USAGE(.BOTH.,#14548);
#14548 = SURFACE_SIDE_STYLE('',(#14549));
#14549 = SURFACE_STYLE_FILL_AREA(#14550);
#14550 = FILL_AREA_STYLE('',(#14551));
#14551 = FILL_AREA_STYLE_COLOUR('',#14453);
#14552 = MECHANICAL_DESIGN_GEOMETRIC_PRESENTATION_REPRESENTATION('',(
    #14553,#14560,#14567,#14574,#14581,#14588,#14595,#14602,#14609,
    #14616,#14623,#14630,#14637,#14644,#14652,#14659,#14666,#14673,
    #14680,#14687,#14694,#14701,#14708,#14715,#14722,#14729),#3262);
#14553 = STYLED_ITEM('color',(#14554),#2474);
#14554 = PRESENTATION_STYLE_ASSIGNMENT((#14555));
#14555 = SURFACE_STYLE_USAGE(.BOTH.,#14556);
#14556 = SURFACE_SIDE_STYLE('',(#14557));
#14557 = SURFACE_STYLE_FILL_AREA(#14558);
#14558 = FILL_AREA_STYLE('',(#14559));
#14559 = FILL_AREA_STYLE_COLOUR('',#12091);
#14560 = STYLED_ITEM('color',(#14561),#2514);
#14561 = PRESENTATION_STYLE_ASSIGNMENT((#14562));
#14562 = SURFACE_STYLE_USAGE(.BOTH.,#14563);
#14563 = SURFACE_SIDE_STYLE('',(#14564));
#14564 = SURFACE_STYLE_FILL_AREA(#14565);
#14565 = FILL_AREA_STYLE('',(#14566));
#14566 = FILL_AREA_STYLE_COLOUR('',#12091);
#14567 = STYLED_ITEM('color',(#14568),#2597);
#14568 = PRESENTATION_STYLE_ASSIGNMENT((#14569));
#14569 = SURFACE_STYLE_USAGE(.BOTH.,#14570);
#14570 = SURFACE_SIDE_STYLE('',(#14571));
#14571 = SURFACE_STYLE_FILL_AREA(#14572);
#14572 = FILL_AREA_STYLE('',(#14573));
#14573 = FILL_AREA_STYLE_COLOUR('',#12091);
#14574 = STYLED_ITEM('color',(#14575),#2622);
#14575 = PRESENTATION_STYLE_ASSIGNMENT((#14576));
#14576 = SURFACE_STYLE_USAGE(.BOTH.,#14577);
#14577 = SURFACE_SIDE_STYLE('',(#14578));
#14578 = SURFACE_STYLE_FILL_AREA(#14579);
#14579 = FILL_AREA_STYLE('',(#14580));
#14580 = FILL_AREA_STYLE_COLOUR('',#12091);
#14581 = STYLED_ITEM('color',(#14582),#2647);
#14582 = PRESENTATION_STYLE_ASSIGNMENT((#14583));
#14583 = SURFACE_STYLE_USAGE(.BOTH.,#14584);
#14584 = SURFACE_SIDE_STYLE('',(#14585));
#14585 = SURFACE_STYLE_FILL_AREA(#14586);
#14586 = FILL_AREA_STYLE('',(#14587));
#14587 = FILL_AREA_STYLE_COLOUR('',#12091);
#14588 = STYLED_ITEM('color',(#14589),#2714);
#14589 = PRESENTATION_STYLE_ASSIGNMENT((#14590));
#14590 = SURFACE_STYLE_USAGE(.BOTH.,#14591);
#14591 = SURFACE_SIDE_STYLE('',(#14592));
#14592 = SURFACE_STYLE_FILL_AREA(#14593);
#14593 = FILL_AREA_STYLE('',(#14594));
#14594 = FILL_AREA_STYLE_COLOUR('',#12091);
#14595 = STYLED_ITEM('color',(#14596),#2731);
#14596 = PRESENTATION_STYLE_ASSIGNMENT((#14597));
#14597 = SURFACE_STYLE_USAGE(.BOTH.,#14598);
#14598 = SURFACE_SIDE_STYLE('',(#14599));
#14599 = SURFACE_STYLE_FILL_AREA(#14600);
#14600 = FILL_AREA_STYLE('',(#14601));
#14601 = FILL_AREA_STYLE_COLOUR('',#12091);
#14602 = STYLED_ITEM('color',(#14603),#2748);
#14603 = PRESENTATION_STYLE_ASSIGNMENT((#14604));
#14604 = SURFACE_STYLE_USAGE(.BOTH.,#14605);
#14605 = SURFACE_SIDE_STYLE('',(#14606));
#14606 = SURFACE_STYLE_FILL_AREA(#14607);
#14607 = FILL_AREA_STYLE('',(#14608));
#14608 = FILL_AREA_STYLE_COLOUR('',#14207);
#14609 = STYLED_ITEM('color',(#14610),#2797);
#14610 = PRESENTATION_STYLE_ASSIGNMENT((#14611));
#14611 = SURFACE_STYLE_USAGE(.BOTH.,#14612);
#14612 = SURFACE_SIDE_STYLE('',(#14613));
#14613 = SURFACE_STYLE_FILL_AREA(#14614);
#14614 = FILL_AREA_STYLE('',(#14615));
#14615 = FILL_AREA_STYLE_COLOUR('',#12091);
#14616 = STYLED_ITEM('color',(#14617),#2814);
#14617 = PRESENTATION_STYLE_ASSIGNMENT((#14618));
#14618 = SURFACE_STYLE_USAGE(.BOTH.,#14619);
#14619 = SURFACE_SIDE_STYLE('',(#14620));
#14620 = SURFACE_STYLE_FILL_AREA(#14621);
#14621 = FILL_AREA_STYLE('',(#14622));
#14622 = FILL_AREA_STYLE_COLOUR('',#12091);
#14623 = STYLED_ITEM('color',(#14624),#2831);
#14624 = PRESENTATION_STYLE_ASSIGNMENT((#14625));
#14625 = SURFACE_STYLE_USAGE(.BOTH.,#14626);
#14626 = SURFACE_SIDE_STYLE('',(#14627));
#14627 = SURFACE_STYLE_FILL_AREA(#14628);
#14628 = FILL_AREA_STYLE('',(#14629));
#14629 = FILL_AREA_STYLE_COLOUR('',#14207);
#14630 = STYLED_ITEM('color',(#14631),#2880);
#14631 = PRESENTATION_STYLE_ASSIGNMENT((#14632));
#14632 = SURFACE_STYLE_USAGE(.BOTH.,#14633);
#14633 = SURFACE_SIDE_STYLE('',(#14634));
#14634 = SURFACE_STYLE_FILL_AREA(#14635);
#14635 = FILL_AREA_STYLE('',(#14636));
#14636 = FILL_AREA_STYLE_COLOUR('',#14207);
#14637 = STYLED_ITEM('color',(#14638),#2897);
#14638 = PRESENTATION_STYLE_ASSIGNMENT((#14639));
#14639 = SURFACE_STYLE_USAGE(.BOTH.,#14640);
#14640 = SURFACE_SIDE_STYLE('',(#14641));
#14641 = SURFACE_STYLE_FILL_AREA(#14642);
#14642 = FILL_AREA_STYLE('',(#14643));
#14643 = FILL_AREA_STYLE_COLOUR('',#12091);
#14644 = STYLED_ITEM('color',(#14645),#2966);
#14645 = PRESENTATION_STYLE_ASSIGNMENT((#14646));
#14646 = SURFACE_STYLE_USAGE(.BOTH.,#14647);
#14647 = SURFACE_SIDE_STYLE('',(#14648));
#14648 = SURFACE_STYLE_FILL_AREA(#14649);
#14649 = FILL_AREA_STYLE('',(#14650));
#14650 = FILL_AREA_STYLE_COLOUR('',#14651);
#14651 = COLOUR_RGB('',8.200000279077E-02,8.600000121357E-02,
  9.399999706163E-02);
#14652 = STYLED_ITEM('color',(#14653),#2997);
#14653 = PRESENTATION_STYLE_ASSIGNMENT((#14654));
#14654 = SURFACE_STYLE_USAGE(.BOTH.,#14655);
#14655 = SURFACE_SIDE_STYLE('',(#14656));
#14656 = SURFACE_STYLE_FILL_AREA(#14657);
#14657 = FILL_AREA_STYLE('',(#14658));
#14658 = FILL_AREA_STYLE_COLOUR('',#14651);
#14659 = STYLED_ITEM('color',(#14660),#3021);
#14660 = PRESENTATION_STYLE_ASSIGNMENT((#14661));
#14661 = SURFACE_STYLE_USAGE(.BOTH.,#14662);
#14662 = SURFACE_SIDE_STYLE('',(#14663));
#14663 = SURFACE_STYLE_FILL_AREA(#14664);
#14664 = FILL_AREA_STYLE('',(#14665));
#14665 = FILL_AREA_STYLE_COLOUR('',#12091);
#14666 = STYLED_ITEM('color',(#14667),#3090);
#14667 = PRESENTATION_STYLE_ASSIGNMENT((#14668));
#14668 = SURFACE_STYLE_USAGE(.BOTH.,#14669);
#14669 = SURFACE_SIDE_STYLE('',(#14670));
#14670 = SURFACE_STYLE_FILL_AREA(#14671);
#14671 = FILL_AREA_STYLE('',(#14672));
#14672 = FILL_AREA_STYLE_COLOUR('',#14651);
#14673 = STYLED_ITEM('color',(#14674),#3114);
#14674 = PRESENTATION_STYLE_ASSIGNMENT((#14675));
#14675 = SURFACE_STYLE_USAGE(.BOTH.,#14676);
#14676 = SURFACE_SIDE_STYLE('',(#14677));
#14677 = SURFACE_STYLE_FILL_AREA(#14678);
#14678 = FILL_AREA_STYLE('',(#14679));
#14679 = FILL_AREA_STYLE_COLOUR('',#12091);
#14680 = STYLED_ITEM('color',(#14681),#3131);
#14681 = PRESENTATION_STYLE_ASSIGNMENT((#14682));
#14682 = SURFACE_STYLE_USAGE(.BOTH.,#14683);
#14683 = SURFACE_SIDE_STYLE('',(#14684));
#14684 = SURFACE_STYLE_FILL_AREA(#14685);
#14685 = FILL_AREA_STYLE('',(#14686));
#14686 = FILL_AREA_STYLE_COLOUR('',#12091);
#14687 = STYLED_ITEM('color',(#14688),#3148);
#14688 = PRESENTATION_STYLE_ASSIGNMENT((#14689));
#14689 = SURFACE_STYLE_USAGE(.BOTH.,#14690);
#14690 = SURFACE_SIDE_STYLE('',(#14691));
#14691 = SURFACE_STYLE_FILL_AREA(#14692);
#14692 = FILL_AREA_STYLE('',(#14693));
#14693 = FILL_AREA_STYLE_COLOUR('',#12091);
#14694 = STYLED_ITEM('color',(#14695),#3165);
#14695 = PRESENTATION_STYLE_ASSIGNMENT((#14696));
#14696 = SURFACE_STYLE_USAGE(.BOTH.,#14697);
#14697 = SURFACE_SIDE_STYLE('',(#14698));
#14698 = SURFACE_STYLE_FILL_AREA(#14699);
#14699 = FILL_AREA_STYLE('',(#14700));
#14700 = FILL_AREA_STYLE_COLOUR('',#12091);
#14701 = STYLED_ITEM('color',(#14702),#3182);
#14702 = PRESENTATION_STYLE_ASSIGNMENT((#14703));
#14703 = SURFACE_STYLE_USAGE(.BOTH.,#14704);
#14704 = SURFACE_SIDE_STYLE('',(#14705));
#14705 = SURFACE_STYLE_FILL_AREA(#14706);
#14706 = FILL_AREA_STYLE('',(#14707));
#14707 = FILL_AREA_STYLE_COLOUR('',#12091);
#14708 = STYLED_ITEM('color',(#14709),#3199);
#14709 = PRESENTATION_STYLE_ASSIGNMENT((#14710));
#14710 = SURFACE_STYLE_USAGE(.BOTH.,#14711);
#14711 = SURFACE_SIDE_STYLE('',(#14712));
#14712 = SURFACE_STYLE_FILL_AREA(#14713);
#14713 = FILL_AREA_STYLE('',(#14714));
#14714 = FILL_AREA_STYLE_COLOUR('',#12091);
#14715 = STYLED_ITEM('color',(#14716),#3216);
#14716 = PRESENTATION_STYLE_ASSIGNMENT((#14717));
#14717 = SURFACE_STYLE_USAGE(.BOTH.,#14718);
#14718 = SURFACE_SIDE_STYLE('',(#14719));
#14719 = SURFACE_STYLE_FILL_AREA(#14720);
#14720 = FILL_AREA_STYLE('',(#14721));
#14721 = FILL_AREA_STYLE_COLOUR('',#12091);
#14722 = STYLED_ITEM('color',(#14723),#3233);
#14723 = PRESENTATION_STYLE_ASSIGNMENT((#14724));
#14724 = SURFACE_STYLE_USAGE(.BOTH.,#14725);
#14725 = SURFACE_SIDE_STYLE('',(#14726));
#14726 = SURFACE_STYLE_FILL_AREA(#14727);
#14727 = FILL_AREA_STYLE('',(#14728));
#14728 = FILL_AREA_STYLE_COLOUR('',#14651);
#14729 = STYLED_ITEM('color',(#14730),#3250);
#14730 = PRESENTATION_STYLE_ASSIGNMENT((#14731));
#14731 = SURFACE_STYLE_USAGE(.BOTH.,#14732);
#14732 = SURFACE_SIDE_STYLE('',(#14733));
#14733 = SURFACE_STYLE_FILL_AREA(#14734);
#14734 = FILL_AREA_STYLE('',(#14735));
#14735 = FILL_AREA_STYLE_COLOUR('',#14651);
ENDSEC;
END-ISO-10303-21;
